-- Stored Procedures

/*
  --------------------------------------------------------------------------------
  Procedure:  sp_InsertLocationDayAndOpen
  
  Purpose:    Inserts rows into tables LocationDay and LocationOpen with test data
              for a single Location.
              
              LocationDay:
              o  The hours a Location is open
              o  There is one record for each Location for each day of the week
              o  A Location can have different operating hours for each day of the week 
              o  See table DayOfWeek
              
              LocationOpen:
              o  Translates the operating hours for a Location for a day into distinct quarter hour segments within the day when the Location is open
              o  This table is used by widget queries for Occupancy, Turnover and Utilization that need to know when a Location is open within any quarter hour segment of the day
  
  Note:       This procedure is for creating test data. 
              It is not intended for use in a production environment.
              
  Useful SQL: SELECT * FROM LocationDay WHERE LocationId = X;
              SELECT * FROM LocationOpen WHERE LocationId = X;
              
              SELECT  L.Id, L.Name, D.Id, D.Name, MIN(QuarterOfDay) AS MinQuarter, MAX(QuarterOfDay) AS MaxQuarter
              FROM    Location L, PPPInfo P, Time T, DayOfWeek D
              WHERE   L.Id = P.PurchaseLocationId
              AND     P.TimeIdLocal = T.Id
              AND     T.DayOfWeek = D.Id
              GROUP BY L.Id, D.Id
              ORDER BY L.Id, D.Id;
  -------------------------------------------------------------------------------- 
*/   
DROP PROCEDURE IF EXISTS sp_InsertLocationDayAndOpen;

delimiter //
CREATE PROCEDURE sp_InsertLocationDayAndOpen (IN Location_Id MEDIUMINT UNSIGNED, IN DayOfWeek_Id TINYINT UNSIGNED, IN OpenQuarterHour_Id TINYINT UNSIGNED, IN CloseQuarterHour_Id TINYINT UNSIGNED, IsOpen24Hours_Id TINYINT UNSIGNED, IsClosed_Id TINYINT UNSIGNED)
BEGIN

    /* INSERT LocationDay */
    INSERT  LocationDay (LocationId, DayOfWeekId, OpenQuarterHourNumber, CloseQuarterHourNumber, IsOpen24Hours, IsClosed, VERSION, LastModifiedGMT, LastModifiedByUserId)
    VALUES  (Location_Id, DayOfWeek_Id, OpenQuarterHour_Id, CloseQuarterHour_Id, IsOpen24Hours_Id, IsClosed_Id, 0, UTC_TIMESTAMP(), 1);
    
    /* INSERT LocationOpen */
    /* If IsClosed_Id = 1 then the Location is not open for that day */
    IF IsClosed_Id = 1 THEN
    
        /* The Location is not open on this day */
        INSERT  LocationOpen (LocationId, DayOfWeekId, QuarterHourId, IsOpen, LastModifiedGMT, LastModifiedByUserId)
        SELECT  Location_Id, DayOfWeek_Id, Id, 0, UTC_TIMESTAMP(), 1
        FROM    QuarterHour;
    
    /* The Location is open for atleast some portion of the day */
    ELSEIF IFNULL(OpenQuarterHour_Id,-1) >= 0 AND IFNULL(CloseQuarterHour_Id,-1) >= 0 AND CloseQuarterHour_Id >= OpenQuarterHour_Id THEN
    
        /* The Location is not open before the Open time */
        INSERT  LocationOpen (LocationId, DayOfWeekId, QuarterHourId, IsOpen, LastModifiedGMT, LastModifiedByUserId)
        SELECT  Location_Id, DayOfWeek_Id, Id, 0, UTC_TIMESTAMP(), 1
        FROM    QuarterHour
        WHERE   Id < OpenQuarterHour_Id;
    
        /* The Location is open between the Open and Close times (inclusive) */
        INSERT  LocationOpen (LocationId, DayOfWeekId, QuarterHourId, IsOpen, LastModifiedGMT, LastModifiedByUserId)
        SELECT  Location_Id, DayOfWeek_Id, Id, 1, UTC_TIMESTAMP(), 1
        FROM    QuarterHour
        WHERE   Id >= OpenQuarterHour_Id
        AND     Id <= CloseQuarterHour_Id;
       
        /* The Location is not open after the Close time */
        INSERT  LocationOpen (LocationId, DayOfWeekId, QuarterHourId, IsOpen, LastModifiedGMT, LastModifiedByUserId)
        SELECT  Location_Id, DayOfWeek_Id, Id, 0, UTC_TIMESTAMP(), 1
        FROM    QuarterHour
        WHERE   Id > CloseQuarterHour_Id;
        
    /* Otherwise, the incoming Open and Close parameters are pad */
    ELSE 
        SELECT 'Error: Invalid values for parameters OpenQuarterHour_Id and CloseQuarterHour_Id.';
    END IF;
    
END//
delimiter ;

-- *** GENERAL PROPERTIES: Verification EMS ***

-- System Notifications

INSERT Notification (Title, Message, MessageURL, BeginGMT, EndGMT, VERSION, LastModifiedGMT, LastModifiedByUserId) VALUES ('EMS 7', 'Welcome to Digital Payment Technologies', 'www.digitalpaytech.com', '2012-01-01', '2012-12-31', 0, UTC_TIMESTAMP(), 1);


-- *** Liza Parking 1 ***
-- Customer
INSERT Customer (CustomerTypeId, CustomerStatusTypeId, ParentCustomerId, Name, IsParent, VERSION, LastModifiedGMT, LastModifiedByUserId) VALUES (2, 1, NULL, 'Liza Parking 1', 1, 0, UTC_TIMESTAMP(), 1);


-- T&C Not Accepted






-- Subscribed Services
INSERT CustomerSubscription (CustomerId, SubscriptionTypeId, IsEnabled, VERSION, LastModifiedGMT, LastModifiedByUserId) VALUES ( (SELECT ID From Customer WHERE Name='Liza Parking 1'), 100, 1, 0, UTC_TIMESTAMP(), 1);
INSERT CustomerSubscription (CustomerId, SubscriptionTypeId, IsEnabled, VERSION, LastModifiedGMT, LastModifiedByUserId) VALUES ( (SELECT ID From Customer WHERE Name='Liza Parking 1'), 200, 1, 0, UTC_TIMESTAMP(), 1);
INSERT CustomerSubscription (CustomerId, SubscriptionTypeId, IsEnabled, VERSION, LastModifiedGMT, LastModifiedByUserId) VALUES ( (SELECT ID From Customer WHERE Name='Liza Parking 1'), 300, 1, 0, UTC_TIMESTAMP(), 1);
INSERT CustomerSubscription (CustomerId, SubscriptionTypeId, IsEnabled, VERSION, LastModifiedGMT, LastModifiedByUserId) VALUES ( (SELECT ID From Customer WHERE Name='Liza Parking 1'), 400, 1, 0, UTC_TIMESTAMP(), 1);
INSERT CustomerSubscription (CustomerId, SubscriptionTypeId, IsEnabled, VERSION, LastModifiedGMT, LastModifiedByUserId) VALUES ( (SELECT ID From Customer WHERE Name='Liza Parking 1'), 500, 1, 0, UTC_TIMESTAMP(), 1);
INSERT CustomerSubscription (CustomerId, SubscriptionTypeId, IsEnabled, VERSION, LastModifiedGMT, LastModifiedByUserId) VALUES ( (SELECT ID From Customer WHERE Name='Liza Parking 1'), 600, 1, 0, UTC_TIMESTAMP(), 1);
INSERT CustomerSubscription (CustomerId, SubscriptionTypeId, IsEnabled, VERSION, LastModifiedGMT, LastModifiedByUserId) VALUES ( (SELECT ID From Customer WHERE Name='Liza Parking 1'), 700, 1, 0, UTC_TIMESTAMP(), 1);
INSERT CustomerSubscription (CustomerId, SubscriptionTypeId, IsEnabled, VERSION, LastModifiedGMT, LastModifiedByUserId) VALUES ( (SELECT ID From Customer WHERE Name='Liza Parking 1'), 800, 1, 0, UTC_TIMESTAMP(), 1);
INSERT CustomerSubscription (CustomerId, SubscriptionTypeId, IsEnabled, VERSION, LastModifiedGMT, LastModifiedByUserId) VALUES ( (SELECT ID From Customer WHERE Name='Liza Parking 1'), 900, 1, 0, UTC_TIMESTAMP(), 1);
INSERT CustomerSubscription (CustomerId, SubscriptionTypeId, IsEnabled, VERSION, LastModifiedGMT, LastModifiedByUserId) VALUES ( (SELECT ID From Customer WHERE Name='Liza Parking 1'), 1000, 1, 0, UTC_TIMESTAMP(), 1);
INSERT CustomerSubscription (CustomerId, SubscriptionTypeId, IsEnabled, VERSION, LastModifiedGMT, LastModifiedByUserId) VALUES ( (SELECT ID From Customer WHERE Name='Liza Parking 1'), 1100, 1, 0, UTC_TIMESTAMP(), 1);
INSERT CustomerSubscription (CustomerId, SubscriptionTypeId, IsEnabled, VERSION, LastModifiedGMT, LastModifiedByUserId) VALUES ( (SELECT ID From Customer WHERE Name='Liza Parking 1'), 1200, 1, 0, UTC_TIMESTAMP(), 1);
INSERT CustomerSubscription (CustomerId, SubscriptionTypeId, IsEnabled, VERSION, LastModifiedGMT, LastModifiedByUserId) VALUES ( (SELECT ID From Customer WHERE Name='Liza Parking 1'), 1600, 1, 0, UTC_TIMESTAMP(), 1);

-- Customer Properties
INSERT CustomerProperty (CustomerId,CustomerPropertyTypeId,PropertyValue,VERSION,LastModifiedGMT,LastModifiedByUserId) VALUES ( (SELECT ID From Customer WHERE Name='Liza Parking 1'), 1, 'US/Pacific' , 0,UTC_TIMESTAMP(),1 );
INSERT CustomerProperty (CustomerId,CustomerPropertyTypeId,PropertyValue,VERSION,LastModifiedGMT,LastModifiedByUserId) VALUES ( (SELECT ID From Customer WHERE Name='Liza Parking 1'), 2, 'Customer' , 0,UTC_TIMESTAMP(),1 );
INSERT CustomerProperty (CustomerId,CustomerPropertyTypeId,PropertyValue,VERSION,LastModifiedGMT,LastModifiedByUserId) VALUES ( (SELECT ID From Customer WHERE Name='Liza Parking 1'), 3, '3' , 0,UTC_TIMESTAMP(),1 );
INSERT CustomerProperty (CustomerId,CustomerPropertyTypeId,PropertyValue,VERSION,LastModifiedGMT,LastModifiedByUserId) VALUES ( (SELECT ID From Customer WHERE Name='Liza Parking 1'), 4, '3' , 0,UTC_TIMESTAMP(),1 );
INSERT CustomerProperty (CustomerId,CustomerPropertyTypeId,PropertyValue,VERSION,LastModifiedGMT,LastModifiedByUserId) VALUES ( (SELECT ID From Customer WHERE Name='Liza Parking 1'), 5, '3' , 0,UTC_TIMESTAMP(),1 );
INSERT CustomerProperty (CustomerId,CustomerPropertyTypeId,PropertyValue,VERSION,LastModifiedGMT,LastModifiedByUserId) VALUES ( (SELECT ID From Customer WHERE Name='Liza Parking 1'), 6, '58' , 0,UTC_TIMESTAMP(),1 );
INSERT CustomerProperty (CustomerId,CustomerPropertyTypeId,PropertyValue,VERSION,LastModifiedGMT,LastModifiedByUserId) VALUES ( (SELECT ID From Customer WHERE Name='Liza Parking 1'), 7, '2' , 0,UTC_TIMESTAMP(),1 );
INSERT CustomerProperty (CustomerId,CustomerPropertyTypeId,PropertyValue,VERSION,LastModifiedGMT,LastModifiedByUserId) VALUES ( (SELECT ID From Customer WHERE Name='Liza Parking 1'), 8, 'no' , 0,UTC_TIMESTAMP(),1 );
INSERT CustomerProperty (CustomerId,CustomerPropertyTypeId,PropertyValue,VERSION,LastModifiedGMT,LastModifiedByUserId) VALUES ( (SELECT ID From Customer WHERE Name='Liza Parking 1'), 9, '47.615777' , 0,UTC_TIMESTAMP(),1 );
INSERT CustomerProperty (CustomerId,CustomerPropertyTypeId,PropertyValue,VERSION,LastModifiedGMT,LastModifiedByUserId) VALUES ( (SELECT ID From Customer WHERE Name='Liza Parking 1'), 10, '-122.204947' , 0,UTC_TIMESTAMP(),1 );

-- Locations


INSERT Location (CustomerId,ParentLocationId,Name,NumberOfSpaces,TargetMonthlyRevenue,Description,IsParent,IsUnassigned,IsDeleted,VERSION,LastModifiedGMT,LastModifiedByUserId) VALUES ((SELECT ID From Customer WHERE Name='Liza Parking 1'),  NULL, 'Unassigned',0,15000,NULL,0,1,0,0,UTC_TIMESTAMP(),1);CALL sp_InsertLocationDayAndOpen( (SELECT Id From Location WHERE Name='Unassigned' AND CustomerId=(SELECT Id From Customer WHERE Name='Liza Parking 1')), 1, 0,95,0,0);CALL sp_InsertLocationDayAndOpen( (SELECT Id From Location WHERE Name='Unassigned' AND CustomerId=(SELECT Id From Customer WHERE Name='Liza Parking 1')), 2, 0,95,0,0);CALL sp_InsertLocationDayAndOpen( (SELECT Id From Location WHERE Name='Unassigned' AND CustomerId=(SELECT Id From Customer WHERE Name='Liza Parking 1')), 3, 0,95,0,0);CALL sp_InsertLocationDayAndOpen( (SELECT Id From Location WHERE Name='Unassigned' AND CustomerId=(SELECT Id From Customer WHERE Name='Liza Parking 1')), 4, 0,95,0,0);CALL sp_InsertLocationDayAndOpen( (SELECT Id From Location WHERE Name='Unassigned' AND CustomerId=(SELECT Id From Customer WHERE Name='Liza Parking 1')), 5, 0,95,0,0);CALL sp_InsertLocationDayAndOpen( (SELECT Id From Location WHERE Name='Unassigned' AND CustomerId=(SELECT Id From Customer WHERE Name='Liza Parking 1')), 6, 0,95,0,0);CALL sp_InsertLocationDayAndOpen( (SELECT Id From Location WHERE Name='Unassigned' AND CustomerId=(SELECT Id From Customer WHERE Name='Liza Parking 1')), 7, 0,95,0,0);




-- Pay Stations





















-- Roles

-- Custom Roles

INSERT Role (CustomerTypeId, RoleStatusTypeId, Name, IsAdmin, IsLocked, ClonedRoleId, VERSION, LastModifiedGMT, LastModifiedByUserId) VALUES (2, 1, 'Regular User Finance', 0, 0, null, 0, UTC_TIMESTAMP(), 1) ;INSERT CustomerRole (CustomerId, RoleId, VERSION, LastModifiedGMT, LastModifiedByUserId) VALUES ( (SELECT Id FROM Customer WHERE Name='Liza Parking 1'), (SELECT LAST_INSERT_ID()), 0, UTC_TIMESTAMP(), 1);


-- Permissions


INSERT RolePermission (RoleId, PermissionId, VERSION, LastModifiedGMT, LastModifiedByUserId) VALUES ( (SELECT r.Id FROM Role r, CustomerRole c WHERE c.RoleID=r.Id AND c.CustomerId=(SELECT Id FROM Customer WHERE Name='Liza Parking 1') AND r.Name='Regular User Finance'), 100, 0, UTC_TIMESTAMP(), 1);




























































-- User Accounts

INSERT CustomerEmail (CustomerId, Email, VERSION, LastModifiedGMT, LastModifiedByUserId) VALUES ( (SELECT Id FROM Customer WHERE Name='Liza Parking 1'),'liza.tikhova@digitalpaytech.com', 0, UTC_TIMESTAMP(), 1);INSERT UserAccount (CustomerId, UserStatusTypeId, UserName, CustomerEmailId, FirstName, LastName, Password, PasswordSalt, IsPasswordTemporary, VERSION, LastModifiedGMT, LastModifiedByUserId) VALUES ( (SELECT Id FROM Customer WHERE Name='Liza Parking 1'), 1, 'Parent+1', (SELECT Id FROM CustomerEmail WHERE Email='liza.tikhova@digitalpaytech.com'), 'Parent', 'Admin', '58ae83e00383273590f96b385ddd700802c3f07d', 'salt', 0, 0, UTC_TIMESTAMP(), 1);INSERT UserDefaultDashboard (UserAccountId, IsDefaultDashboard, VERSION, LastModifiedGMT, LastModifiedByUserId) VALUES ((SELECT Id FROM UserAccount WHERE Username='Parent+1'), 1, 0, UTC_TIMESTAMP(), 1);INSERT UserRole (UserAccountId, RoleId, VERSION, LastModifiedGMT, LastModifiedByUserId) VALUES ((SELECT Id FROM UserAccount WHERE Username='Parent+1'), 2, 0, UTC_TIMESTAMP(), 1);
INSERT CustomerEmail (CustomerId, Email, VERSION, LastModifiedGMT, LastModifiedByUserId) VALUES ( (SELECT Id FROM Customer WHERE Name='Liza Parking 1'),'liza.tikhova2@digitalpaytech.com', 0, UTC_TIMESTAMP(), 1);INSERT UserAccount (CustomerId, UserStatusTypeId, UserName, CustomerEmailId, FirstName, LastName, Password, PasswordSalt, IsPasswordTemporary, VERSION, LastModifiedGMT, LastModifiedByUserId) VALUES ( (SELECT Id FROM Customer WHERE Name='Liza Parking 1'), 1, 'Parent+1+Finance', (SELECT Id FROM CustomerEmail WHERE Email='liza.tikhova2@digitalpaytech.com'), 'Finance', 'Parent 1', '58ae83e00383273590f96b385ddd700802c3f07d', 'salt', 0, 0, UTC_TIMESTAMP(), 1);INSERT UserDefaultDashboard (UserAccountId, IsDefaultDashboard, VERSION, LastModifiedGMT, LastModifiedByUserId) VALUES ((SELECT Id FROM UserAccount WHERE Username='Parent+1+Finance'), 1, 0, UTC_TIMESTAMP(), 1);INSERT UserRole (UserAccountId, RoleId, VERSION, LastModifiedGMT, LastModifiedByUserId) VALUES ((SELECT Id FROM UserAccount WHERE Username='Parent+1+Finance'), (SELECT r.Id FROM Role r, CustomerRole c WHERE c.RoleID=r.Id AND c.CustomerId=(SELECT Id FROM Customer WHERE Name='Liza Parking 1') AND r.Name='Regular User Finance'), 0, UTC_TIMESTAMP(), 1);



-- *** Liza Parking 1 Child 1 ***
-- Customer
INSERT Customer (CustomerTypeId, CustomerStatusTypeId, ParentCustomerId, Name, IsParent, VERSION, LastModifiedGMT, LastModifiedByUserId) VALUES (3, 1, (SELECT Id From (SELECT * FROM Customer) AS x WHERE Name ='Liza Parking 1'), 'Liza Parking 1 Child 1', 0, 0, UTC_TIMESTAMP(), 1);


-- T&C Not Accepted






-- Subscribed Services
INSERT CustomerSubscription (CustomerId, SubscriptionTypeId, IsEnabled, VERSION, LastModifiedGMT, LastModifiedByUserId) VALUES ( (SELECT ID From Customer WHERE Name='Liza Parking 1 Child 1'), 100, 1, 0, UTC_TIMESTAMP(), 1);
INSERT CustomerSubscription (CustomerId, SubscriptionTypeId, IsEnabled, VERSION, LastModifiedGMT, LastModifiedByUserId) VALUES ( (SELECT ID From Customer WHERE Name='Liza Parking 1 Child 1'), 200, 1, 0, UTC_TIMESTAMP(), 1);
INSERT CustomerSubscription (CustomerId, SubscriptionTypeId, IsEnabled, VERSION, LastModifiedGMT, LastModifiedByUserId) VALUES ( (SELECT ID From Customer WHERE Name='Liza Parking 1 Child 1'), 300, 1, 0, UTC_TIMESTAMP(), 1);
INSERT CustomerSubscription (CustomerId, SubscriptionTypeId, IsEnabled, VERSION, LastModifiedGMT, LastModifiedByUserId) VALUES ( (SELECT ID From Customer WHERE Name='Liza Parking 1 Child 1'), 400, 1, 0, UTC_TIMESTAMP(), 1);
INSERT CustomerSubscription (CustomerId, SubscriptionTypeId, IsEnabled, VERSION, LastModifiedGMT, LastModifiedByUserId) VALUES ( (SELECT ID From Customer WHERE Name='Liza Parking 1 Child 1'), 500, 1, 0, UTC_TIMESTAMP(), 1);
INSERT CustomerSubscription (CustomerId, SubscriptionTypeId, IsEnabled, VERSION, LastModifiedGMT, LastModifiedByUserId) VALUES ( (SELECT ID From Customer WHERE Name='Liza Parking 1 Child 1'), 600, 1, 0, UTC_TIMESTAMP(), 1);
INSERT CustomerSubscription (CustomerId, SubscriptionTypeId, IsEnabled, VERSION, LastModifiedGMT, LastModifiedByUserId) VALUES ( (SELECT ID From Customer WHERE Name='Liza Parking 1 Child 1'), 700, 1, 0, UTC_TIMESTAMP(), 1);
INSERT CustomerSubscription (CustomerId, SubscriptionTypeId, IsEnabled, VERSION, LastModifiedGMT, LastModifiedByUserId) VALUES ( (SELECT ID From Customer WHERE Name='Liza Parking 1 Child 1'), 800, 1, 0, UTC_TIMESTAMP(), 1);
INSERT CustomerSubscription (CustomerId, SubscriptionTypeId, IsEnabled, VERSION, LastModifiedGMT, LastModifiedByUserId) VALUES ( (SELECT ID From Customer WHERE Name='Liza Parking 1 Child 1'), 900, 1, 0, UTC_TIMESTAMP(), 1);
INSERT CustomerSubscription (CustomerId, SubscriptionTypeId, IsEnabled, VERSION, LastModifiedGMT, LastModifiedByUserId) VALUES ( (SELECT ID From Customer WHERE Name='Liza Parking 1 Child 1'), 1000, 1, 0, UTC_TIMESTAMP(), 1);
INSERT CustomerSubscription (CustomerId, SubscriptionTypeId, IsEnabled, VERSION, LastModifiedGMT, LastModifiedByUserId) VALUES ( (SELECT ID From Customer WHERE Name='Liza Parking 1 Child 1'), 1100, 1, 0, UTC_TIMESTAMP(), 1);
INSERT CustomerSubscription (CustomerId, SubscriptionTypeId, IsEnabled, VERSION, LastModifiedGMT, LastModifiedByUserId) VALUES ( (SELECT ID From Customer WHERE Name='Liza Parking 1 Child 1'), 1200, 1, 0, UTC_TIMESTAMP(), 1);
INSERT CustomerSubscription (CustomerId, SubscriptionTypeId, IsEnabled, VERSION, LastModifiedGMT, LastModifiedByUserId) VALUES ( (SELECT ID From Customer WHERE Name='Liza Parking 1 Child 1'), 1600, 1, 0, UTC_TIMESTAMP(), 1);

-- Customer Properties
INSERT CustomerProperty (CustomerId,CustomerPropertyTypeId,PropertyValue,VERSION,LastModifiedGMT,LastModifiedByUserId) VALUES ( (SELECT ID From Customer WHERE Name='Liza Parking 1 Child 1'), 1, 'US/Pacific' , 0,UTC_TIMESTAMP(),1 );
INSERT CustomerProperty (CustomerId,CustomerPropertyTypeId,PropertyValue,VERSION,LastModifiedGMT,LastModifiedByUserId) VALUES ( (SELECT ID From Customer WHERE Name='Liza Parking 1 Child 1'), 2, 'Region' , 0,UTC_TIMESTAMP(),1 );
INSERT CustomerProperty (CustomerId,CustomerPropertyTypeId,PropertyValue,VERSION,LastModifiedGMT,LastModifiedByUserId) VALUES ( (SELECT ID From Customer WHERE Name='Liza Parking 1 Child 1'), 3, '5' , 0,UTC_TIMESTAMP(),1 );
INSERT CustomerProperty (CustomerId,CustomerPropertyTypeId,PropertyValue,VERSION,LastModifiedGMT,LastModifiedByUserId) VALUES ( (SELECT ID From Customer WHERE Name='Liza Parking 1 Child 1'), 4, 'on' , 0,UTC_TIMESTAMP(),1 );
INSERT CustomerProperty (CustomerId,CustomerPropertyTypeId,PropertyValue,VERSION,LastModifiedGMT,LastModifiedByUserId) VALUES ( (SELECT ID From Customer WHERE Name='Liza Parking 1 Child 1'), 5, '3' , 0,UTC_TIMESTAMP(),1 );
INSERT CustomerProperty (CustomerId,CustomerPropertyTypeId,PropertyValue,VERSION,LastModifiedGMT,LastModifiedByUserId) VALUES ( (SELECT ID From Customer WHERE Name='Liza Parking 1 Child 1'), 6, '59' , 0,UTC_TIMESTAMP(),1 );
INSERT CustomerProperty (CustomerId,CustomerPropertyTypeId,PropertyValue,VERSION,LastModifiedGMT,LastModifiedByUserId) VALUES ( (SELECT ID From Customer WHERE Name='Liza Parking 1 Child 1'), 7, '?' , 0,UTC_TIMESTAMP(),1 );
INSERT CustomerProperty (CustomerId,CustomerPropertyTypeId,PropertyValue,VERSION,LastModifiedGMT,LastModifiedByUserId) VALUES ( (SELECT ID From Customer WHERE Name='Liza Parking 1 Child 1'), 8, 'no' , 0,UTC_TIMESTAMP(),1 );
INSERT CustomerProperty (CustomerId,CustomerPropertyTypeId,PropertyValue,VERSION,LastModifiedGMT,LastModifiedByUserId) VALUES ( (SELECT ID From Customer WHERE Name='Liza Parking 1 Child 1'), 9, '49.25' , 0,UTC_TIMESTAMP(),1 );
INSERT CustomerProperty (CustomerId,CustomerPropertyTypeId,PropertyValue,VERSION,LastModifiedGMT,LastModifiedByUserId) VALUES ( (SELECT ID From Customer WHERE Name='Liza Parking 1 Child 1'), 10, '-123.133056' , 0,UTC_TIMESTAMP(),1 );

-- Locations


INSERT Location (CustomerId,ParentLocationId,Name,NumberOfSpaces,TargetMonthlyRevenue,Description,IsParent,IsUnassigned,IsDeleted,VERSION,LastModifiedGMT,LastModifiedByUserId) VALUES ((SELECT ID From Customer WHERE Name='Liza Parking 1 Child 1'),  NULL, 'Unassigned',0,0,NULL,0,1,0,0,UTC_TIMESTAMP(),1);CALL sp_InsertLocationDayAndOpen( (SELECT Id From Location WHERE Name='Unassigned' AND CustomerId=(SELECT Id From Customer WHERE Name='Liza Parking 1 Child 1')), 1, 0,95,0,0);CALL sp_InsertLocationDayAndOpen( (SELECT Id From Location WHERE Name='Unassigned' AND CustomerId=(SELECT Id From Customer WHERE Name='Liza Parking 1 Child 1')), 2, 0,95,0,0);CALL sp_InsertLocationDayAndOpen( (SELECT Id From Location WHERE Name='Unassigned' AND CustomerId=(SELECT Id From Customer WHERE Name='Liza Parking 1 Child 1')), 3, 0,95,0,0);CALL sp_InsertLocationDayAndOpen( (SELECT Id From Location WHERE Name='Unassigned' AND CustomerId=(SELECT Id From Customer WHERE Name='Liza Parking 1 Child 1')), 4, 0,95,0,0);CALL sp_InsertLocationDayAndOpen( (SELECT Id From Location WHERE Name='Unassigned' AND CustomerId=(SELECT Id From Customer WHERE Name='Liza Parking 1 Child 1')), 5, 0,95,0,0);CALL sp_InsertLocationDayAndOpen( (SELECT Id From Location WHERE Name='Unassigned' AND CustomerId=(SELECT Id From Customer WHERE Name='Liza Parking 1 Child 1')), 6, 0,95,0,0);CALL sp_InsertLocationDayAndOpen( (SELECT Id From Location WHERE Name='Unassigned' AND CustomerId=(SELECT Id From Customer WHERE Name='Liza Parking 1 Child 1')), 7, 0,95,0,0);
INSERT Location (CustomerId,ParentLocationId,Name,NumberOfSpaces,TargetMonthlyRevenue,Description,IsParent,IsUnassigned,IsDeleted,VERSION,LastModifiedGMT,LastModifiedByUserId) VALUES ((SELECT ID From Customer WHERE Name='Liza Parking 1 Child 1'),  NULL, 'Parent 1',0,25000,'Parent Region no pay stations',0,0,0,0,UTC_TIMESTAMP(),1);CALL sp_InsertLocationDayAndOpen( (SELECT Id From Location WHERE Name='Parent 1' AND CustomerId=(SELECT Id From Customer WHERE Name='Liza Parking 1 Child 1')), 1,0,0,0,1);CALL sp_InsertLocationDayAndOpen( (SELECT Id From Location WHERE Name='Parent 1' AND CustomerId=(SELECT Id From Customer WHERE Name='Liza Parking 1 Child 1')), 2,0,0,0,1);CALL sp_InsertLocationDayAndOpen( (SELECT Id From Location WHERE Name='Parent 1' AND CustomerId=(SELECT Id From Customer WHERE Name='Liza Parking 1 Child 1')), 3,0,0,0,1);CALL sp_InsertLocationDayAndOpen( (SELECT Id From Location WHERE Name='Parent 1' AND CustomerId=(SELECT Id From Customer WHERE Name='Liza Parking 1 Child 1')), 4,0,0,0,1);CALL sp_InsertLocationDayAndOpen( (SELECT Id From Location WHERE Name='Parent 1' AND CustomerId=(SELECT Id From Customer WHERE Name='Liza Parking 1 Child 1')), 5,0,0,0,1);CALL sp_InsertLocationDayAndOpen( (SELECT Id From Location WHERE Name='Parent 1' AND CustomerId=(SELECT Id From Customer WHERE Name='Liza Parking 1 Child 1')), 6,0,0,0,1);CALL sp_InsertLocationDayAndOpen( (SELECT Id From Location WHERE Name='Parent 1' AND CustomerId=(SELECT Id From Customer WHERE Name='Liza Parking 1 Child 1')), 7,0,0,0,1);
INSERT Location (CustomerId,ParentLocationId,Name,NumberOfSpaces,TargetMonthlyRevenue,Description,IsParent,IsUnassigned,IsDeleted,VERSION,LastModifiedGMT,LastModifiedByUserId) VALUES ((SELECT ID From Customer WHERE Name='Liza Parking 1 Child 1'),  (SELECT Id From (SELECT * FROM Location) AS x WHERE Name='Parent 1' AND CustomerId=(SELECT ID From Customer WHERE Name='Liza Parking 1 Child 1')),'Child 1',360,10000,'Child 1 with 10 pay stations',1,0,0,0,UTC_TIMESTAMP(),1);CALL sp_InsertLocationDayAndOpen( (SELECT Id From Location WHERE Name='Child 1' AND CustomerId=(SELECT Id From Customer WHERE Name='Liza Parking 1 Child 1')), 1, 32,95,0,0);CALL sp_InsertLocationDayAndOpen( (SELECT Id From Location WHERE Name='Child 1' AND CustomerId=(SELECT Id From Customer WHERE Name='Liza Parking 1 Child 1')), 2, 24,76,0,0);CALL sp_InsertLocationDayAndOpen( (SELECT Id From Location WHERE Name='Child 1' AND CustomerId=(SELECT Id From Customer WHERE Name='Liza Parking 1 Child 1')), 3, 24,76,0,0);CALL sp_InsertLocationDayAndOpen( (SELECT Id From Location WHERE Name='Child 1' AND CustomerId=(SELECT Id From Customer WHERE Name='Liza Parking 1 Child 1')), 4, 24,76,0,0);CALL sp_InsertLocationDayAndOpen( (SELECT Id From Location WHERE Name='Child 1' AND CustomerId=(SELECT Id From Customer WHERE Name='Liza Parking 1 Child 1')), 5, 24,76,0,0);CALL sp_InsertLocationDayAndOpen( (SELECT Id From Location WHERE Name='Child 1' AND CustomerId=(SELECT Id From Customer WHERE Name='Liza Parking 1 Child 1')), 6, 24,76,0,0);CALL sp_InsertLocationDayAndOpen( (SELECT Id From Location WHERE Name='Child 1' AND CustomerId=(SELECT Id From Customer WHERE Name='Liza Parking 1 Child 1')), 7, 32,95,0,0);
INSERT Location (CustomerId,ParentLocationId,Name,NumberOfSpaces,TargetMonthlyRevenue,Description,IsParent,IsUnassigned,IsDeleted,VERSION,LastModifiedGMT,LastModifiedByUserId) VALUES ((SELECT ID From Customer WHERE Name='Liza Parking 1 Child 1'),  (SELECT Id From (SELECT * FROM Location) AS x WHERE Name='Parent 1' AND CustomerId=(SELECT ID From Customer WHERE Name='Liza Parking 1 Child 1')),'Child 2',250,15000,'Child 2 with 15 pay stations',1,0,0,0,UTC_TIMESTAMP(),1);CALL sp_InsertLocationDayAndOpen( (SELECT Id From Location WHERE Name='Child 2' AND CustomerId=(SELECT Id From Customer WHERE Name='Liza Parking 1 Child 1')), 1, 32,95,0,0);CALL sp_InsertLocationDayAndOpen( (SELECT Id From Location WHERE Name='Child 2' AND CustomerId=(SELECT Id From Customer WHERE Name='Liza Parking 1 Child 1')), 2, 24,76,0,0);CALL sp_InsertLocationDayAndOpen( (SELECT Id From Location WHERE Name='Child 2' AND CustomerId=(SELECT Id From Customer WHERE Name='Liza Parking 1 Child 1')), 3, 24,76,0,0);CALL sp_InsertLocationDayAndOpen( (SELECT Id From Location WHERE Name='Child 2' AND CustomerId=(SELECT Id From Customer WHERE Name='Liza Parking 1 Child 1')), 4, 24,76,0,0);CALL sp_InsertLocationDayAndOpen( (SELECT Id From Location WHERE Name='Child 2' AND CustomerId=(SELECT Id From Customer WHERE Name='Liza Parking 1 Child 1')), 5, 24,76,0,0);CALL sp_InsertLocationDayAndOpen( (SELECT Id From Location WHERE Name='Child 2' AND CustomerId=(SELECT Id From Customer WHERE Name='Liza Parking 1 Child 1')), 6, 24,76,0,0);CALL sp_InsertLocationDayAndOpen( (SELECT Id From Location WHERE Name='Child 2' AND CustomerId=(SELECT Id From Customer WHERE Name='Liza Parking 1 Child 1')), 7, 32,95,0,0);
INSERT Location (CustomerId,ParentLocationId,Name,NumberOfSpaces,TargetMonthlyRevenue,Description,IsParent,IsUnassigned,IsDeleted,VERSION,LastModifiedGMT,LastModifiedByUserId) VALUES ((SELECT ID From Customer WHERE Name='Liza Parking 1 Child 1'),  NULL, 'Parent 2',0,29000,'Parent Region no pay stations',0,0,0,0,UTC_TIMESTAMP(),1);CALL sp_InsertLocationDayAndOpen( (SELECT Id From Location WHERE Name='Parent 2' AND CustomerId=(SELECT Id From Customer WHERE Name='Liza Parking 1 Child 1')), 1,0,0,0,1);CALL sp_InsertLocationDayAndOpen( (SELECT Id From Location WHERE Name='Parent 2' AND CustomerId=(SELECT Id From Customer WHERE Name='Liza Parking 1 Child 1')), 2,0,0,0,1);CALL sp_InsertLocationDayAndOpen( (SELECT Id From Location WHERE Name='Parent 2' AND CustomerId=(SELECT Id From Customer WHERE Name='Liza Parking 1 Child 1')), 3,0,0,0,1);CALL sp_InsertLocationDayAndOpen( (SELECT Id From Location WHERE Name='Parent 2' AND CustomerId=(SELECT Id From Customer WHERE Name='Liza Parking 1 Child 1')), 4,0,0,0,1);CALL sp_InsertLocationDayAndOpen( (SELECT Id From Location WHERE Name='Parent 2' AND CustomerId=(SELECT Id From Customer WHERE Name='Liza Parking 1 Child 1')), 5,0,0,0,1);CALL sp_InsertLocationDayAndOpen( (SELECT Id From Location WHERE Name='Parent 2' AND CustomerId=(SELECT Id From Customer WHERE Name='Liza Parking 1 Child 1')), 6,0,0,0,1);CALL sp_InsertLocationDayAndOpen( (SELECT Id From Location WHERE Name='Parent 2' AND CustomerId=(SELECT Id From Customer WHERE Name='Liza Parking 1 Child 1')), 7,0,0,0,1);
INSERT Location (CustomerId,ParentLocationId,Name,NumberOfSpaces,TargetMonthlyRevenue,Description,IsParent,IsUnassigned,IsDeleted,VERSION,LastModifiedGMT,LastModifiedByUserId) VALUES ((SELECT ID From Customer WHERE Name='Liza Parking 1 Child 1'),  (SELECT Id From (SELECT * FROM Location) AS x WHERE Name='Parent 2' AND CustomerId=(SELECT ID From Customer WHERE Name='Liza Parking 1 Child 1')),'Child 3',350,9000,'Child region  with 2 pay stations ',1,0,1,0,UTC_TIMESTAMP(),1);CALL sp_InsertLocationDayAndOpen( (SELECT Id From Location WHERE Name='Child 3' AND CustomerId=(SELECT Id From Customer WHERE Name='Liza Parking 1 Child 1')), 1, 32,95,0,0);CALL sp_InsertLocationDayAndOpen( (SELECT Id From Location WHERE Name='Child 3' AND CustomerId=(SELECT Id From Customer WHERE Name='Liza Parking 1 Child 1')), 2, 24,76,0,0);CALL sp_InsertLocationDayAndOpen( (SELECT Id From Location WHERE Name='Child 3' AND CustomerId=(SELECT Id From Customer WHERE Name='Liza Parking 1 Child 1')), 3, 24,76,0,0);CALL sp_InsertLocationDayAndOpen( (SELECT Id From Location WHERE Name='Child 3' AND CustomerId=(SELECT Id From Customer WHERE Name='Liza Parking 1 Child 1')), 4, 24,76,0,0);CALL sp_InsertLocationDayAndOpen( (SELECT Id From Location WHERE Name='Child 3' AND CustomerId=(SELECT Id From Customer WHERE Name='Liza Parking 1 Child 1')), 5, 24,76,0,0);CALL sp_InsertLocationDayAndOpen( (SELECT Id From Location WHERE Name='Child 3' AND CustomerId=(SELECT Id From Customer WHERE Name='Liza Parking 1 Child 1')), 6, 24,76,0,0);CALL sp_InsertLocationDayAndOpen( (SELECT Id From Location WHERE Name='Child 3' AND CustomerId=(SELECT Id From Customer WHERE Name='Liza Parking 1 Child 1')), 7, 32,95,0,0);
INSERT Location (CustomerId,ParentLocationId,Name,NumberOfSpaces,TargetMonthlyRevenue,Description,IsParent,IsUnassigned,IsDeleted,VERSION,LastModifiedGMT,LastModifiedByUserId) VALUES ((SELECT ID From Customer WHERE Name='Liza Parking 1 Child 1'),  (SELECT Id From (SELECT * FROM Location) AS x WHERE Name='Parent 2' AND CustomerId=(SELECT ID From Customer WHERE Name='Liza Parking 1 Child 1')),'Child 4',250,20000,'Child region  with 3 pay stations ',1,0,1,0,UTC_TIMESTAMP(),1);CALL sp_InsertLocationDayAndOpen( (SELECT Id From Location WHERE Name='Child 4' AND CustomerId=(SELECT Id From Customer WHERE Name='Liza Parking 1 Child 1')), 1, 32,95,0,0);CALL sp_InsertLocationDayAndOpen( (SELECT Id From Location WHERE Name='Child 4' AND CustomerId=(SELECT Id From Customer WHERE Name='Liza Parking 1 Child 1')), 2, 24,76,0,0);CALL sp_InsertLocationDayAndOpen( (SELECT Id From Location WHERE Name='Child 4' AND CustomerId=(SELECT Id From Customer WHERE Name='Liza Parking 1 Child 1')), 3, 24,76,0,0);CALL sp_InsertLocationDayAndOpen( (SELECT Id From Location WHERE Name='Child 4' AND CustomerId=(SELECT Id From Customer WHERE Name='Liza Parking 1 Child 1')), 4, 24,76,0,0);CALL sp_InsertLocationDayAndOpen( (SELECT Id From Location WHERE Name='Child 4' AND CustomerId=(SELECT Id From Customer WHERE Name='Liza Parking 1 Child 1')), 5, 24,76,0,0);CALL sp_InsertLocationDayAndOpen( (SELECT Id From Location WHERE Name='Child 4' AND CustomerId=(SELECT Id From Customer WHERE Name='Liza Parking 1 Child 1')), 6, 24,76,0,0);CALL sp_InsertLocationDayAndOpen( (SELECT Id From Location WHERE Name='Child 4' AND CustomerId=(SELECT Id From Customer WHERE Name='Liza Parking 1 Child 1')), 7, 32,95,0,0);




-- Pay Stations

INSERT Paystation (PaystationTypeId,ModemTypeId,SerialNumber,IsDeleted,VERSION,LastModifiedGMT,LastModifiedByUserId) VALUES (2, 4, '333322221109', 1, 0, UTC_TIMESTAMP(), 1);INSERT PointOfSale (CustomerId,PaystationId,LocationId,PointOfSaleTypeId,Name,SerialNumber,ProvisionedGMT,Latitude,Longitude,AltitudeOrLevel,VERSION,LastModifiedGMT,LastModifiedByUserId) VALUES ((SELECT Id FROM Customer WHERE Name='Liza Parking 1 Child 1'),(SELECT Id FROM Paystation WHERE SerialNumber='333322221109'),(SELECT Id FROM Location WHERE Name='Unassigned' AND CustomerId=(SELECT Id FROM Customer WHERE Name='Liza Parking 1 Child 1')),1,'Test Machine 1','333322221109',UTC_TIMESTAMP(),0,0,0,0,UTC_TIMESTAMP(),1);INSERT POSHeartbeat (PointOfSaleId, LastHeartbeatGMT) VALUES ((SELECT Id FROM PointOfSale WHERE (CustomerID = (SELECT Id FROM Customer WHERE Name='Liza Parking 1 Child 1') AND PaystationId=(SELECT Id FROM Paystation WHERE SerialNumber='333322221109'))),'2012-11-15 13:01:53');INSERT POSBalance (PointOfSaleId ,CollectionLockId ,ClusterId ,PrevCollectionLockId ,PrevPrevCollectionLockId ,CashAmount ,CoinCount ,CoinAmount ,BillCount ,BillAmount ,UnsettledCreditCardCount ,UnsettledCreditCardAmount ,TotalAmount ,LastCashCollectionGMT ,LastCoinCollectionGMT ,LastBillCollectionGMT ,LastCardCollectionGMT ,LastRecalcGMT  ,CollectionRecalcGMT ,CollectionRecalcTransactions ,HasRecentCollection ,IsRecalcable ,LastCollectionTypeId ,NextRecalcGMT) VALUES       ((SELECT Id FROM PointOfSale WHERE (CustomerID = (SELECT Id FROM Customer WHERE Name='Liza Parking 1 Child 1') AND PaystationId=(SELECT Id FROM Paystation WHERE SerialNumber='333322221109'))),NULL,NULL,NULL,NULL,0,0,0,0,0,0,0,0,UTC_TIMESTAMP(),UTC_TIMESTAMP(),UTC_TIMESTAMP() ,UTC_TIMESTAMP(),UTC_TIMESTAMP(),UTC_TIMESTAMP(),0,0,0,0,UTC_TIMESTAMP());
INSERT Paystation (PaystationTypeId,ModemTypeId,SerialNumber,IsDeleted,VERSION,LastModifiedGMT,LastModifiedByUserId) VALUES (2, 4, '333322221110', 1, 0, UTC_TIMESTAMP(), 1);INSERT PointOfSale (CustomerId,PaystationId,LocationId,PointOfSaleTypeId,Name,SerialNumber,ProvisionedGMT,Latitude,Longitude,AltitudeOrLevel,VERSION,LastModifiedGMT,LastModifiedByUserId) VALUES ((SELECT Id FROM Customer WHERE Name='Liza Parking 1 Child 1'),(SELECT Id FROM Paystation WHERE SerialNumber='333322221110'),(SELECT Id FROM Location WHERE Name='Unassigned' AND CustomerId=(SELECT Id FROM Customer WHERE Name='Liza Parking 1 Child 1')),1,'Test Machine 2','333322221110',UTC_TIMESTAMP(),0,0,0,0,UTC_TIMESTAMP(),1);INSERT POSHeartbeat (PointOfSaleId, LastHeartbeatGMT) VALUES ((SELECT Id FROM PointOfSale WHERE (CustomerID = (SELECT Id FROM Customer WHERE Name='Liza Parking 1 Child 1') AND PaystationId=(SELECT Id FROM Paystation WHERE SerialNumber='333322221110'))),'2012-11-15 13:01:53');INSERT POSBalance (PointOfSaleId ,CollectionLockId ,ClusterId ,PrevCollectionLockId ,PrevPrevCollectionLockId ,CashAmount ,CoinCount ,CoinAmount ,BillCount ,BillAmount ,UnsettledCreditCardCount ,UnsettledCreditCardAmount ,TotalAmount ,LastCashCollectionGMT ,LastCoinCollectionGMT ,LastBillCollectionGMT ,LastCardCollectionGMT ,LastRecalcGMT  ,CollectionRecalcGMT ,CollectionRecalcTransactions ,HasRecentCollection ,IsRecalcable ,LastCollectionTypeId ,NextRecalcGMT) VALUES       ((SELECT Id FROM PointOfSale WHERE (CustomerID = (SELECT Id FROM Customer WHERE Name='Liza Parking 1 Child 1') AND PaystationId=(SELECT Id FROM Paystation WHERE SerialNumber='333322221110'))),NULL,NULL,NULL,NULL,0,0,0,0,0,0,0,0,UTC_TIMESTAMP(),UTC_TIMESTAMP(),UTC_TIMESTAMP() ,UTC_TIMESTAMP(),UTC_TIMESTAMP(),UTC_TIMESTAMP(),0,0,0,0,UTC_TIMESTAMP());
INSERT Paystation (PaystationTypeId,ModemTypeId,SerialNumber,IsDeleted,VERSION,LastModifiedGMT,LastModifiedByUserId) VALUES (2, 4, '333322221111', 1, 0, UTC_TIMESTAMP(), 1);INSERT PointOfSale (CustomerId,PaystationId,LocationId,PointOfSaleTypeId,Name,SerialNumber,ProvisionedGMT,Latitude,Longitude,AltitudeOrLevel,VERSION,LastModifiedGMT,LastModifiedByUserId) VALUES ((SELECT Id FROM Customer WHERE Name='Liza Parking 1 Child 1'),(SELECT Id FROM Paystation WHERE SerialNumber='333322221111'),(SELECT Id FROM Location WHERE Name='Unassigned' AND CustomerId=(SELECT Id FROM Customer WHERE Name='Liza Parking 1 Child 1')),1,'Test Machine 3','333322221111',UTC_TIMESTAMP(),0,0,0,0,UTC_TIMESTAMP(),1);INSERT POSHeartbeat (PointOfSaleId, LastHeartbeatGMT) VALUES ((SELECT Id FROM PointOfSale WHERE (CustomerID = (SELECT Id FROM Customer WHERE Name='Liza Parking 1 Child 1') AND PaystationId=(SELECT Id FROM Paystation WHERE SerialNumber='333322221111'))),'2012-11-15 13:01:53');INSERT POSBalance (PointOfSaleId ,CollectionLockId ,ClusterId ,PrevCollectionLockId ,PrevPrevCollectionLockId ,CashAmount ,CoinCount ,CoinAmount ,BillCount ,BillAmount ,UnsettledCreditCardCount ,UnsettledCreditCardAmount ,TotalAmount ,LastCashCollectionGMT ,LastCoinCollectionGMT ,LastBillCollectionGMT ,LastCardCollectionGMT ,LastRecalcGMT  ,CollectionRecalcGMT ,CollectionRecalcTransactions ,HasRecentCollection ,IsRecalcable ,LastCollectionTypeId ,NextRecalcGMT) VALUES       ((SELECT Id FROM PointOfSale WHERE (CustomerID = (SELECT Id FROM Customer WHERE Name='Liza Parking 1 Child 1') AND PaystationId=(SELECT Id FROM Paystation WHERE SerialNumber='333322221111'))),NULL,NULL,NULL,NULL,0,0,0,0,0,0,0,0,UTC_TIMESTAMP(),UTC_TIMESTAMP(),UTC_TIMESTAMP() ,UTC_TIMESTAMP(),UTC_TIMESTAMP(),UTC_TIMESTAMP(),0,0,0,0,UTC_TIMESTAMP());
INSERT Paystation (PaystationTypeId,ModemTypeId,SerialNumber,IsDeleted,VERSION,LastModifiedGMT,LastModifiedByUserId) VALUES (2, 4, '333322221112', 1, 0, UTC_TIMESTAMP(), 1);INSERT PointOfSale (CustomerId,PaystationId,LocationId,PointOfSaleTypeId,Name,SerialNumber,ProvisionedGMT,Latitude,Longitude,AltitudeOrLevel,VERSION,LastModifiedGMT,LastModifiedByUserId) VALUES ((SELECT Id FROM Customer WHERE Name='Liza Parking 1 Child 1'),(SELECT Id FROM Paystation WHERE SerialNumber='333322221112'),(SELECT Id FROM Location WHERE Name='Unassigned' AND CustomerId=(SELECT Id FROM Customer WHERE Name='Liza Parking 1 Child 1')),1,'Test Machine 4','333322221112',UTC_TIMESTAMP(),0,0,0,0,UTC_TIMESTAMP(),1);INSERT POSHeartbeat (PointOfSaleId, LastHeartbeatGMT) VALUES ((SELECT Id FROM PointOfSale WHERE (CustomerID = (SELECT Id FROM Customer WHERE Name='Liza Parking 1 Child 1') AND PaystationId=(SELECT Id FROM Paystation WHERE SerialNumber='333322221112'))),'2012-11-15 13:01:53');INSERT POSBalance (PointOfSaleId ,CollectionLockId ,ClusterId ,PrevCollectionLockId ,PrevPrevCollectionLockId ,CashAmount ,CoinCount ,CoinAmount ,BillCount ,BillAmount ,UnsettledCreditCardCount ,UnsettledCreditCardAmount ,TotalAmount ,LastCashCollectionGMT ,LastCoinCollectionGMT ,LastBillCollectionGMT ,LastCardCollectionGMT ,LastRecalcGMT  ,CollectionRecalcGMT ,CollectionRecalcTransactions ,HasRecentCollection ,IsRecalcable ,LastCollectionTypeId ,NextRecalcGMT) VALUES       ((SELECT Id FROM PointOfSale WHERE (CustomerID = (SELECT Id FROM Customer WHERE Name='Liza Parking 1 Child 1') AND PaystationId=(SELECT Id FROM Paystation WHERE SerialNumber='333322221112'))),NULL,NULL,NULL,NULL,0,0,0,0,0,0,0,0,UTC_TIMESTAMP(),UTC_TIMESTAMP(),UTC_TIMESTAMP() ,UTC_TIMESTAMP(),UTC_TIMESTAMP(),UTC_TIMESTAMP(),0,0,0,0,UTC_TIMESTAMP());
INSERT Paystation (PaystationTypeId,ModemTypeId,SerialNumber,IsDeleted,VERSION,LastModifiedGMT,LastModifiedByUserId) VALUES (2, 4, '333322221113', 1, 0, UTC_TIMESTAMP(), 1);INSERT PointOfSale (CustomerId,PaystationId,LocationId,PointOfSaleTypeId,Name,SerialNumber,ProvisionedGMT,Latitude,Longitude,AltitudeOrLevel,VERSION,LastModifiedGMT,LastModifiedByUserId) VALUES ((SELECT Id FROM Customer WHERE Name='Liza Parking 1 Child 1'),(SELECT Id FROM Paystation WHERE SerialNumber='333322221113'),(SELECT Id FROM Location WHERE Name='Unassigned' AND CustomerId=(SELECT Id FROM Customer WHERE Name='Liza Parking 1 Child 1')),1,'Test Machine 5','333322221113',UTC_TIMESTAMP(),0,0,0,0,UTC_TIMESTAMP(),1);INSERT POSHeartbeat (PointOfSaleId, LastHeartbeatGMT) VALUES ((SELECT Id FROM PointOfSale WHERE (CustomerID = (SELECT Id FROM Customer WHERE Name='Liza Parking 1 Child 1') AND PaystationId=(SELECT Id FROM Paystation WHERE SerialNumber='333322221113'))),'2012-11-15 13:01:53');INSERT POSBalance (PointOfSaleId ,CollectionLockId ,ClusterId ,PrevCollectionLockId ,PrevPrevCollectionLockId ,CashAmount ,CoinCount ,CoinAmount ,BillCount ,BillAmount ,UnsettledCreditCardCount ,UnsettledCreditCardAmount ,TotalAmount ,LastCashCollectionGMT ,LastCoinCollectionGMT ,LastBillCollectionGMT ,LastCardCollectionGMT ,LastRecalcGMT  ,CollectionRecalcGMT ,CollectionRecalcTransactions ,HasRecentCollection ,IsRecalcable ,LastCollectionTypeId ,NextRecalcGMT) VALUES       ((SELECT Id FROM PointOfSale WHERE (CustomerID = (SELECT Id FROM Customer WHERE Name='Liza Parking 1 Child 1') AND PaystationId=(SELECT Id FROM Paystation WHERE SerialNumber='333322221113'))),NULL,NULL,NULL,NULL,0,0,0,0,0,0,0,0,UTC_TIMESTAMP(),UTC_TIMESTAMP(),UTC_TIMESTAMP() ,UTC_TIMESTAMP(),UTC_TIMESTAMP(),UTC_TIMESTAMP(),0,0,0,0,UTC_TIMESTAMP());
INSERT Paystation (PaystationTypeId,ModemTypeId,SerialNumber,IsDeleted,VERSION,LastModifiedGMT,LastModifiedByUserId) VALUES (2, 4, '333322221114', 1, 0, UTC_TIMESTAMP(), 1);INSERT PointOfSale (CustomerId,PaystationId,LocationId,PointOfSaleTypeId,Name,SerialNumber,ProvisionedGMT,Latitude,Longitude,AltitudeOrLevel,VERSION,LastModifiedGMT,LastModifiedByUserId) VALUES ((SELECT Id FROM Customer WHERE Name='Liza Parking 1 Child 1'),(SELECT Id FROM Paystation WHERE SerialNumber='333322221114'),(SELECT Id FROM Location WHERE Name='Unassigned' AND CustomerId=(SELECT Id FROM Customer WHERE Name='Liza Parking 1 Child 1')),1,'Test Machine 6','333322221114',UTC_TIMESTAMP(),0,0,0,0,UTC_TIMESTAMP(),1);INSERT POSHeartbeat (PointOfSaleId, LastHeartbeatGMT) VALUES ((SELECT Id FROM PointOfSale WHERE (CustomerID = (SELECT Id FROM Customer WHERE Name='Liza Parking 1 Child 1') AND PaystationId=(SELECT Id FROM Paystation WHERE SerialNumber='333322221114'))),'2012-11-15 13:01:53');INSERT POSBalance (PointOfSaleId ,CollectionLockId ,ClusterId ,PrevCollectionLockId ,PrevPrevCollectionLockId ,CashAmount ,CoinCount ,CoinAmount ,BillCount ,BillAmount ,UnsettledCreditCardCount ,UnsettledCreditCardAmount ,TotalAmount ,LastCashCollectionGMT ,LastCoinCollectionGMT ,LastBillCollectionGMT ,LastCardCollectionGMT ,LastRecalcGMT  ,CollectionRecalcGMT ,CollectionRecalcTransactions ,HasRecentCollection ,IsRecalcable ,LastCollectionTypeId ,NextRecalcGMT) VALUES       ((SELECT Id FROM PointOfSale WHERE (CustomerID = (SELECT Id FROM Customer WHERE Name='Liza Parking 1 Child 1') AND PaystationId=(SELECT Id FROM Paystation WHERE SerialNumber='333322221114'))),NULL,NULL,NULL,NULL,0,0,0,0,0,0,0,0,UTC_TIMESTAMP(),UTC_TIMESTAMP(),UTC_TIMESTAMP() ,UTC_TIMESTAMP(),UTC_TIMESTAMP(),UTC_TIMESTAMP(),0,0,0,0,UTC_TIMESTAMP());
INSERT Paystation (PaystationTypeId,ModemTypeId,SerialNumber,IsDeleted,VERSION,LastModifiedGMT,LastModifiedByUserId) VALUES (2, 4, '333322221115', 1, 0, UTC_TIMESTAMP(), 1);INSERT PointOfSale (CustomerId,PaystationId,LocationId,PointOfSaleTypeId,Name,SerialNumber,ProvisionedGMT,Latitude,Longitude,AltitudeOrLevel,VERSION,LastModifiedGMT,LastModifiedByUserId) VALUES ((SELECT Id FROM Customer WHERE Name='Liza Parking 1 Child 1'),(SELECT Id FROM Paystation WHERE SerialNumber='333322221115'),(SELECT Id FROM Location WHERE Name='Unassigned' AND CustomerId=(SELECT Id FROM Customer WHERE Name='Liza Parking 1 Child 1')),1,'Test Machine 7','333322221115',UTC_TIMESTAMP(),0,0,0,0,UTC_TIMESTAMP(),1);INSERT POSHeartbeat (PointOfSaleId, LastHeartbeatGMT) VALUES ((SELECT Id FROM PointOfSale WHERE (CustomerID = (SELECT Id FROM Customer WHERE Name='Liza Parking 1 Child 1') AND PaystationId=(SELECT Id FROM Paystation WHERE SerialNumber='333322221115'))),'2012-11-15 13:01:53');INSERT POSBalance (PointOfSaleId ,CollectionLockId ,ClusterId ,PrevCollectionLockId ,PrevPrevCollectionLockId ,CashAmount ,CoinCount ,CoinAmount ,BillCount ,BillAmount ,UnsettledCreditCardCount ,UnsettledCreditCardAmount ,TotalAmount ,LastCashCollectionGMT ,LastCoinCollectionGMT ,LastBillCollectionGMT ,LastCardCollectionGMT ,LastRecalcGMT  ,CollectionRecalcGMT ,CollectionRecalcTransactions ,HasRecentCollection ,IsRecalcable ,LastCollectionTypeId ,NextRecalcGMT) VALUES       ((SELECT Id FROM PointOfSale WHERE (CustomerID = (SELECT Id FROM Customer WHERE Name='Liza Parking 1 Child 1') AND PaystationId=(SELECT Id FROM Paystation WHERE SerialNumber='333322221115'))),NULL,NULL,NULL,NULL,0,0,0,0,0,0,0,0,UTC_TIMESTAMP(),UTC_TIMESTAMP(),UTC_TIMESTAMP() ,UTC_TIMESTAMP(),UTC_TIMESTAMP(),UTC_TIMESTAMP(),0,0,0,0,UTC_TIMESTAMP());
INSERT Paystation (PaystationTypeId,ModemTypeId,SerialNumber,IsDeleted,VERSION,LastModifiedGMT,LastModifiedByUserId) VALUES (2, 2, '333322221116', 1, 0, UTC_TIMESTAMP(), 1);INSERT PointOfSale (CustomerId,PaystationId,LocationId,PointOfSaleTypeId,Name,SerialNumber,ProvisionedGMT,Latitude,Longitude,AltitudeOrLevel,VERSION,LastModifiedGMT,LastModifiedByUserId) VALUES ((SELECT Id FROM Customer WHERE Name='Liza Parking 1 Child 1'),(SELECT Id FROM Paystation WHERE SerialNumber='333322221116'),(SELECT Id FROM Location WHERE Name='Unassigned' AND CustomerId=(SELECT Id FROM Customer WHERE Name='Liza Parking 1 Child 1')),1,'Test Machine 8','333322221116',UTC_TIMESTAMP(),0,0,0,0,UTC_TIMESTAMP(),1);INSERT POSHeartbeat (PointOfSaleId, LastHeartbeatGMT) VALUES ((SELECT Id FROM PointOfSale WHERE (CustomerID = (SELECT Id FROM Customer WHERE Name='Liza Parking 1 Child 1') AND PaystationId=(SELECT Id FROM Paystation WHERE SerialNumber='333322221116'))),'2012-11-15 13:01:53');INSERT POSBalance (PointOfSaleId ,CollectionLockId ,ClusterId ,PrevCollectionLockId ,PrevPrevCollectionLockId ,CashAmount ,CoinCount ,CoinAmount ,BillCount ,BillAmount ,UnsettledCreditCardCount ,UnsettledCreditCardAmount ,TotalAmount ,LastCashCollectionGMT ,LastCoinCollectionGMT ,LastBillCollectionGMT ,LastCardCollectionGMT ,LastRecalcGMT  ,CollectionRecalcGMT ,CollectionRecalcTransactions ,HasRecentCollection ,IsRecalcable ,LastCollectionTypeId ,NextRecalcGMT) VALUES       ((SELECT Id FROM PointOfSale WHERE (CustomerID = (SELECT Id FROM Customer WHERE Name='Liza Parking 1 Child 1') AND PaystationId=(SELECT Id FROM Paystation WHERE SerialNumber='333322221116'))),NULL,NULL,NULL,NULL,0,0,0,0,0,0,0,0,UTC_TIMESTAMP(),UTC_TIMESTAMP(),UTC_TIMESTAMP() ,UTC_TIMESTAMP(),UTC_TIMESTAMP(),UTC_TIMESTAMP(),0,0,0,0,UTC_TIMESTAMP());
INSERT Paystation (PaystationTypeId,ModemTypeId,SerialNumber,IsDeleted,VERSION,LastModifiedGMT,LastModifiedByUserId) VALUES (2, 3, '333322221117', 1, 0, UTC_TIMESTAMP(), 1);INSERT PointOfSale (CustomerId,PaystationId,LocationId,PointOfSaleTypeId,Name,SerialNumber,ProvisionedGMT,Latitude,Longitude,AltitudeOrLevel,VERSION,LastModifiedGMT,LastModifiedByUserId) VALUES ((SELECT Id FROM Customer WHERE Name='Liza Parking 1 Child 1'),(SELECT Id FROM Paystation WHERE SerialNumber='333322221117'),(SELECT Id FROM Location WHERE Name='Unassigned' AND CustomerId=(SELECT Id FROM Customer WHERE Name='Liza Parking 1 Child 1')),1,'Test Machine 9','333322221117',UTC_TIMESTAMP(),0,0,0,0,UTC_TIMESTAMP(),1);INSERT POSHeartbeat (PointOfSaleId, LastHeartbeatGMT) VALUES ((SELECT Id FROM PointOfSale WHERE (CustomerID = (SELECT Id FROM Customer WHERE Name='Liza Parking 1 Child 1') AND PaystationId=(SELECT Id FROM Paystation WHERE SerialNumber='333322221117'))),'2012-11-15 13:01:53');INSERT POSBalance (PointOfSaleId ,CollectionLockId ,ClusterId ,PrevCollectionLockId ,PrevPrevCollectionLockId ,CashAmount ,CoinCount ,CoinAmount ,BillCount ,BillAmount ,UnsettledCreditCardCount ,UnsettledCreditCardAmount ,TotalAmount ,LastCashCollectionGMT ,LastCoinCollectionGMT ,LastBillCollectionGMT ,LastCardCollectionGMT ,LastRecalcGMT  ,CollectionRecalcGMT ,CollectionRecalcTransactions ,HasRecentCollection ,IsRecalcable ,LastCollectionTypeId ,NextRecalcGMT) VALUES       ((SELECT Id FROM PointOfSale WHERE (CustomerID = (SELECT Id FROM Customer WHERE Name='Liza Parking 1 Child 1') AND PaystationId=(SELECT Id FROM Paystation WHERE SerialNumber='333322221117'))),NULL,NULL,NULL,NULL,0,0,0,0,0,0,0,0,UTC_TIMESTAMP(),UTC_TIMESTAMP(),UTC_TIMESTAMP() ,UTC_TIMESTAMP(),UTC_TIMESTAMP(),UTC_TIMESTAMP(),0,0,0,0,UTC_TIMESTAMP());
INSERT Paystation (PaystationTypeId,ModemTypeId,SerialNumber,IsDeleted,VERSION,LastModifiedGMT,LastModifiedByUserId) VALUES (2, 2, '333322221118', 1, 0, UTC_TIMESTAMP(), 1);INSERT PointOfSale (CustomerId,PaystationId,LocationId,PointOfSaleTypeId,Name,SerialNumber,ProvisionedGMT,Latitude,Longitude,AltitudeOrLevel,VERSION,LastModifiedGMT,LastModifiedByUserId) VALUES ((SELECT Id FROM Customer WHERE Name='Liza Parking 1 Child 1'),(SELECT Id FROM Paystation WHERE SerialNumber='333322221118'),(SELECT Id FROM Location WHERE Name='Unassigned' AND CustomerId=(SELECT Id FROM Customer WHERE Name='Liza Parking 1 Child 1')),1,'Test Machine 10','333322221118',UTC_TIMESTAMP(),0,0,0,0,UTC_TIMESTAMP(),1);INSERT POSHeartbeat (PointOfSaleId, LastHeartbeatGMT) VALUES ((SELECT Id FROM PointOfSale WHERE (CustomerID = (SELECT Id FROM Customer WHERE Name='Liza Parking 1 Child 1') AND PaystationId=(SELECT Id FROM Paystation WHERE SerialNumber='333322221118'))),'2012-11-15 13:01:53');INSERT POSBalance (PointOfSaleId ,CollectionLockId ,ClusterId ,PrevCollectionLockId ,PrevPrevCollectionLockId ,CashAmount ,CoinCount ,CoinAmount ,BillCount ,BillAmount ,UnsettledCreditCardCount ,UnsettledCreditCardAmount ,TotalAmount ,LastCashCollectionGMT ,LastCoinCollectionGMT ,LastBillCollectionGMT ,LastCardCollectionGMT ,LastRecalcGMT  ,CollectionRecalcGMT ,CollectionRecalcTransactions ,HasRecentCollection ,IsRecalcable ,LastCollectionTypeId ,NextRecalcGMT) VALUES       ((SELECT Id FROM PointOfSale WHERE (CustomerID = (SELECT Id FROM Customer WHERE Name='Liza Parking 1 Child 1') AND PaystationId=(SELECT Id FROM Paystation WHERE SerialNumber='333322221118'))),NULL,NULL,NULL,NULL,0,0,0,0,0,0,0,0,UTC_TIMESTAMP(),UTC_TIMESTAMP(),UTC_TIMESTAMP() ,UTC_TIMESTAMP(),UTC_TIMESTAMP(),UTC_TIMESTAMP(),0,0,0,0,UTC_TIMESTAMP());
INSERT Paystation (PaystationTypeId,ModemTypeId,SerialNumber,IsDeleted,VERSION,LastModifiedGMT,LastModifiedByUserId) VALUES (2, 2, '333322221119', 1, 0, UTC_TIMESTAMP(), 1);INSERT PointOfSale (CustomerId,PaystationId,LocationId,PointOfSaleTypeId,Name,SerialNumber,ProvisionedGMT,Latitude,Longitude,AltitudeOrLevel,VERSION,LastModifiedGMT,LastModifiedByUserId) VALUES ((SELECT Id FROM Customer WHERE Name='Liza Parking 1 Child 1'),(SELECT Id FROM Paystation WHERE SerialNumber='333322221119'),(SELECT Id FROM Location WHERE Name='Unassigned' AND CustomerId=(SELECT Id FROM Customer WHERE Name='Liza Parking 1 Child 1')),1,'Test Machine 11','333322221119',UTC_TIMESTAMP(),0,0,0,0,UTC_TIMESTAMP(),1);INSERT POSHeartbeat (PointOfSaleId, LastHeartbeatGMT) VALUES ((SELECT Id FROM PointOfSale WHERE (CustomerID = (SELECT Id FROM Customer WHERE Name='Liza Parking 1 Child 1') AND PaystationId=(SELECT Id FROM Paystation WHERE SerialNumber='333322221119'))),'2012-11-15 13:01:53');INSERT POSBalance (PointOfSaleId ,CollectionLockId ,ClusterId ,PrevCollectionLockId ,PrevPrevCollectionLockId ,CashAmount ,CoinCount ,CoinAmount ,BillCount ,BillAmount ,UnsettledCreditCardCount ,UnsettledCreditCardAmount ,TotalAmount ,LastCashCollectionGMT ,LastCoinCollectionGMT ,LastBillCollectionGMT ,LastCardCollectionGMT ,LastRecalcGMT  ,CollectionRecalcGMT ,CollectionRecalcTransactions ,HasRecentCollection ,IsRecalcable ,LastCollectionTypeId ,NextRecalcGMT) VALUES       ((SELECT Id FROM PointOfSale WHERE (CustomerID = (SELECT Id FROM Customer WHERE Name='Liza Parking 1 Child 1') AND PaystationId=(SELECT Id FROM Paystation WHERE SerialNumber='333322221119'))),NULL,NULL,NULL,NULL,0,0,0,0,0,0,0,0,UTC_TIMESTAMP(),UTC_TIMESTAMP(),UTC_TIMESTAMP() ,UTC_TIMESTAMP(),UTC_TIMESTAMP(),UTC_TIMESTAMP(),0,0,0,0,UTC_TIMESTAMP());
INSERT Paystation (PaystationTypeId,ModemTypeId,SerialNumber,IsDeleted,VERSION,LastModifiedGMT,LastModifiedByUserId) VALUES (2, 2, '333322221120', 1, 0, UTC_TIMESTAMP(), 1);INSERT PointOfSale (CustomerId,PaystationId,LocationId,PointOfSaleTypeId,Name,SerialNumber,ProvisionedGMT,Latitude,Longitude,AltitudeOrLevel,VERSION,LastModifiedGMT,LastModifiedByUserId) VALUES ((SELECT Id FROM Customer WHERE Name='Liza Parking 1 Child 1'),(SELECT Id FROM Paystation WHERE SerialNumber='333322221120'),(SELECT Id FROM Location WHERE Name='Unassigned' AND CustomerId=(SELECT Id FROM Customer WHERE Name='Liza Parking 1 Child 1')),1,'Test Machine 12','333322221120',UTC_TIMESTAMP(),0,0,0,0,UTC_TIMESTAMP(),1);INSERT POSHeartbeat (PointOfSaleId, LastHeartbeatGMT) VALUES ((SELECT Id FROM PointOfSale WHERE (CustomerID = (SELECT Id FROM Customer WHERE Name='Liza Parking 1 Child 1') AND PaystationId=(SELECT Id FROM Paystation WHERE SerialNumber='333322221120'))),'2012-11-15 13:01:53');INSERT POSBalance (PointOfSaleId ,CollectionLockId ,ClusterId ,PrevCollectionLockId ,PrevPrevCollectionLockId ,CashAmount ,CoinCount ,CoinAmount ,BillCount ,BillAmount ,UnsettledCreditCardCount ,UnsettledCreditCardAmount ,TotalAmount ,LastCashCollectionGMT ,LastCoinCollectionGMT ,LastBillCollectionGMT ,LastCardCollectionGMT ,LastRecalcGMT  ,CollectionRecalcGMT ,CollectionRecalcTransactions ,HasRecentCollection ,IsRecalcable ,LastCollectionTypeId ,NextRecalcGMT) VALUES       ((SELECT Id FROM PointOfSale WHERE (CustomerID = (SELECT Id FROM Customer WHERE Name='Liza Parking 1 Child 1') AND PaystationId=(SELECT Id FROM Paystation WHERE SerialNumber='333322221120'))),NULL,NULL,NULL,NULL,0,0,0,0,0,0,0,0,UTC_TIMESTAMP(),UTC_TIMESTAMP(),UTC_TIMESTAMP() ,UTC_TIMESTAMP(),UTC_TIMESTAMP(),UTC_TIMESTAMP(),0,0,0,0,UTC_TIMESTAMP());
INSERT Paystation (PaystationTypeId,ModemTypeId,SerialNumber,IsDeleted,VERSION,LastModifiedGMT,LastModifiedByUserId) VALUES (2, 2, '333322221121', 1, 0, UTC_TIMESTAMP(), 1);INSERT PointOfSale (CustomerId,PaystationId,LocationId,PointOfSaleTypeId,Name,SerialNumber,ProvisionedGMT,Latitude,Longitude,AltitudeOrLevel,VERSION,LastModifiedGMT,LastModifiedByUserId) VALUES ((SELECT Id FROM Customer WHERE Name='Liza Parking 1 Child 1'),(SELECT Id FROM Paystation WHERE SerialNumber='333322221121'),(SELECT Id FROM Location WHERE Name='Unassigned' AND CustomerId=(SELECT Id FROM Customer WHERE Name='Liza Parking 1 Child 1')),1,'Test Machine 13','333322221121',UTC_TIMESTAMP(),0,0,0,0,UTC_TIMESTAMP(),1);INSERT POSHeartbeat (PointOfSaleId, LastHeartbeatGMT) VALUES ((SELECT Id FROM PointOfSale WHERE (CustomerID = (SELECT Id FROM Customer WHERE Name='Liza Parking 1 Child 1') AND PaystationId=(SELECT Id FROM Paystation WHERE SerialNumber='333322221121'))),'2012-11-15 13:01:53');INSERT POSBalance (PointOfSaleId ,CollectionLockId ,ClusterId ,PrevCollectionLockId ,PrevPrevCollectionLockId ,CashAmount ,CoinCount ,CoinAmount ,BillCount ,BillAmount ,UnsettledCreditCardCount ,UnsettledCreditCardAmount ,TotalAmount ,LastCashCollectionGMT ,LastCoinCollectionGMT ,LastBillCollectionGMT ,LastCardCollectionGMT ,LastRecalcGMT  ,CollectionRecalcGMT ,CollectionRecalcTransactions ,HasRecentCollection ,IsRecalcable ,LastCollectionTypeId ,NextRecalcGMT) VALUES       ((SELECT Id FROM PointOfSale WHERE (CustomerID = (SELECT Id FROM Customer WHERE Name='Liza Parking 1 Child 1') AND PaystationId=(SELECT Id FROM Paystation WHERE SerialNumber='333322221121'))),NULL,NULL,NULL,NULL,0,0,0,0,0,0,0,0,UTC_TIMESTAMP(),UTC_TIMESTAMP(),UTC_TIMESTAMP() ,UTC_TIMESTAMP(),UTC_TIMESTAMP(),UTC_TIMESTAMP(),0,0,0,0,UTC_TIMESTAMP());
INSERT Paystation (PaystationTypeId,ModemTypeId,SerialNumber,IsDeleted,VERSION,LastModifiedGMT,LastModifiedByUserId) VALUES (2, 2, '333322221122', 1, 0, UTC_TIMESTAMP(), 1);INSERT PointOfSale (CustomerId,PaystationId,LocationId,PointOfSaleTypeId,Name,SerialNumber,ProvisionedGMT,Latitude,Longitude,AltitudeOrLevel,VERSION,LastModifiedGMT,LastModifiedByUserId) VALUES ((SELECT Id FROM Customer WHERE Name='Liza Parking 1 Child 1'),(SELECT Id FROM Paystation WHERE SerialNumber='333322221122'),(SELECT Id FROM Location WHERE Name='Unassigned' AND CustomerId=(SELECT Id FROM Customer WHERE Name='Liza Parking 1 Child 1')),1,'Test Machine 14','333322221122',UTC_TIMESTAMP(),0,0,0,0,UTC_TIMESTAMP(),1);INSERT POSHeartbeat (PointOfSaleId, LastHeartbeatGMT) VALUES ((SELECT Id FROM PointOfSale WHERE (CustomerID = (SELECT Id FROM Customer WHERE Name='Liza Parking 1 Child 1') AND PaystationId=(SELECT Id FROM Paystation WHERE SerialNumber='333322221122'))),'2012-11-15 13:01:53');INSERT POSBalance (PointOfSaleId ,CollectionLockId ,ClusterId ,PrevCollectionLockId ,PrevPrevCollectionLockId ,CashAmount ,CoinCount ,CoinAmount ,BillCount ,BillAmount ,UnsettledCreditCardCount ,UnsettledCreditCardAmount ,TotalAmount ,LastCashCollectionGMT ,LastCoinCollectionGMT ,LastBillCollectionGMT ,LastCardCollectionGMT ,LastRecalcGMT  ,CollectionRecalcGMT ,CollectionRecalcTransactions ,HasRecentCollection ,IsRecalcable ,LastCollectionTypeId ,NextRecalcGMT) VALUES       ((SELECT Id FROM PointOfSale WHERE (CustomerID = (SELECT Id FROM Customer WHERE Name='Liza Parking 1 Child 1') AND PaystationId=(SELECT Id FROM Paystation WHERE SerialNumber='333322221122'))),NULL,NULL,NULL,NULL,0,0,0,0,0,0,0,0,UTC_TIMESTAMP(),UTC_TIMESTAMP(),UTC_TIMESTAMP() ,UTC_TIMESTAMP(),UTC_TIMESTAMP(),UTC_TIMESTAMP(),0,0,0,0,UTC_TIMESTAMP());
INSERT Paystation (PaystationTypeId,ModemTypeId,SerialNumber,IsDeleted,VERSION,LastModifiedGMT,LastModifiedByUserId) VALUES (2, 2, '333322221123', 1, 0, UTC_TIMESTAMP(), 1);INSERT PointOfSale (CustomerId,PaystationId,LocationId,PointOfSaleTypeId,Name,SerialNumber,ProvisionedGMT,Latitude,Longitude,AltitudeOrLevel,VERSION,LastModifiedGMT,LastModifiedByUserId) VALUES ((SELECT Id FROM Customer WHERE Name='Liza Parking 1 Child 1'),(SELECT Id FROM Paystation WHERE SerialNumber='333322221123'),(SELECT Id FROM Location WHERE Name='Unassigned' AND CustomerId=(SELECT Id FROM Customer WHERE Name='Liza Parking 1 Child 1')),1,'Test Machine 15','333322221123',UTC_TIMESTAMP(),0,0,0,0,UTC_TIMESTAMP(),1);INSERT POSHeartbeat (PointOfSaleId, LastHeartbeatGMT) VALUES ((SELECT Id FROM PointOfSale WHERE (CustomerID = (SELECT Id FROM Customer WHERE Name='Liza Parking 1 Child 1') AND PaystationId=(SELECT Id FROM Paystation WHERE SerialNumber='333322221123'))),'2012-11-15 13:01:53');INSERT POSBalance (PointOfSaleId ,CollectionLockId ,ClusterId ,PrevCollectionLockId ,PrevPrevCollectionLockId ,CashAmount ,CoinCount ,CoinAmount ,BillCount ,BillAmount ,UnsettledCreditCardCount ,UnsettledCreditCardAmount ,TotalAmount ,LastCashCollectionGMT ,LastCoinCollectionGMT ,LastBillCollectionGMT ,LastCardCollectionGMT ,LastRecalcGMT  ,CollectionRecalcGMT ,CollectionRecalcTransactions ,HasRecentCollection ,IsRecalcable ,LastCollectionTypeId ,NextRecalcGMT) VALUES       ((SELECT Id FROM PointOfSale WHERE (CustomerID = (SELECT Id FROM Customer WHERE Name='Liza Parking 1 Child 1') AND PaystationId=(SELECT Id FROM Paystation WHERE SerialNumber='333322221123'))),NULL,NULL,NULL,NULL,0,0,0,0,0,0,0,0,UTC_TIMESTAMP(),UTC_TIMESTAMP(),UTC_TIMESTAMP() ,UTC_TIMESTAMP(),UTC_TIMESTAMP(),UTC_TIMESTAMP(),0,0,0,0,UTC_TIMESTAMP());
INSERT Paystation (PaystationTypeId,ModemTypeId,SerialNumber,IsDeleted,VERSION,LastModifiedGMT,LastModifiedByUserId) VALUES (2, 2, '333322221124', 1, 0, UTC_TIMESTAMP(), 1);INSERT PointOfSale (CustomerId,PaystationId,LocationId,PointOfSaleTypeId,Name,SerialNumber,ProvisionedGMT,Latitude,Longitude,AltitudeOrLevel,VERSION,LastModifiedGMT,LastModifiedByUserId) VALUES ((SELECT Id FROM Customer WHERE Name='Liza Parking 1 Child 1'),(SELECT Id FROM Paystation WHERE SerialNumber='333322221124'),(SELECT Id FROM Location WHERE Name='Unassigned' AND CustomerId=(SELECT Id FROM Customer WHERE Name='Liza Parking 1 Child 1')),1,'Test Machine 16','333322221124',UTC_TIMESTAMP(),0,0,0,0,UTC_TIMESTAMP(),1);INSERT POSHeartbeat (PointOfSaleId, LastHeartbeatGMT) VALUES ((SELECT Id FROM PointOfSale WHERE (CustomerID = (SELECT Id FROM Customer WHERE Name='Liza Parking 1 Child 1') AND PaystationId=(SELECT Id FROM Paystation WHERE SerialNumber='333322221124'))),'2012-11-15 13:01:53');INSERT POSBalance (PointOfSaleId ,CollectionLockId ,ClusterId ,PrevCollectionLockId ,PrevPrevCollectionLockId ,CashAmount ,CoinCount ,CoinAmount ,BillCount ,BillAmount ,UnsettledCreditCardCount ,UnsettledCreditCardAmount ,TotalAmount ,LastCashCollectionGMT ,LastCoinCollectionGMT ,LastBillCollectionGMT ,LastCardCollectionGMT ,LastRecalcGMT  ,CollectionRecalcGMT ,CollectionRecalcTransactions ,HasRecentCollection ,IsRecalcable ,LastCollectionTypeId ,NextRecalcGMT) VALUES       ((SELECT Id FROM PointOfSale WHERE (CustomerID = (SELECT Id FROM Customer WHERE Name='Liza Parking 1 Child 1') AND PaystationId=(SELECT Id FROM Paystation WHERE SerialNumber='333322221124'))),NULL,NULL,NULL,NULL,0,0,0,0,0,0,0,0,UTC_TIMESTAMP(),UTC_TIMESTAMP(),UTC_TIMESTAMP() ,UTC_TIMESTAMP(),UTC_TIMESTAMP(),UTC_TIMESTAMP(),0,0,0,0,UTC_TIMESTAMP());
INSERT Paystation (PaystationTypeId,ModemTypeId,SerialNumber,IsDeleted,VERSION,LastModifiedGMT,LastModifiedByUserId) VALUES (2, 2, '333322221125', 1, 0, UTC_TIMESTAMP(), 1);INSERT PointOfSale (CustomerId,PaystationId,LocationId,PointOfSaleTypeId,Name,SerialNumber,ProvisionedGMT,Latitude,Longitude,AltitudeOrLevel,VERSION,LastModifiedGMT,LastModifiedByUserId) VALUES ((SELECT Id FROM Customer WHERE Name='Liza Parking 1 Child 1'),(SELECT Id FROM Paystation WHERE SerialNumber='333322221125'),(SELECT Id FROM Location WHERE Name='Unassigned' AND CustomerId=(SELECT Id FROM Customer WHERE Name='Liza Parking 1 Child 1')),1,'Test Machine 17','333322221125',UTC_TIMESTAMP(),0,0,0,0,UTC_TIMESTAMP(),1);INSERT POSHeartbeat (PointOfSaleId, LastHeartbeatGMT) VALUES ((SELECT Id FROM PointOfSale WHERE (CustomerID = (SELECT Id FROM Customer WHERE Name='Liza Parking 1 Child 1') AND PaystationId=(SELECT Id FROM Paystation WHERE SerialNumber='333322221125'))),'2012-11-15 13:01:53');INSERT POSBalance (PointOfSaleId ,CollectionLockId ,ClusterId ,PrevCollectionLockId ,PrevPrevCollectionLockId ,CashAmount ,CoinCount ,CoinAmount ,BillCount ,BillAmount ,UnsettledCreditCardCount ,UnsettledCreditCardAmount ,TotalAmount ,LastCashCollectionGMT ,LastCoinCollectionGMT ,LastBillCollectionGMT ,LastCardCollectionGMT ,LastRecalcGMT  ,CollectionRecalcGMT ,CollectionRecalcTransactions ,HasRecentCollection ,IsRecalcable ,LastCollectionTypeId ,NextRecalcGMT) VALUES       ((SELECT Id FROM PointOfSale WHERE (CustomerID = (SELECT Id FROM Customer WHERE Name='Liza Parking 1 Child 1') AND PaystationId=(SELECT Id FROM Paystation WHERE SerialNumber='333322221125'))),NULL,NULL,NULL,NULL,0,0,0,0,0,0,0,0,UTC_TIMESTAMP(),UTC_TIMESTAMP(),UTC_TIMESTAMP() ,UTC_TIMESTAMP(),UTC_TIMESTAMP(),UTC_TIMESTAMP(),0,0,0,0,UTC_TIMESTAMP());
INSERT Paystation (PaystationTypeId,ModemTypeId,SerialNumber,IsDeleted,VERSION,LastModifiedGMT,LastModifiedByUserId) VALUES (2, 2, '333322221126', 1, 0, UTC_TIMESTAMP(), 1);INSERT PointOfSale (CustomerId,PaystationId,LocationId,PointOfSaleTypeId,Name,SerialNumber,ProvisionedGMT,Latitude,Longitude,AltitudeOrLevel,VERSION,LastModifiedGMT,LastModifiedByUserId) VALUES ((SELECT Id FROM Customer WHERE Name='Liza Parking 1 Child 1'),(SELECT Id FROM Paystation WHERE SerialNumber='333322221126'),(SELECT Id FROM Location WHERE Name='Unassigned' AND CustomerId=(SELECT Id FROM Customer WHERE Name='Liza Parking 1 Child 1')),1,'Test Machine 18','333322221126',UTC_TIMESTAMP(),0,0,0,0,UTC_TIMESTAMP(),1);INSERT POSHeartbeat (PointOfSaleId, LastHeartbeatGMT) VALUES ((SELECT Id FROM PointOfSale WHERE (CustomerID = (SELECT Id FROM Customer WHERE Name='Liza Parking 1 Child 1') AND PaystationId=(SELECT Id FROM Paystation WHERE SerialNumber='333322221126'))),'2012-11-15 13:01:53');INSERT POSBalance (PointOfSaleId ,CollectionLockId ,ClusterId ,PrevCollectionLockId ,PrevPrevCollectionLockId ,CashAmount ,CoinCount ,CoinAmount ,BillCount ,BillAmount ,UnsettledCreditCardCount ,UnsettledCreditCardAmount ,TotalAmount ,LastCashCollectionGMT ,LastCoinCollectionGMT ,LastBillCollectionGMT ,LastCardCollectionGMT ,LastRecalcGMT  ,CollectionRecalcGMT ,CollectionRecalcTransactions ,HasRecentCollection ,IsRecalcable ,LastCollectionTypeId ,NextRecalcGMT) VALUES       ((SELECT Id FROM PointOfSale WHERE (CustomerID = (SELECT Id FROM Customer WHERE Name='Liza Parking 1 Child 1') AND PaystationId=(SELECT Id FROM Paystation WHERE SerialNumber='333322221126'))),NULL,NULL,NULL,NULL,0,0,0,0,0,0,0,0,UTC_TIMESTAMP(),UTC_TIMESTAMP(),UTC_TIMESTAMP() ,UTC_TIMESTAMP(),UTC_TIMESTAMP(),UTC_TIMESTAMP(),0,0,0,0,UTC_TIMESTAMP());
INSERT Paystation (PaystationTypeId,ModemTypeId,SerialNumber,IsDeleted,VERSION,LastModifiedGMT,LastModifiedByUserId) VALUES (2, 2, '333322221127', 1, 0, UTC_TIMESTAMP(), 1);INSERT PointOfSale (CustomerId,PaystationId,LocationId,PointOfSaleTypeId,Name,SerialNumber,ProvisionedGMT,Latitude,Longitude,AltitudeOrLevel,VERSION,LastModifiedGMT,LastModifiedByUserId) VALUES ((SELECT Id FROM Customer WHERE Name='Liza Parking 1 Child 1'),(SELECT Id FROM Paystation WHERE SerialNumber='333322221127'),(SELECT Id FROM Location WHERE Name='Unassigned' AND CustomerId=(SELECT Id FROM Customer WHERE Name='Liza Parking 1 Child 1')),1,'Test Machine 19','333322221127',UTC_TIMESTAMP(),0,0,0,0,UTC_TIMESTAMP(),1);INSERT POSHeartbeat (PointOfSaleId, LastHeartbeatGMT) VALUES ((SELECT Id FROM PointOfSale WHERE (CustomerID = (SELECT Id FROM Customer WHERE Name='Liza Parking 1 Child 1') AND PaystationId=(SELECT Id FROM Paystation WHERE SerialNumber='333322221127'))),'2012-11-15 13:01:53');INSERT POSBalance (PointOfSaleId ,CollectionLockId ,ClusterId ,PrevCollectionLockId ,PrevPrevCollectionLockId ,CashAmount ,CoinCount ,CoinAmount ,BillCount ,BillAmount ,UnsettledCreditCardCount ,UnsettledCreditCardAmount ,TotalAmount ,LastCashCollectionGMT ,LastCoinCollectionGMT ,LastBillCollectionGMT ,LastCardCollectionGMT ,LastRecalcGMT  ,CollectionRecalcGMT ,CollectionRecalcTransactions ,HasRecentCollection ,IsRecalcable ,LastCollectionTypeId ,NextRecalcGMT) VALUES       ((SELECT Id FROM PointOfSale WHERE (CustomerID = (SELECT Id FROM Customer WHERE Name='Liza Parking 1 Child 1') AND PaystationId=(SELECT Id FROM Paystation WHERE SerialNumber='333322221127'))),NULL,NULL,NULL,NULL,0,0,0,0,0,0,0,0,UTC_TIMESTAMP(),UTC_TIMESTAMP(),UTC_TIMESTAMP() ,UTC_TIMESTAMP(),UTC_TIMESTAMP(),UTC_TIMESTAMP(),0,0,0,0,UTC_TIMESTAMP());
INSERT Paystation (PaystationTypeId,ModemTypeId,SerialNumber,IsDeleted,VERSION,LastModifiedGMT,LastModifiedByUserId) VALUES (2, 2, '333322221128', 1, 0, UTC_TIMESTAMP(), 1);INSERT PointOfSale (CustomerId,PaystationId,LocationId,PointOfSaleTypeId,Name,SerialNumber,ProvisionedGMT,Latitude,Longitude,AltitudeOrLevel,VERSION,LastModifiedGMT,LastModifiedByUserId) VALUES ((SELECT Id FROM Customer WHERE Name='Liza Parking 1 Child 1'),(SELECT Id FROM Paystation WHERE SerialNumber='333322221128'),(SELECT Id FROM Location WHERE Name='Unassigned' AND CustomerId=(SELECT Id FROM Customer WHERE Name='Liza Parking 1 Child 1')),1,'Test Machine 20','333322221128',UTC_TIMESTAMP(),0,0,0,0,UTC_TIMESTAMP(),1);INSERT POSHeartbeat (PointOfSaleId, LastHeartbeatGMT) VALUES ((SELECT Id FROM PointOfSale WHERE (CustomerID = (SELECT Id FROM Customer WHERE Name='Liza Parking 1 Child 1') AND PaystationId=(SELECT Id FROM Paystation WHERE SerialNumber='333322221128'))),'2012-11-15 13:01:53');INSERT POSBalance (PointOfSaleId ,CollectionLockId ,ClusterId ,PrevCollectionLockId ,PrevPrevCollectionLockId ,CashAmount ,CoinCount ,CoinAmount ,BillCount ,BillAmount ,UnsettledCreditCardCount ,UnsettledCreditCardAmount ,TotalAmount ,LastCashCollectionGMT ,LastCoinCollectionGMT ,LastBillCollectionGMT ,LastCardCollectionGMT ,LastRecalcGMT  ,CollectionRecalcGMT ,CollectionRecalcTransactions ,HasRecentCollection ,IsRecalcable ,LastCollectionTypeId ,NextRecalcGMT) VALUES       ((SELECT Id FROM PointOfSale WHERE (CustomerID = (SELECT Id FROM Customer WHERE Name='Liza Parking 1 Child 1') AND PaystationId=(SELECT Id FROM Paystation WHERE SerialNumber='333322221128'))),NULL,NULL,NULL,NULL,0,0,0,0,0,0,0,0,UTC_TIMESTAMP(),UTC_TIMESTAMP(),UTC_TIMESTAMP() ,UTC_TIMESTAMP(),UTC_TIMESTAMP(),UTC_TIMESTAMP(),0,0,0,0,UTC_TIMESTAMP());
INSERT Paystation (PaystationTypeId,ModemTypeId,SerialNumber,IsDeleted,VERSION,LastModifiedGMT,LastModifiedByUserId) VALUES (2, 2, '333322221129', 1, 0, UTC_TIMESTAMP(), 1);INSERT PointOfSale (CustomerId,PaystationId,LocationId,PointOfSaleTypeId,Name,SerialNumber,ProvisionedGMT,Latitude,Longitude,AltitudeOrLevel,VERSION,LastModifiedGMT,LastModifiedByUserId) VALUES ((SELECT Id FROM Customer WHERE Name='Liza Parking 1 Child 1'),(SELECT Id FROM Paystation WHERE SerialNumber='333322221129'),(SELECT Id FROM Location WHERE Name='Unassigned' AND CustomerId=(SELECT Id FROM Customer WHERE Name='Liza Parking 1 Child 1')),1,'Test Machine 21','333322221129',UTC_TIMESTAMP(),0,0,0,0,UTC_TIMESTAMP(),1);INSERT POSHeartbeat (PointOfSaleId, LastHeartbeatGMT) VALUES ((SELECT Id FROM PointOfSale WHERE (CustomerID = (SELECT Id FROM Customer WHERE Name='Liza Parking 1 Child 1') AND PaystationId=(SELECT Id FROM Paystation WHERE SerialNumber='333322221129'))),'2012-11-15 13:01:53');INSERT POSBalance (PointOfSaleId ,CollectionLockId ,ClusterId ,PrevCollectionLockId ,PrevPrevCollectionLockId ,CashAmount ,CoinCount ,CoinAmount ,BillCount ,BillAmount ,UnsettledCreditCardCount ,UnsettledCreditCardAmount ,TotalAmount ,LastCashCollectionGMT ,LastCoinCollectionGMT ,LastBillCollectionGMT ,LastCardCollectionGMT ,LastRecalcGMT  ,CollectionRecalcGMT ,CollectionRecalcTransactions ,HasRecentCollection ,IsRecalcable ,LastCollectionTypeId ,NextRecalcGMT) VALUES       ((SELECT Id FROM PointOfSale WHERE (CustomerID = (SELECT Id FROM Customer WHERE Name='Liza Parking 1 Child 1') AND PaystationId=(SELECT Id FROM Paystation WHERE SerialNumber='333322221129'))),NULL,NULL,NULL,NULL,0,0,0,0,0,0,0,0,UTC_TIMESTAMP(),UTC_TIMESTAMP(),UTC_TIMESTAMP() ,UTC_TIMESTAMP(),UTC_TIMESTAMP(),UTC_TIMESTAMP(),0,0,0,0,UTC_TIMESTAMP());
INSERT Paystation (PaystationTypeId,ModemTypeId,SerialNumber,IsDeleted,VERSION,LastModifiedGMT,LastModifiedByUserId) VALUES (2, 2, '333322221130', 1, 0, UTC_TIMESTAMP(), 1);INSERT PointOfSale (CustomerId,PaystationId,LocationId,PointOfSaleTypeId,Name,SerialNumber,ProvisionedGMT,Latitude,Longitude,AltitudeOrLevel,VERSION,LastModifiedGMT,LastModifiedByUserId) VALUES ((SELECT Id FROM Customer WHERE Name='Liza Parking 1 Child 1'),(SELECT Id FROM Paystation WHERE SerialNumber='333322221130'),(SELECT Id FROM Location WHERE Name='Unassigned' AND CustomerId=(SELECT Id FROM Customer WHERE Name='Liza Parking 1 Child 1')),1,'Test Machine 22','333322221130',UTC_TIMESTAMP(),0,0,0,0,UTC_TIMESTAMP(),1);INSERT POSHeartbeat (PointOfSaleId, LastHeartbeatGMT) VALUES ((SELECT Id FROM PointOfSale WHERE (CustomerID = (SELECT Id FROM Customer WHERE Name='Liza Parking 1 Child 1') AND PaystationId=(SELECT Id FROM Paystation WHERE SerialNumber='333322221130'))),'2012-11-15 13:01:53');INSERT POSBalance (PointOfSaleId ,CollectionLockId ,ClusterId ,PrevCollectionLockId ,PrevPrevCollectionLockId ,CashAmount ,CoinCount ,CoinAmount ,BillCount ,BillAmount ,UnsettledCreditCardCount ,UnsettledCreditCardAmount ,TotalAmount ,LastCashCollectionGMT ,LastCoinCollectionGMT ,LastBillCollectionGMT ,LastCardCollectionGMT ,LastRecalcGMT  ,CollectionRecalcGMT ,CollectionRecalcTransactions ,HasRecentCollection ,IsRecalcable ,LastCollectionTypeId ,NextRecalcGMT) VALUES       ((SELECT Id FROM PointOfSale WHERE (CustomerID = (SELECT Id FROM Customer WHERE Name='Liza Parking 1 Child 1') AND PaystationId=(SELECT Id FROM Paystation WHERE SerialNumber='333322221130'))),NULL,NULL,NULL,NULL,0,0,0,0,0,0,0,0,UTC_TIMESTAMP(),UTC_TIMESTAMP(),UTC_TIMESTAMP() ,UTC_TIMESTAMP(),UTC_TIMESTAMP(),UTC_TIMESTAMP(),0,0,0,0,UTC_TIMESTAMP());
INSERT Paystation (PaystationTypeId,ModemTypeId,SerialNumber,IsDeleted,VERSION,LastModifiedGMT,LastModifiedByUserId) VALUES (2, 2, '333322221131', 1, 0, UTC_TIMESTAMP(), 1);INSERT PointOfSale (CustomerId,PaystationId,LocationId,PointOfSaleTypeId,Name,SerialNumber,ProvisionedGMT,Latitude,Longitude,AltitudeOrLevel,VERSION,LastModifiedGMT,LastModifiedByUserId) VALUES ((SELECT Id FROM Customer WHERE Name='Liza Parking 1 Child 1'),(SELECT Id FROM Paystation WHERE SerialNumber='333322221131'),(SELECT Id FROM Location WHERE Name='Unassigned' AND CustomerId=(SELECT Id FROM Customer WHERE Name='Liza Parking 1 Child 1')),1,'Test Machine 23','333322221131',UTC_TIMESTAMP(),0,0,0,0,UTC_TIMESTAMP(),1);INSERT POSHeartbeat (PointOfSaleId, LastHeartbeatGMT) VALUES ((SELECT Id FROM PointOfSale WHERE (CustomerID = (SELECT Id FROM Customer WHERE Name='Liza Parking 1 Child 1') AND PaystationId=(SELECT Id FROM Paystation WHERE SerialNumber='333322221131'))),'2012-11-15 13:01:53');INSERT POSBalance (PointOfSaleId ,CollectionLockId ,ClusterId ,PrevCollectionLockId ,PrevPrevCollectionLockId ,CashAmount ,CoinCount ,CoinAmount ,BillCount ,BillAmount ,UnsettledCreditCardCount ,UnsettledCreditCardAmount ,TotalAmount ,LastCashCollectionGMT ,LastCoinCollectionGMT ,LastBillCollectionGMT ,LastCardCollectionGMT ,LastRecalcGMT  ,CollectionRecalcGMT ,CollectionRecalcTransactions ,HasRecentCollection ,IsRecalcable ,LastCollectionTypeId ,NextRecalcGMT) VALUES       ((SELECT Id FROM PointOfSale WHERE (CustomerID = (SELECT Id FROM Customer WHERE Name='Liza Parking 1 Child 1') AND PaystationId=(SELECT Id FROM Paystation WHERE SerialNumber='333322221131'))),NULL,NULL,NULL,NULL,0,0,0,0,0,0,0,0,UTC_TIMESTAMP(),UTC_TIMESTAMP(),UTC_TIMESTAMP() ,UTC_TIMESTAMP(),UTC_TIMESTAMP(),UTC_TIMESTAMP(),0,0,0,0,UTC_TIMESTAMP());
INSERT Paystation (PaystationTypeId,ModemTypeId,SerialNumber,IsDeleted,VERSION,LastModifiedGMT,LastModifiedByUserId) VALUES (2, 2, '333322221132', 1, 0, UTC_TIMESTAMP(), 1);INSERT PointOfSale (CustomerId,PaystationId,LocationId,PointOfSaleTypeId,Name,SerialNumber,ProvisionedGMT,Latitude,Longitude,AltitudeOrLevel,VERSION,LastModifiedGMT,LastModifiedByUserId) VALUES ((SELECT Id FROM Customer WHERE Name='Liza Parking 1 Child 1'),(SELECT Id FROM Paystation WHERE SerialNumber='333322221132'),(SELECT Id FROM Location WHERE Name='Unassigned' AND CustomerId=(SELECT Id FROM Customer WHERE Name='Liza Parking 1 Child 1')),1,'Test Machine 24','333322221132',UTC_TIMESTAMP(),0,0,0,0,UTC_TIMESTAMP(),1);INSERT POSHeartbeat (PointOfSaleId, LastHeartbeatGMT) VALUES ((SELECT Id FROM PointOfSale WHERE (CustomerID = (SELECT Id FROM Customer WHERE Name='Liza Parking 1 Child 1') AND PaystationId=(SELECT Id FROM Paystation WHERE SerialNumber='333322221132'))),'2012-11-15 13:01:53');INSERT POSBalance (PointOfSaleId ,CollectionLockId ,ClusterId ,PrevCollectionLockId ,PrevPrevCollectionLockId ,CashAmount ,CoinCount ,CoinAmount ,BillCount ,BillAmount ,UnsettledCreditCardCount ,UnsettledCreditCardAmount ,TotalAmount ,LastCashCollectionGMT ,LastCoinCollectionGMT ,LastBillCollectionGMT ,LastCardCollectionGMT ,LastRecalcGMT  ,CollectionRecalcGMT ,CollectionRecalcTransactions ,HasRecentCollection ,IsRecalcable ,LastCollectionTypeId ,NextRecalcGMT) VALUES       ((SELECT Id FROM PointOfSale WHERE (CustomerID = (SELECT Id FROM Customer WHERE Name='Liza Parking 1 Child 1') AND PaystationId=(SELECT Id FROM Paystation WHERE SerialNumber='333322221132'))),NULL,NULL,NULL,NULL,0,0,0,0,0,0,0,0,UTC_TIMESTAMP(),UTC_TIMESTAMP(),UTC_TIMESTAMP() ,UTC_TIMESTAMP(),UTC_TIMESTAMP(),UTC_TIMESTAMP(),0,0,0,0,UTC_TIMESTAMP());
INSERT Paystation (PaystationTypeId,ModemTypeId,SerialNumber,IsDeleted,VERSION,LastModifiedGMT,LastModifiedByUserId) VALUES (2, 2, '333322221133', 1, 0, UTC_TIMESTAMP(), 1);INSERT PointOfSale (CustomerId,PaystationId,LocationId,PointOfSaleTypeId,Name,SerialNumber,ProvisionedGMT,Latitude,Longitude,AltitudeOrLevel,VERSION,LastModifiedGMT,LastModifiedByUserId) VALUES ((SELECT Id FROM Customer WHERE Name='Liza Parking 1 Child 1'),(SELECT Id FROM Paystation WHERE SerialNumber='333322221133'),(SELECT Id FROM Location WHERE Name='Unassigned' AND CustomerId=(SELECT Id FROM Customer WHERE Name='Liza Parking 1 Child 1')),1,'Test Machine 25','333322221133',UTC_TIMESTAMP(),0,0,0,0,UTC_TIMESTAMP(),1);INSERT POSHeartbeat (PointOfSaleId, LastHeartbeatGMT) VALUES ((SELECT Id FROM PointOfSale WHERE (CustomerID = (SELECT Id FROM Customer WHERE Name='Liza Parking 1 Child 1') AND PaystationId=(SELECT Id FROM Paystation WHERE SerialNumber='333322221133'))),'2012-11-15 13:01:53');INSERT POSBalance (PointOfSaleId ,CollectionLockId ,ClusterId ,PrevCollectionLockId ,PrevPrevCollectionLockId ,CashAmount ,CoinCount ,CoinAmount ,BillCount ,BillAmount ,UnsettledCreditCardCount ,UnsettledCreditCardAmount ,TotalAmount ,LastCashCollectionGMT ,LastCoinCollectionGMT ,LastBillCollectionGMT ,LastCardCollectionGMT ,LastRecalcGMT  ,CollectionRecalcGMT ,CollectionRecalcTransactions ,HasRecentCollection ,IsRecalcable ,LastCollectionTypeId ,NextRecalcGMT) VALUES       ((SELECT Id FROM PointOfSale WHERE (CustomerID = (SELECT Id FROM Customer WHERE Name='Liza Parking 1 Child 1') AND PaystationId=(SELECT Id FROM Paystation WHERE SerialNumber='333322221133'))),NULL,NULL,NULL,NULL,0,0,0,0,0,0,0,0,UTC_TIMESTAMP(),UTC_TIMESTAMP(),UTC_TIMESTAMP() ,UTC_TIMESTAMP(),UTC_TIMESTAMP(),UTC_TIMESTAMP(),0,0,0,0,UTC_TIMESTAMP());
INSERT Paystation (PaystationTypeId,ModemTypeId,SerialNumber,IsDeleted,VERSION,LastModifiedGMT,LastModifiedByUserId) VALUES (2, 2, '333322221134', 1, 0, UTC_TIMESTAMP(), 1);INSERT PointOfSale (CustomerId,PaystationId,LocationId,PointOfSaleTypeId,Name,SerialNumber,ProvisionedGMT,Latitude,Longitude,AltitudeOrLevel,VERSION,LastModifiedGMT,LastModifiedByUserId) VALUES ((SELECT Id FROM Customer WHERE Name='Liza Parking 1 Child 1'),(SELECT Id FROM Paystation WHERE SerialNumber='333322221134'),(SELECT Id FROM Location WHERE Name='Unassigned' AND CustomerId=(SELECT Id FROM Customer WHERE Name='Liza Parking 1 Child 1')),1,'Test Machine 26','333322221134',UTC_TIMESTAMP(),0,0,0,0,UTC_TIMESTAMP(),1);INSERT POSHeartbeat (PointOfSaleId, LastHeartbeatGMT) VALUES ((SELECT Id FROM PointOfSale WHERE (CustomerID = (SELECT Id FROM Customer WHERE Name='Liza Parking 1 Child 1') AND PaystationId=(SELECT Id FROM Paystation WHERE SerialNumber='333322221134'))),'2012-11-15 13:01:53');INSERT POSBalance (PointOfSaleId ,CollectionLockId ,ClusterId ,PrevCollectionLockId ,PrevPrevCollectionLockId ,CashAmount ,CoinCount ,CoinAmount ,BillCount ,BillAmount ,UnsettledCreditCardCount ,UnsettledCreditCardAmount ,TotalAmount ,LastCashCollectionGMT ,LastCoinCollectionGMT ,LastBillCollectionGMT ,LastCardCollectionGMT ,LastRecalcGMT  ,CollectionRecalcGMT ,CollectionRecalcTransactions ,HasRecentCollection ,IsRecalcable ,LastCollectionTypeId ,NextRecalcGMT) VALUES       ((SELECT Id FROM PointOfSale WHERE (CustomerID = (SELECT Id FROM Customer WHERE Name='Liza Parking 1 Child 1') AND PaystationId=(SELECT Id FROM Paystation WHERE SerialNumber='333322221134'))),NULL,NULL,NULL,NULL,0,0,0,0,0,0,0,0,UTC_TIMESTAMP(),UTC_TIMESTAMP(),UTC_TIMESTAMP() ,UTC_TIMESTAMP(),UTC_TIMESTAMP(),UTC_TIMESTAMP(),0,0,0,0,UTC_TIMESTAMP());
INSERT Paystation (PaystationTypeId,ModemTypeId,SerialNumber,IsDeleted,VERSION,LastModifiedGMT,LastModifiedByUserId) VALUES (2, 2, '333322221135', 1, 0, UTC_TIMESTAMP(), 1);INSERT PointOfSale (CustomerId,PaystationId,LocationId,PointOfSaleTypeId,Name,SerialNumber,ProvisionedGMT,Latitude,Longitude,AltitudeOrLevel,VERSION,LastModifiedGMT,LastModifiedByUserId) VALUES ((SELECT Id FROM Customer WHERE Name='Liza Parking 1 Child 1'),(SELECT Id FROM Paystation WHERE SerialNumber='333322221135'),(SELECT Id FROM Location WHERE Name='Unassigned' AND CustomerId=(SELECT Id FROM Customer WHERE Name='Liza Parking 1 Child 1')),1,'Test Machine 27','333322221135',UTC_TIMESTAMP(),0,0,0,0,UTC_TIMESTAMP(),1);INSERT POSHeartbeat (PointOfSaleId, LastHeartbeatGMT) VALUES ((SELECT Id FROM PointOfSale WHERE (CustomerID = (SELECT Id FROM Customer WHERE Name='Liza Parking 1 Child 1') AND PaystationId=(SELECT Id FROM Paystation WHERE SerialNumber='333322221135'))),'2012-11-15 13:01:53');INSERT POSBalance (PointOfSaleId ,CollectionLockId ,ClusterId ,PrevCollectionLockId ,PrevPrevCollectionLockId ,CashAmount ,CoinCount ,CoinAmount ,BillCount ,BillAmount ,UnsettledCreditCardCount ,UnsettledCreditCardAmount ,TotalAmount ,LastCashCollectionGMT ,LastCoinCollectionGMT ,LastBillCollectionGMT ,LastCardCollectionGMT ,LastRecalcGMT  ,CollectionRecalcGMT ,CollectionRecalcTransactions ,HasRecentCollection ,IsRecalcable ,LastCollectionTypeId ,NextRecalcGMT) VALUES       ((SELECT Id FROM PointOfSale WHERE (CustomerID = (SELECT Id FROM Customer WHERE Name='Liza Parking 1 Child 1') AND PaystationId=(SELECT Id FROM Paystation WHERE SerialNumber='333322221135'))),NULL,NULL,NULL,NULL,0,0,0,0,0,0,0,0,UTC_TIMESTAMP(),UTC_TIMESTAMP(),UTC_TIMESTAMP() ,UTC_TIMESTAMP(),UTC_TIMESTAMP(),UTC_TIMESTAMP(),0,0,0,0,UTC_TIMESTAMP());
INSERT Paystation (PaystationTypeId,ModemTypeId,SerialNumber,IsDeleted,VERSION,LastModifiedGMT,LastModifiedByUserId) VALUES (2, 2, '333322221136', 1, 0, UTC_TIMESTAMP(), 1);INSERT PointOfSale (CustomerId,PaystationId,LocationId,PointOfSaleTypeId,Name,SerialNumber,ProvisionedGMT,Latitude,Longitude,AltitudeOrLevel,VERSION,LastModifiedGMT,LastModifiedByUserId) VALUES ((SELECT Id FROM Customer WHERE Name='Liza Parking 1 Child 1'),(SELECT Id FROM Paystation WHERE SerialNumber='333322221136'),(SELECT Id FROM Location WHERE Name='Unassigned' AND CustomerId=(SELECT Id FROM Customer WHERE Name='Liza Parking 1 Child 1')),1,'Test Machine 28','333322221136',UTC_TIMESTAMP(),0,0,0,0,UTC_TIMESTAMP(),1);INSERT POSHeartbeat (PointOfSaleId, LastHeartbeatGMT) VALUES ((SELECT Id FROM PointOfSale WHERE (CustomerID = (SELECT Id FROM Customer WHERE Name='Liza Parking 1 Child 1') AND PaystationId=(SELECT Id FROM Paystation WHERE SerialNumber='333322221136'))),'2012-11-15 13:01:53');INSERT POSBalance (PointOfSaleId ,CollectionLockId ,ClusterId ,PrevCollectionLockId ,PrevPrevCollectionLockId ,CashAmount ,CoinCount ,CoinAmount ,BillCount ,BillAmount ,UnsettledCreditCardCount ,UnsettledCreditCardAmount ,TotalAmount ,LastCashCollectionGMT ,LastCoinCollectionGMT ,LastBillCollectionGMT ,LastCardCollectionGMT ,LastRecalcGMT  ,CollectionRecalcGMT ,CollectionRecalcTransactions ,HasRecentCollection ,IsRecalcable ,LastCollectionTypeId ,NextRecalcGMT) VALUES       ((SELECT Id FROM PointOfSale WHERE (CustomerID = (SELECT Id FROM Customer WHERE Name='Liza Parking 1 Child 1') AND PaystationId=(SELECT Id FROM Paystation WHERE SerialNumber='333322221136'))),NULL,NULL,NULL,NULL,0,0,0,0,0,0,0,0,UTC_TIMESTAMP(),UTC_TIMESTAMP(),UTC_TIMESTAMP() ,UTC_TIMESTAMP(),UTC_TIMESTAMP(),UTC_TIMESTAMP(),0,0,0,0,UTC_TIMESTAMP());
INSERT Paystation (PaystationTypeId,ModemTypeId,SerialNumber,IsDeleted,VERSION,LastModifiedGMT,LastModifiedByUserId) VALUES (2, 2, '333322221137', 1, 0, UTC_TIMESTAMP(), 1);INSERT PointOfSale (CustomerId,PaystationId,LocationId,PointOfSaleTypeId,Name,SerialNumber,ProvisionedGMT,Latitude,Longitude,AltitudeOrLevel,VERSION,LastModifiedGMT,LastModifiedByUserId) VALUES ((SELECT Id FROM Customer WHERE Name='Liza Parking 1 Child 1'),(SELECT Id FROM Paystation WHERE SerialNumber='333322221137'),(SELECT Id FROM Location WHERE Name='Unassigned' AND CustomerId=(SELECT Id FROM Customer WHERE Name='Liza Parking 1 Child 1')),1,'Test Machine 29','333322221137',UTC_TIMESTAMP(),0,0,0,0,UTC_TIMESTAMP(),1);INSERT POSHeartbeat (PointOfSaleId, LastHeartbeatGMT) VALUES ((SELECT Id FROM PointOfSale WHERE (CustomerID = (SELECT Id FROM Customer WHERE Name='Liza Parking 1 Child 1') AND PaystationId=(SELECT Id FROM Paystation WHERE SerialNumber='333322221137'))),'2012-11-15 13:01:53');INSERT POSBalance (PointOfSaleId ,CollectionLockId ,ClusterId ,PrevCollectionLockId ,PrevPrevCollectionLockId ,CashAmount ,CoinCount ,CoinAmount ,BillCount ,BillAmount ,UnsettledCreditCardCount ,UnsettledCreditCardAmount ,TotalAmount ,LastCashCollectionGMT ,LastCoinCollectionGMT ,LastBillCollectionGMT ,LastCardCollectionGMT ,LastRecalcGMT  ,CollectionRecalcGMT ,CollectionRecalcTransactions ,HasRecentCollection ,IsRecalcable ,LastCollectionTypeId ,NextRecalcGMT) VALUES       ((SELECT Id FROM PointOfSale WHERE (CustomerID = (SELECT Id FROM Customer WHERE Name='Liza Parking 1 Child 1') AND PaystationId=(SELECT Id FROM Paystation WHERE SerialNumber='333322221137'))),NULL,NULL,NULL,NULL,0,0,0,0,0,0,0,0,UTC_TIMESTAMP(),UTC_TIMESTAMP(),UTC_TIMESTAMP() ,UTC_TIMESTAMP(),UTC_TIMESTAMP(),UTC_TIMESTAMP(),0,0,0,0,UTC_TIMESTAMP());
INSERT Paystation (PaystationTypeId,ModemTypeId,SerialNumber,IsDeleted,VERSION,LastModifiedGMT,LastModifiedByUserId) VALUES (2, 2, '333322221138', 1, 0, UTC_TIMESTAMP(), 1);INSERT PointOfSale (CustomerId,PaystationId,LocationId,PointOfSaleTypeId,Name,SerialNumber,ProvisionedGMT,Latitude,Longitude,AltitudeOrLevel,VERSION,LastModifiedGMT,LastModifiedByUserId) VALUES ((SELECT Id FROM Customer WHERE Name='Liza Parking 1 Child 1'),(SELECT Id FROM Paystation WHERE SerialNumber='333322221138'),(SELECT Id FROM Location WHERE Name='Unassigned' AND CustomerId=(SELECT Id FROM Customer WHERE Name='Liza Parking 1 Child 1')),1,'Test Machine 30','333322221138',UTC_TIMESTAMP(),0,0,0,0,UTC_TIMESTAMP(),1);INSERT POSHeartbeat (PointOfSaleId, LastHeartbeatGMT) VALUES ((SELECT Id FROM PointOfSale WHERE (CustomerID = (SELECT Id FROM Customer WHERE Name='Liza Parking 1 Child 1') AND PaystationId=(SELECT Id FROM Paystation WHERE SerialNumber='333322221138'))),'2012-11-15 13:01:53');INSERT POSBalance (PointOfSaleId ,CollectionLockId ,ClusterId ,PrevCollectionLockId ,PrevPrevCollectionLockId ,CashAmount ,CoinCount ,CoinAmount ,BillCount ,BillAmount ,UnsettledCreditCardCount ,UnsettledCreditCardAmount ,TotalAmount ,LastCashCollectionGMT ,LastCoinCollectionGMT ,LastBillCollectionGMT ,LastCardCollectionGMT ,LastRecalcGMT  ,CollectionRecalcGMT ,CollectionRecalcTransactions ,HasRecentCollection ,IsRecalcable ,LastCollectionTypeId ,NextRecalcGMT) VALUES       ((SELECT Id FROM PointOfSale WHERE (CustomerID = (SELECT Id FROM Customer WHERE Name='Liza Parking 1 Child 1') AND PaystationId=(SELECT Id FROM Paystation WHERE SerialNumber='333322221138'))),NULL,NULL,NULL,NULL,0,0,0,0,0,0,0,0,UTC_TIMESTAMP(),UTC_TIMESTAMP(),UTC_TIMESTAMP() ,UTC_TIMESTAMP(),UTC_TIMESTAMP(),UTC_TIMESTAMP(),0,0,0,0,UTC_TIMESTAMP());
















-- Roles

-- Custom Roles

INSERT Role (CustomerTypeId, RoleStatusTypeId, Name, IsAdmin, IsLocked, ClonedRoleId, VERSION, LastModifiedGMT, LastModifiedByUserId) VALUES (3, 1, 'Collections', 0, 0, null, 0, UTC_TIMESTAMP(), 1) ;INSERT CustomerRole (CustomerId, RoleId, VERSION, LastModifiedGMT, LastModifiedByUserId) VALUES ( (SELECT Id FROM Customer WHERE Name='Liza Parking 1 Child 1'), (SELECT LAST_INSERT_ID()), 0, UTC_TIMESTAMP(), 1);
INSERT Role (CustomerTypeId, RoleStatusTypeId, Name, IsAdmin, IsLocked, ClonedRoleId, VERSION, LastModifiedGMT, LastModifiedByUserId) VALUES (3, 1, 'Maintenance', 0, 0, null, 0, UTC_TIMESTAMP(), 1) ;INSERT CustomerRole (CustomerId, RoleId, VERSION, LastModifiedGMT, LastModifiedByUserId) VALUES ( (SELECT Id FROM Customer WHERE Name='Liza Parking 1 Child 1'), (SELECT LAST_INSERT_ID()), 0, UTC_TIMESTAMP(), 1);
INSERT Role (CustomerTypeId, RoleStatusTypeId, Name, IsAdmin, IsLocked, ClonedRoleId, VERSION, LastModifiedGMT, LastModifiedByUserId) VALUES (3, 1, 'Enforcement', 0, 0, null, 0, UTC_TIMESTAMP(), 1) ;INSERT CustomerRole (CustomerId, RoleId, VERSION, LastModifiedGMT, LastModifiedByUserId) VALUES ( (SELECT Id FROM Customer WHERE Name='Liza Parking 1 Child 1'), (SELECT LAST_INSERT_ID()), 0, UTC_TIMESTAMP(), 1);

-- Permissions




INSERT RolePermission (RoleId, PermissionId, VERSION, LastModifiedGMT, LastModifiedByUserId) VALUES ( (SELECT r.Id FROM Role r, CustomerRole c WHERE c.RoleID=r.Id AND c.CustomerId=(SELECT Id FROM Customer WHERE Name='Liza Parking 1 Child 1') AND r.Name='Collections'), 201, 0, UTC_TIMESTAMP(), 1);INSERT RolePermission (RoleId, PermissionId, VERSION, LastModifiedGMT, LastModifiedByUserId) VALUES ( (SELECT r.Id FROM Role r, CustomerRole c WHERE c.RoleID=r.Id AND c.CustomerId=(SELECT Id FROM Customer WHERE Name='Liza Parking 1 Child 1') AND r.Name='Maintenance'), 201, 0, UTC_TIMESTAMP(), 1);

INSERT RolePermission (RoleId, PermissionId, VERSION, LastModifiedGMT, LastModifiedByUserId) VALUES ( (SELECT r.Id FROM Role r, CustomerRole c WHERE c.RoleID=r.Id AND c.CustomerId=(SELECT Id FROM Customer WHERE Name='Liza Parking 1 Child 1') AND r.Name='Collections'), 300, 0, UTC_TIMESTAMP(), 1);
INSERT RolePermission (RoleId, PermissionId, VERSION, LastModifiedGMT, LastModifiedByUserId) VALUES ( (SELECT r.Id FROM Role r, CustomerRole c WHERE c.RoleID=r.Id AND c.CustomerId=(SELECT Id FROM Customer WHERE Name='Liza Parking 1 Child 1') AND r.Name='Collections'), 301, 0, UTC_TIMESTAMP(), 1);




























INSERT RolePermission (RoleId, PermissionId, VERSION, LastModifiedGMT, LastModifiedByUserId) VALUES ( (SELECT r.Id FROM Role r, CustomerRole c WHERE c.RoleID=r.Id AND c.CustomerId=(SELECT Id FROM Customer WHERE Name='Liza Parking 1 Child 1') AND r.Name='Collections'), 1001, 0, UTC_TIMESTAMP(), 1);INSERT RolePermission (RoleId, PermissionId, VERSION, LastModifiedGMT, LastModifiedByUserId) VALUES ( (SELECT r.Id FROM Role r, CustomerRole c WHERE c.RoleID=r.Id AND c.CustomerId=(SELECT Id FROM Customer WHERE Name='Liza Parking 1 Child 1') AND r.Name='Maintenance'), 1001, 0, UTC_TIMESTAMP(), 1);INSERT RolePermission (RoleId, PermissionId, VERSION, LastModifiedGMT, LastModifiedByUserId) VALUES ( (SELECT r.Id FROM Role r, CustomerRole c WHERE c.RoleID=r.Id AND c.CustomerId=(SELECT Id FROM Customer WHERE Name='Liza Parking 1 Child 1') AND r.Name='Enforcement'), 1001, 0, UTC_TIMESTAMP(), 1);

INSERT RolePermission (RoleId, PermissionId, VERSION, LastModifiedGMT, LastModifiedByUserId) VALUES ( (SELECT r.Id FROM Role r, CustomerRole c WHERE c.RoleID=r.Id AND c.CustomerId=(SELECT Id FROM Customer WHERE Name='Liza Parking 1 Child 1') AND r.Name='Collections'), 1003, 0, UTC_TIMESTAMP(), 1);INSERT RolePermission (RoleId, PermissionId, VERSION, LastModifiedGMT, LastModifiedByUserId) VALUES ( (SELECT r.Id FROM Role r, CustomerRole c WHERE c.RoleID=r.Id AND c.CustomerId=(SELECT Id FROM Customer WHERE Name='Liza Parking 1 Child 1') AND r.Name='Maintenance'), 1003, 0, UTC_TIMESTAMP(), 1);INSERT RolePermission (RoleId, PermissionId, VERSION, LastModifiedGMT, LastModifiedByUserId) VALUES ( (SELECT r.Id FROM Role r, CustomerRole c WHERE c.RoleID=r.Id AND c.CustomerId=(SELECT Id FROM Customer WHERE Name='Liza Parking 1 Child 1') AND r.Name='Enforcement'), 1003, 0, UTC_TIMESTAMP(), 1);

INSERT RolePermission (RoleId, PermissionId, VERSION, LastModifiedGMT, LastModifiedByUserId) VALUES ( (SELECT r.Id FROM Role r, CustomerRole c WHERE c.RoleID=r.Id AND c.CustomerId=(SELECT Id FROM Customer WHERE Name='Liza Parking 1 Child 1') AND r.Name='Collections'), 1005, 0, UTC_TIMESTAMP(), 1);INSERT RolePermission (RoleId, PermissionId, VERSION, LastModifiedGMT, LastModifiedByUserId) VALUES ( (SELECT r.Id FROM Role r, CustomerRole c WHERE c.RoleID=r.Id AND c.CustomerId=(SELECT Id FROM Customer WHERE Name='Liza Parking 1 Child 1') AND r.Name='Maintenance'), 1005, 0, UTC_TIMESTAMP(), 1);INSERT RolePermission (RoleId, PermissionId, VERSION, LastModifiedGMT, LastModifiedByUserId) VALUES ( (SELECT r.Id FROM Role r, CustomerRole c WHERE c.RoleID=r.Id AND c.CustomerId=(SELECT Id FROM Customer WHERE Name='Liza Parking 1 Child 1') AND r.Name='Enforcement'), 1005, 0, UTC_TIMESTAMP(), 1);


INSERT RolePermission (RoleId, PermissionId, VERSION, LastModifiedGMT, LastModifiedByUserId) VALUES ( (SELECT r.Id FROM Role r, CustomerRole c WHERE c.RoleID=r.Id AND c.CustomerId=(SELECT Id FROM Customer WHERE Name='Liza Parking 1 Child 1') AND r.Name='Enforcement'), 1008, 0, UTC_TIMESTAMP(), 1);



















-- User Accounts

INSERT CustomerEmail (CustomerId, Email, VERSION, LastModifiedGMT, LastModifiedByUserId) VALUES ( (SELECT Id FROM Customer WHERE Name='Liza Parking 1 Child 1'),'liza.tikhova3@digitalpaytech.com', 0, UTC_TIMESTAMP(), 1);INSERT UserAccount (CustomerId, UserStatusTypeId, UserName, CustomerEmailId, FirstName, LastName, Password, PasswordSalt, IsPasswordTemporary, VERSION, LastModifiedGMT, LastModifiedByUserId) VALUES ( (SELECT Id FROM Customer WHERE Name='Liza Parking 1 Child 1'), 1, 'Child+1+Admin', (SELECT Id FROM CustomerEmail WHERE Email='liza.tikhova3@digitalpaytech.com'), 'Liza', 'Tikhova', '87fb3aebffbea75c90f32b81dc6f94762dbcfd70', 'salt', 0, 0, UTC_TIMESTAMP(), 1);INSERT UserDefaultDashboard (UserAccountId, IsDefaultDashboard, VERSION, LastModifiedGMT, LastModifiedByUserId) VALUES ((SELECT Id FROM UserAccount WHERE Username='Child+1+Admin'), 1, 0, UTC_TIMESTAMP(), 1);INSERT UserRole (UserAccountId, RoleId, VERSION, LastModifiedGMT, LastModifiedByUserId) VALUES ((SELECT Id FROM UserAccount WHERE Username='Child+1+Admin'), 3, 0, UTC_TIMESTAMP(), 1);
INSERT CustomerEmail (CustomerId, Email, VERSION, LastModifiedGMT, LastModifiedByUserId) VALUES ( (SELECT Id FROM Customer WHERE Name='Liza Parking 1 Child 1'),'liza.tikhova22@digitalpaytech.com', 0, UTC_TIMESTAMP(), 1);INSERT UserAccount (CustomerId, UserStatusTypeId, UserName, CustomerEmailId, FirstName, LastName, Password, PasswordSalt, IsPasswordTemporary, VERSION, LastModifiedGMT, LastModifiedByUserId) VALUES ( (SELECT Id FROM Customer WHERE Name='Liza Parking 1 Child 1'), 1, 'Child+1+maint', (SELECT Id FROM CustomerEmail WHERE Email='liza.tikhova22@digitalpaytech.com'), 'Justin', 'Handyman', '58ae83e00383273590f96b385ddd700802c3f07d', 'salt', 1, 0, UTC_TIMESTAMP(), 1);INSERT UserDefaultDashboard (UserAccountId, IsDefaultDashboard, VERSION, LastModifiedGMT, LastModifiedByUserId) VALUES ((SELECT Id FROM UserAccount WHERE Username='Child+1+maint'), 1, 0, UTC_TIMESTAMP(), 1);INSERT UserRole (UserAccountId, RoleId, VERSION, LastModifiedGMT, LastModifiedByUserId) VALUES ((SELECT Id FROM UserAccount WHERE Username='Child+1+maint'), (SELECT r.Id FROM Role r, CustomerRole c WHERE c.RoleID=r.Id AND c.CustomerId=(SELECT Id FROM Customer WHERE Name='Liza Parking 1 Child 1') AND r.Name='Collections'), 0, UTC_TIMESTAMP(), 1);
INSERT CustomerEmail (CustomerId, Email, VERSION, LastModifiedGMT, LastModifiedByUserId) VALUES ( (SELECT Id FROM Customer WHERE Name='Liza Parking 1 Child 1'),'liza.tikhova4@digitalpaytech.com', 0, UTC_TIMESTAMP(), 1);INSERT UserAccount (CustomerId, UserStatusTypeId, UserName, CustomerEmailId, FirstName, LastName, Password, PasswordSalt, IsPasswordTemporary, VERSION, LastModifiedGMT, LastModifiedByUserId) VALUES ( (SELECT Id FROM Customer WHERE Name='Liza Parking 1 Child 1'), 1, 'Child+1+collect', (SELECT Id FROM CustomerEmail WHERE Email='liza.tikhova4@digitalpaytech.com'), 'John', 'Moneyguy', '58ae83e00383273590f96b385ddd700802c3f07d', 'salt', 1, 0, UTC_TIMESTAMP(), 1);INSERT UserDefaultDashboard (UserAccountId, IsDefaultDashboard, VERSION, LastModifiedGMT, LastModifiedByUserId) VALUES ((SELECT Id FROM UserAccount WHERE Username='Child+1+collect'), 1, 0, UTC_TIMESTAMP(), 1);INSERT UserRole (UserAccountId, RoleId, VERSION, LastModifiedGMT, LastModifiedByUserId) VALUES ((SELECT Id FROM UserAccount WHERE Username='Child+1+collect'), (SELECT r.Id FROM Role r, CustomerRole c WHERE c.RoleID=r.Id AND c.CustomerId=(SELECT Id FROM Customer WHERE Name='Liza Parking 1 Child 1') AND r.Name='Maintenance'), 0, UTC_TIMESTAMP(), 1);
INSERT CustomerEmail (CustomerId, Email, VERSION, LastModifiedGMT, LastModifiedByUserId) VALUES ( (SELECT Id FROM Customer WHERE Name='Liza Parking 1 Child 1'),'liza.tikhova5@digitalpaytech.com', 0, UTC_TIMESTAMP(), 1);INSERT UserAccount (CustomerId, UserStatusTypeId, UserName, CustomerEmailId, FirstName, LastName, Password, PasswordSalt, IsPasswordTemporary, VERSION, LastModifiedGMT, LastModifiedByUserId) VALUES ( (SELECT Id FROM Customer WHERE Name='Liza Parking 1 Child 1'), 1, 'Child+1+Enforce', (SELECT Id FROM CustomerEmail WHERE Email='liza.tikhova5@digitalpaytech.com'), 'Peter', 'Wolf', '58ae83e00383273590f96b385ddd700802c3f07d', 'salt', 1, 0, UTC_TIMESTAMP(), 1);INSERT UserDefaultDashboard (UserAccountId, IsDefaultDashboard, VERSION, LastModifiedGMT, LastModifiedByUserId) VALUES ((SELECT Id FROM UserAccount WHERE Username='Child+1+Enforce'), 1, 0, UTC_TIMESTAMP(), 1);INSERT UserRole (UserAccountId, RoleId, VERSION, LastModifiedGMT, LastModifiedByUserId) VALUES ((SELECT Id FROM UserAccount WHERE Username='Child+1+Enforce'), (SELECT r.Id FROM Role r, CustomerRole c WHERE c.RoleID=r.Id AND c.CustomerId=(SELECT Id FROM Customer WHERE Name='Liza Parking 1 Child 1') AND r.Name='Enforcement'), 0, UTC_TIMESTAMP(), 1);



-- *** Liza Parking 1 Child 2 ***
-- Customer
INSERT Customer (CustomerTypeId, CustomerStatusTypeId, ParentCustomerId, Name, IsParent, VERSION, LastModifiedGMT, LastModifiedByUserId) VALUES (3, 1, (SELECT Id From (SELECT * FROM Customer) AS x WHERE Name ='Liza Parking 1'), 'Liza Parking 1 Child 2', 0, 0, UTC_TIMESTAMP(), 1);


-- T&C Not Accepted






-- Subscribed Services
INSERT CustomerSubscription (CustomerId, SubscriptionTypeId, IsEnabled, VERSION, LastModifiedGMT, LastModifiedByUserId) VALUES ( (SELECT ID From Customer WHERE Name='Liza Parking 1 Child 2'), 100, 1, 0, UTC_TIMESTAMP(), 1);
INSERT CustomerSubscription (CustomerId, SubscriptionTypeId, IsEnabled, VERSION, LastModifiedGMT, LastModifiedByUserId) VALUES ( (SELECT ID From Customer WHERE Name='Liza Parking 1 Child 2'), 200, 1, 0, UTC_TIMESTAMP(), 1);
INSERT CustomerSubscription (CustomerId, SubscriptionTypeId, IsEnabled, VERSION, LastModifiedGMT, LastModifiedByUserId) VALUES ( (SELECT ID From Customer WHERE Name='Liza Parking 1 Child 2'), 300, 1, 0, UTC_TIMESTAMP(), 1);
INSERT CustomerSubscription (CustomerId, SubscriptionTypeId, IsEnabled, VERSION, LastModifiedGMT, LastModifiedByUserId) VALUES ( (SELECT ID From Customer WHERE Name='Liza Parking 1 Child 2'), 400, 1, 0, UTC_TIMESTAMP(), 1);
INSERT CustomerSubscription (CustomerId, SubscriptionTypeId, IsEnabled, VERSION, LastModifiedGMT, LastModifiedByUserId) VALUES ( (SELECT ID From Customer WHERE Name='Liza Parking 1 Child 2'), 500, 1, 0, UTC_TIMESTAMP(), 1);
INSERT CustomerSubscription (CustomerId, SubscriptionTypeId, IsEnabled, VERSION, LastModifiedGMT, LastModifiedByUserId) VALUES ( (SELECT ID From Customer WHERE Name='Liza Parking 1 Child 2'), 600, 0, 0, UTC_TIMESTAMP(), 1);
INSERT CustomerSubscription (CustomerId, SubscriptionTypeId, IsEnabled, VERSION, LastModifiedGMT, LastModifiedByUserId) VALUES ( (SELECT ID From Customer WHERE Name='Liza Parking 1 Child 2'), 700, 0, 0, UTC_TIMESTAMP(), 1);
INSERT CustomerSubscription (CustomerId, SubscriptionTypeId, IsEnabled, VERSION, LastModifiedGMT, LastModifiedByUserId) VALUES ( (SELECT ID From Customer WHERE Name='Liza Parking 1 Child 2'), 800, 0, 0, UTC_TIMESTAMP(), 1);
INSERT CustomerSubscription (CustomerId, SubscriptionTypeId, IsEnabled, VERSION, LastModifiedGMT, LastModifiedByUserId) VALUES ( (SELECT ID From Customer WHERE Name='Liza Parking 1 Child 2'), 900, 1, 0, UTC_TIMESTAMP(), 1);
INSERT CustomerSubscription (CustomerId, SubscriptionTypeId, IsEnabled, VERSION, LastModifiedGMT, LastModifiedByUserId) VALUES ( (SELECT ID From Customer WHERE Name='Liza Parking 1 Child 2'), 1000, 1, 0, UTC_TIMESTAMP(), 1);
INSERT CustomerSubscription (CustomerId, SubscriptionTypeId, IsEnabled, VERSION, LastModifiedGMT, LastModifiedByUserId) VALUES ( (SELECT ID From Customer WHERE Name='Liza Parking 1 Child 2'), 1100, 0, 0, UTC_TIMESTAMP(), 1);
INSERT CustomerSubscription (CustomerId, SubscriptionTypeId, IsEnabled, VERSION, LastModifiedGMT, LastModifiedByUserId) VALUES ( (SELECT ID From Customer WHERE Name='Liza Parking 1 Child 2'), 1200, 1, 0, UTC_TIMESTAMP(), 1);
INSERT CustomerSubscription (CustomerId, SubscriptionTypeId, IsEnabled, VERSION, LastModifiedGMT, LastModifiedByUserId) VALUES ( (SELECT ID From Customer WHERE Name='Liza Parking 1 Child 2'), 1600, 1, 0, UTC_TIMESTAMP(), 1);

-- Customer Properties
INSERT CustomerProperty (CustomerId,CustomerPropertyTypeId,PropertyValue,VERSION,LastModifiedGMT,LastModifiedByUserId) VALUES ( (SELECT ID From Customer WHERE Name='Liza Parking 1 Child 2'), 1, 'US/Pacific' , 0,UTC_TIMESTAMP(),1 );
INSERT CustomerProperty (CustomerId,CustomerPropertyTypeId,PropertyValue,VERSION,LastModifiedGMT,LastModifiedByUserId) VALUES ( (SELECT ID From Customer WHERE Name='Liza Parking 1 Child 2'), 2, 'Customer' , 0,UTC_TIMESTAMP(),1 );
INSERT CustomerProperty (CustomerId,CustomerPropertyTypeId,PropertyValue,VERSION,LastModifiedGMT,LastModifiedByUserId) VALUES ( (SELECT ID From Customer WHERE Name='Liza Parking 1 Child 2'), 3, '4' , 0,UTC_TIMESTAMP(),1 );
INSERT CustomerProperty (CustomerId,CustomerPropertyTypeId,PropertyValue,VERSION,LastModifiedGMT,LastModifiedByUserId) VALUES ( (SELECT ID From Customer WHERE Name='Liza Parking 1 Child 2'), 4, 'on' , 0,UTC_TIMESTAMP(),1 );
INSERT CustomerProperty (CustomerId,CustomerPropertyTypeId,PropertyValue,VERSION,LastModifiedGMT,LastModifiedByUserId) VALUES ( (SELECT ID From Customer WHERE Name='Liza Parking 1 Child 2'), 5, '5' , 0,UTC_TIMESTAMP(),1 );
INSERT CustomerProperty (CustomerId,CustomerPropertyTypeId,PropertyValue,VERSION,LastModifiedGMT,LastModifiedByUserId) VALUES ( (SELECT ID From Customer WHERE Name='Liza Parking 1 Child 2'), 6, '57' , 0,UTC_TIMESTAMP(),1 );
INSERT CustomerProperty (CustomerId,CustomerPropertyTypeId,PropertyValue,VERSION,LastModifiedGMT,LastModifiedByUserId) VALUES ( (SELECT ID From Customer WHERE Name='Liza Parking 1 Child 2'), 7, '?' , 0,UTC_TIMESTAMP(),1 );
INSERT CustomerProperty (CustomerId,CustomerPropertyTypeId,PropertyValue,VERSION,LastModifiedGMT,LastModifiedByUserId) VALUES ( (SELECT ID From Customer WHERE Name='Liza Parking 1 Child 2'), 8, 'yes' , 0,UTC_TIMESTAMP(),1 );
INSERT CustomerProperty (CustomerId,CustomerPropertyTypeId,PropertyValue,VERSION,LastModifiedGMT,LastModifiedByUserId) VALUES ( (SELECT ID From Customer WHERE Name='Liza Parking 1 Child 2'), 9, '37.77493' , 0,UTC_TIMESTAMP(),1 );
INSERT CustomerProperty (CustomerId,CustomerPropertyTypeId,PropertyValue,VERSION,LastModifiedGMT,LastModifiedByUserId) VALUES ( (SELECT ID From Customer WHERE Name='Liza Parking 1 Child 2'), 10, '-122.419415' , 0,UTC_TIMESTAMP(),1 );

-- Locations


INSERT Location (CustomerId,ParentLocationId,Name,NumberOfSpaces,TargetMonthlyRevenue,Description,IsParent,IsUnassigned,IsDeleted,VERSION,LastModifiedGMT,LastModifiedByUserId) VALUES ((SELECT ID From Customer WHERE Name='Liza Parking 1 Child 2'),  NULL, 'Unassigned',0,0,NULL,0,1,0,0,UTC_TIMESTAMP(),1);CALL sp_InsertLocationDayAndOpen( (SELECT Id From Location WHERE Name='Unassigned' AND CustomerId=(SELECT Id From Customer WHERE Name='Liza Parking 1 Child 2')), 1, 0,0,0,0);CALL sp_InsertLocationDayAndOpen( (SELECT Id From Location WHERE Name='Unassigned' AND CustomerId=(SELECT Id From Customer WHERE Name='Liza Parking 1 Child 2')), 2, 0,0,0,0);CALL sp_InsertLocationDayAndOpen( (SELECT Id From Location WHERE Name='Unassigned' AND CustomerId=(SELECT Id From Customer WHERE Name='Liza Parking 1 Child 2')), 3, 0,0,0,0);CALL sp_InsertLocationDayAndOpen( (SELECT Id From Location WHERE Name='Unassigned' AND CustomerId=(SELECT Id From Customer WHERE Name='Liza Parking 1 Child 2')), 4, 0,0,0,0);CALL sp_InsertLocationDayAndOpen( (SELECT Id From Location WHERE Name='Unassigned' AND CustomerId=(SELECT Id From Customer WHERE Name='Liza Parking 1 Child 2')), 5, 0,0,0,0);CALL sp_InsertLocationDayAndOpen( (SELECT Id From Location WHERE Name='Unassigned' AND CustomerId=(SELECT Id From Customer WHERE Name='Liza Parking 1 Child 2')), 6, 0,0,0,0);CALL sp_InsertLocationDayAndOpen( (SELECT Id From Location WHERE Name='Unassigned' AND CustomerId=(SELECT Id From Customer WHERE Name='Liza Parking 1 Child 2')), 7, 0,0,0,0);
INSERT Location (CustomerId,ParentLocationId,Name,NumberOfSpaces,TargetMonthlyRevenue,Description,IsParent,IsUnassigned,IsDeleted,VERSION,LastModifiedGMT,LastModifiedByUserId) VALUES ((SELECT ID From Customer WHERE Name='Liza Parking 1 Child 2'),  NULL, 'Parent 1',0,25000,'Parent Region no pay stations',0,0,0,0,UTC_TIMESTAMP(),1);CALL sp_InsertLocationDayAndOpen( (SELECT Id From Location WHERE Name='Parent 1' AND CustomerId=(SELECT Id From Customer WHERE Name='Liza Parking 1 Child 2')), 1,0,0,0,1);CALL sp_InsertLocationDayAndOpen( (SELECT Id From Location WHERE Name='Parent 1' AND CustomerId=(SELECT Id From Customer WHERE Name='Liza Parking 1 Child 2')), 2,0,0,0,1);CALL sp_InsertLocationDayAndOpen( (SELECT Id From Location WHERE Name='Parent 1' AND CustomerId=(SELECT Id From Customer WHERE Name='Liza Parking 1 Child 2')), 3,0,0,0,1);CALL sp_InsertLocationDayAndOpen( (SELECT Id From Location WHERE Name='Parent 1' AND CustomerId=(SELECT Id From Customer WHERE Name='Liza Parking 1 Child 2')), 4,0,0,0,1);CALL sp_InsertLocationDayAndOpen( (SELECT Id From Location WHERE Name='Parent 1' AND CustomerId=(SELECT Id From Customer WHERE Name='Liza Parking 1 Child 2')), 5,0,0,0,1);CALL sp_InsertLocationDayAndOpen( (SELECT Id From Location WHERE Name='Parent 1' AND CustomerId=(SELECT Id From Customer WHERE Name='Liza Parking 1 Child 2')), 6,0,0,0,1);CALL sp_InsertLocationDayAndOpen( (SELECT Id From Location WHERE Name='Parent 1' AND CustomerId=(SELECT Id From Customer WHERE Name='Liza Parking 1 Child 2')), 7,0,0,0,1);
INSERT Location (CustomerId,ParentLocationId,Name,NumberOfSpaces,TargetMonthlyRevenue,Description,IsParent,IsUnassigned,IsDeleted,VERSION,LastModifiedGMT,LastModifiedByUserId) VALUES ((SELECT ID From Customer WHERE Name='Liza Parking 1 Child 2'),  (SELECT Id From (SELECT * FROM Location) AS x WHERE Name='Parent 1' AND CustomerId=(SELECT ID From Customer WHERE Name='Liza Parking 1 Child 2')),'Child 1',360,10000,'Child 1 with 10 pay stations',1,0,0,0,UTC_TIMESTAMP(),1);CALL sp_InsertLocationDayAndOpen( (SELECT Id From Location WHERE Name='Child 1' AND CustomerId=(SELECT Id From Customer WHERE Name='Liza Parking 1 Child 2')), 1, 32,95,0,0);CALL sp_InsertLocationDayAndOpen( (SELECT Id From Location WHERE Name='Child 1' AND CustomerId=(SELECT Id From Customer WHERE Name='Liza Parking 1 Child 2')), 2, 24,76,0,0);CALL sp_InsertLocationDayAndOpen( (SELECT Id From Location WHERE Name='Child 1' AND CustomerId=(SELECT Id From Customer WHERE Name='Liza Parking 1 Child 2')), 3, 24,76,0,0);CALL sp_InsertLocationDayAndOpen( (SELECT Id From Location WHERE Name='Child 1' AND CustomerId=(SELECT Id From Customer WHERE Name='Liza Parking 1 Child 2')), 4, 24,76,0,0);CALL sp_InsertLocationDayAndOpen( (SELECT Id From Location WHERE Name='Child 1' AND CustomerId=(SELECT Id From Customer WHERE Name='Liza Parking 1 Child 2')), 5, 24,76,0,0);CALL sp_InsertLocationDayAndOpen( (SELECT Id From Location WHERE Name='Child 1' AND CustomerId=(SELECT Id From Customer WHERE Name='Liza Parking 1 Child 2')), 6, 24,76,0,0);CALL sp_InsertLocationDayAndOpen( (SELECT Id From Location WHERE Name='Child 1' AND CustomerId=(SELECT Id From Customer WHERE Name='Liza Parking 1 Child 2')), 7, 32,95,0,0);
INSERT Location (CustomerId,ParentLocationId,Name,NumberOfSpaces,TargetMonthlyRevenue,Description,IsParent,IsUnassigned,IsDeleted,VERSION,LastModifiedGMT,LastModifiedByUserId) VALUES ((SELECT ID From Customer WHERE Name='Liza Parking 1 Child 2'),  (SELECT Id From (SELECT * FROM Location) AS x WHERE Name='Parent 1' AND CustomerId=(SELECT ID From Customer WHERE Name='Liza Parking 1 Child 2')),'Child 2',250,15000,'Child 2 with 15 pay stations',1,0,0,0,UTC_TIMESTAMP(),1);CALL sp_InsertLocationDayAndOpen( (SELECT Id From Location WHERE Name='Child 2' AND CustomerId=(SELECT Id From Customer WHERE Name='Liza Parking 1 Child 2')), 1, 32,95,0,0);CALL sp_InsertLocationDayAndOpen( (SELECT Id From Location WHERE Name='Child 2' AND CustomerId=(SELECT Id From Customer WHERE Name='Liza Parking 1 Child 2')), 2, 24,76,0,0);CALL sp_InsertLocationDayAndOpen( (SELECT Id From Location WHERE Name='Child 2' AND CustomerId=(SELECT Id From Customer WHERE Name='Liza Parking 1 Child 2')), 3, 24,76,0,0);CALL sp_InsertLocationDayAndOpen( (SELECT Id From Location WHERE Name='Child 2' AND CustomerId=(SELECT Id From Customer WHERE Name='Liza Parking 1 Child 2')), 4, 24,76,0,0);CALL sp_InsertLocationDayAndOpen( (SELECT Id From Location WHERE Name='Child 2' AND CustomerId=(SELECT Id From Customer WHERE Name='Liza Parking 1 Child 2')), 5, 24,76,0,0);CALL sp_InsertLocationDayAndOpen( (SELECT Id From Location WHERE Name='Child 2' AND CustomerId=(SELECT Id From Customer WHERE Name='Liza Parking 1 Child 2')), 6, 24,76,0,0);CALL sp_InsertLocationDayAndOpen( (SELECT Id From Location WHERE Name='Child 2' AND CustomerId=(SELECT Id From Customer WHERE Name='Liza Parking 1 Child 2')), 7, 32,95,0,0);
INSERT Location (CustomerId,ParentLocationId,Name,NumberOfSpaces,TargetMonthlyRevenue,Description,IsParent,IsUnassigned,IsDeleted,VERSION,LastModifiedGMT,LastModifiedByUserId) VALUES ((SELECT ID From Customer WHERE Name='Liza Parking 1 Child 2'),  NULL, 'Parent 2',0,29000,'Parent Region no pay stations',0,0,0,0,UTC_TIMESTAMP(),1);CALL sp_InsertLocationDayAndOpen( (SELECT Id From Location WHERE Name='Parent 2' AND CustomerId=(SELECT Id From Customer WHERE Name='Liza Parking 1 Child 2')), 1,0,0,0,1);CALL sp_InsertLocationDayAndOpen( (SELECT Id From Location WHERE Name='Parent 2' AND CustomerId=(SELECT Id From Customer WHERE Name='Liza Parking 1 Child 2')), 2,0,0,0,1);CALL sp_InsertLocationDayAndOpen( (SELECT Id From Location WHERE Name='Parent 2' AND CustomerId=(SELECT Id From Customer WHERE Name='Liza Parking 1 Child 2')), 3,0,0,0,1);CALL sp_InsertLocationDayAndOpen( (SELECT Id From Location WHERE Name='Parent 2' AND CustomerId=(SELECT Id From Customer WHERE Name='Liza Parking 1 Child 2')), 4,0,0,0,1);CALL sp_InsertLocationDayAndOpen( (SELECT Id From Location WHERE Name='Parent 2' AND CustomerId=(SELECT Id From Customer WHERE Name='Liza Parking 1 Child 2')), 5,0,0,0,1);CALL sp_InsertLocationDayAndOpen( (SELECT Id From Location WHERE Name='Parent 2' AND CustomerId=(SELECT Id From Customer WHERE Name='Liza Parking 1 Child 2')), 6,0,0,0,1);CALL sp_InsertLocationDayAndOpen( (SELECT Id From Location WHERE Name='Parent 2' AND CustomerId=(SELECT Id From Customer WHERE Name='Liza Parking 1 Child 2')), 7,0,0,0,1);
INSERT Location (CustomerId,ParentLocationId,Name,NumberOfSpaces,TargetMonthlyRevenue,Description,IsParent,IsUnassigned,IsDeleted,VERSION,LastModifiedGMT,LastModifiedByUserId) VALUES ((SELECT ID From Customer WHERE Name='Liza Parking 1 Child 2'),  (SELECT Id From (SELECT * FROM Location) AS x WHERE Name='Parent 2' AND CustomerId=(SELECT ID From Customer WHERE Name='Liza Parking 1 Child 2')),'Child 3',350,9000,'Child region  with 2 pay stations ',1,0,1,0,UTC_TIMESTAMP(),1);CALL sp_InsertLocationDayAndOpen( (SELECT Id From Location WHERE Name='Child 3' AND CustomerId=(SELECT Id From Customer WHERE Name='Liza Parking 1 Child 2')), 1, 32,95,0,0);CALL sp_InsertLocationDayAndOpen( (SELECT Id From Location WHERE Name='Child 3' AND CustomerId=(SELECT Id From Customer WHERE Name='Liza Parking 1 Child 2')), 2, 24,76,0,0);CALL sp_InsertLocationDayAndOpen( (SELECT Id From Location WHERE Name='Child 3' AND CustomerId=(SELECT Id From Customer WHERE Name='Liza Parking 1 Child 2')), 3, 24,76,0,0);CALL sp_InsertLocationDayAndOpen( (SELECT Id From Location WHERE Name='Child 3' AND CustomerId=(SELECT Id From Customer WHERE Name='Liza Parking 1 Child 2')), 4, 24,76,0,0);CALL sp_InsertLocationDayAndOpen( (SELECT Id From Location WHERE Name='Child 3' AND CustomerId=(SELECT Id From Customer WHERE Name='Liza Parking 1 Child 2')), 5, 24,76,0,0);CALL sp_InsertLocationDayAndOpen( (SELECT Id From Location WHERE Name='Child 3' AND CustomerId=(SELECT Id From Customer WHERE Name='Liza Parking 1 Child 2')), 6, 24,76,0,0);CALL sp_InsertLocationDayAndOpen( (SELECT Id From Location WHERE Name='Child 3' AND CustomerId=(SELECT Id From Customer WHERE Name='Liza Parking 1 Child 2')), 7, 32,95,0,0);
INSERT Location (CustomerId,ParentLocationId,Name,NumberOfSpaces,TargetMonthlyRevenue,Description,IsParent,IsUnassigned,IsDeleted,VERSION,LastModifiedGMT,LastModifiedByUserId) VALUES ((SELECT ID From Customer WHERE Name='Liza Parking 1 Child 2'),  (SELECT Id From (SELECT * FROM Location) AS x WHERE Name='Parent 2' AND CustomerId=(SELECT ID From Customer WHERE Name='Liza Parking 1 Child 2')),'Child 4',250,20000,'Child region  with 3 pay stations ',1,0,1,0,UTC_TIMESTAMP(),1);CALL sp_InsertLocationDayAndOpen( (SELECT Id From Location WHERE Name='Child 4' AND CustomerId=(SELECT Id From Customer WHERE Name='Liza Parking 1 Child 2')), 1, 32,95,0,0);CALL sp_InsertLocationDayAndOpen( (SELECT Id From Location WHERE Name='Child 4' AND CustomerId=(SELECT Id From Customer WHERE Name='Liza Parking 1 Child 2')), 2, 24,76,0,0);CALL sp_InsertLocationDayAndOpen( (SELECT Id From Location WHERE Name='Child 4' AND CustomerId=(SELECT Id From Customer WHERE Name='Liza Parking 1 Child 2')), 3, 24,76,0,0);CALL sp_InsertLocationDayAndOpen( (SELECT Id From Location WHERE Name='Child 4' AND CustomerId=(SELECT Id From Customer WHERE Name='Liza Parking 1 Child 2')), 4, 24,76,0,0);CALL sp_InsertLocationDayAndOpen( (SELECT Id From Location WHERE Name='Child 4' AND CustomerId=(SELECT Id From Customer WHERE Name='Liza Parking 1 Child 2')), 5, 24,76,0,0);CALL sp_InsertLocationDayAndOpen( (SELECT Id From Location WHERE Name='Child 4' AND CustomerId=(SELECT Id From Customer WHERE Name='Liza Parking 1 Child 2')), 6, 24,76,0,0);CALL sp_InsertLocationDayAndOpen( (SELECT Id From Location WHERE Name='Child 4' AND CustomerId=(SELECT Id From Customer WHERE Name='Liza Parking 1 Child 2')), 7, 32,95,0,0);





-- Pay Stations

INSERT Paystation (PaystationTypeId,ModemTypeId,SerialNumber,IsDeleted,VERSION,LastModifiedGMT,LastModifiedByUserId) VALUES (2, 1, '222222222221', 0, 0, UTC_TIMESTAMP(), 1);INSERT PointOfSale (CustomerId,PaystationId,LocationId,PointOfSaleTypeId,Name,SerialNumber,ProvisionedGMT,Latitude,Longitude,AltitudeOrLevel,VERSION,LastModifiedGMT,LastModifiedByUserId) VALUES ((SELECT Id FROM Customer WHERE Name='Liza Parking 1 Child 2'),(SELECT Id FROM Paystation WHERE SerialNumber='222222222221'),(SELECT Id FROM Location WHERE Name='Child 1' AND CustomerId=(SELECT Id FROM Customer WHERE Name='Liza Parking 1 Child 2')),1,'222222222221','222222222221',UTC_TIMESTAMP(),37.77493,-122.419415,0,0,UTC_TIMESTAMP(),1);INSERT POSHeartbeat (PointOfSaleId, LastHeartbeatGMT) VALUES ((SELECT Id FROM PointOfSale WHERE (CustomerID = (SELECT Id FROM Customer WHERE Name='Liza Parking 1 Child 2') AND PaystationId=(SELECT Id FROM Paystation WHERE SerialNumber='222222222221'))),'2012-11-15 13:01:53');INSERT POSBalance (PointOfSaleId ,CollectionLockId ,ClusterId ,PrevCollectionLockId ,PrevPrevCollectionLockId ,CashAmount ,CoinCount ,CoinAmount ,BillCount ,BillAmount ,UnsettledCreditCardCount ,UnsettledCreditCardAmount ,TotalAmount ,LastCashCollectionGMT ,LastCoinCollectionGMT ,LastBillCollectionGMT ,LastCardCollectionGMT ,LastRecalcGMT  ,CollectionRecalcGMT ,CollectionRecalcTransactions ,HasRecentCollection ,IsRecalcable ,LastCollectionTypeId ,NextRecalcGMT) VALUES       ((SELECT Id FROM PointOfSale WHERE (CustomerID = (SELECT Id FROM Customer WHERE Name='Liza Parking 1 Child 2') AND PaystationId=(SELECT Id FROM Paystation WHERE SerialNumber='222222222221'))),NULL,NULL,NULL,NULL,0,0,0,0,0,0,0,0,UTC_TIMESTAMP(),UTC_TIMESTAMP(),UTC_TIMESTAMP() ,UTC_TIMESTAMP(),UTC_TIMESTAMP(),UTC_TIMESTAMP(),0,0,0,0,UTC_TIMESTAMP());
INSERT Paystation (PaystationTypeId,ModemTypeId,SerialNumber,IsDeleted,VERSION,LastModifiedGMT,LastModifiedByUserId) VALUES (2, 1, '222222222222', 0, 0, UTC_TIMESTAMP(), 1);INSERT PointOfSale (CustomerId,PaystationId,LocationId,PointOfSaleTypeId,Name,SerialNumber,ProvisionedGMT,Latitude,Longitude,AltitudeOrLevel,VERSION,LastModifiedGMT,LastModifiedByUserId) VALUES ((SELECT Id FROM Customer WHERE Name='Liza Parking 1 Child 2'),(SELECT Id FROM Paystation WHERE SerialNumber='222222222222'),(SELECT Id FROM Location WHERE Name='Child 1' AND CustomerId=(SELECT Id FROM Customer WHERE Name='Liza Parking 1 Child 2')),1,'222222222222','222222222222',UTC_TIMESTAMP(),37.775317,-122.420349,0,0,UTC_TIMESTAMP(),1);INSERT POSHeartbeat (PointOfSaleId, LastHeartbeatGMT) VALUES ((SELECT Id FROM PointOfSale WHERE (CustomerID = (SELECT Id FROM Customer WHERE Name='Liza Parking 1 Child 2') AND PaystationId=(SELECT Id FROM Paystation WHERE SerialNumber='222222222222'))),'2012-11-15 13:01:53');INSERT POSBalance (PointOfSaleId ,CollectionLockId ,ClusterId ,PrevCollectionLockId ,PrevPrevCollectionLockId ,CashAmount ,CoinCount ,CoinAmount ,BillCount ,BillAmount ,UnsettledCreditCardCount ,UnsettledCreditCardAmount ,TotalAmount ,LastCashCollectionGMT ,LastCoinCollectionGMT ,LastBillCollectionGMT ,LastCardCollectionGMT ,LastRecalcGMT  ,CollectionRecalcGMT ,CollectionRecalcTransactions ,HasRecentCollection ,IsRecalcable ,LastCollectionTypeId ,NextRecalcGMT) VALUES       ((SELECT Id FROM PointOfSale WHERE (CustomerID = (SELECT Id FROM Customer WHERE Name='Liza Parking 1 Child 2') AND PaystationId=(SELECT Id FROM Paystation WHERE SerialNumber='222222222222'))),NULL,NULL,NULL,NULL,0,0,0,0,0,0,0,0,UTC_TIMESTAMP(),UTC_TIMESTAMP(),UTC_TIMESTAMP() ,UTC_TIMESTAMP(),UTC_TIMESTAMP(),UTC_TIMESTAMP(),0,0,0,0,UTC_TIMESTAMP());
INSERT Paystation (PaystationTypeId,ModemTypeId,SerialNumber,IsDeleted,VERSION,LastModifiedGMT,LastModifiedByUserId) VALUES (2, 1, '222222222223', 0, 0, UTC_TIMESTAMP(), 1);INSERT PointOfSale (CustomerId,PaystationId,LocationId,PointOfSaleTypeId,Name,SerialNumber,ProvisionedGMT,Latitude,Longitude,AltitudeOrLevel,VERSION,LastModifiedGMT,LastModifiedByUserId) VALUES ((SELECT Id FROM Customer WHERE Name='Liza Parking 1 Child 2'),(SELECT Id FROM Paystation WHERE SerialNumber='222222222223'),(SELECT Id FROM Location WHERE Name='Child 1' AND CustomerId=(SELECT Id FROM Customer WHERE Name='Liza Parking 1 Child 2')),1,'222222222223','222222222223',UTC_TIMESTAMP(),37.775319,-122.420445,0,0,UTC_TIMESTAMP(),1);INSERT POSHeartbeat (PointOfSaleId, LastHeartbeatGMT) VALUES ((SELECT Id FROM PointOfSale WHERE (CustomerID = (SELECT Id FROM Customer WHERE Name='Liza Parking 1 Child 2') AND PaystationId=(SELECT Id FROM Paystation WHERE SerialNumber='222222222223'))),'2012-11-15 13:01:53');INSERT POSBalance (PointOfSaleId ,CollectionLockId ,ClusterId ,PrevCollectionLockId ,PrevPrevCollectionLockId ,CashAmount ,CoinCount ,CoinAmount ,BillCount ,BillAmount ,UnsettledCreditCardCount ,UnsettledCreditCardAmount ,TotalAmount ,LastCashCollectionGMT ,LastCoinCollectionGMT ,LastBillCollectionGMT ,LastCardCollectionGMT ,LastRecalcGMT  ,CollectionRecalcGMT ,CollectionRecalcTransactions ,HasRecentCollection ,IsRecalcable ,LastCollectionTypeId ,NextRecalcGMT) VALUES       ((SELECT Id FROM PointOfSale WHERE (CustomerID = (SELECT Id FROM Customer WHERE Name='Liza Parking 1 Child 2') AND PaystationId=(SELECT Id FROM Paystation WHERE SerialNumber='222222222223'))),NULL,NULL,NULL,NULL,0,0,0,0,0,0,0,0,UTC_TIMESTAMP(),UTC_TIMESTAMP(),UTC_TIMESTAMP() ,UTC_TIMESTAMP(),UTC_TIMESTAMP(),UTC_TIMESTAMP(),0,0,0,0,UTC_TIMESTAMP());
INSERT Paystation (PaystationTypeId,ModemTypeId,SerialNumber,IsDeleted,VERSION,LastModifiedGMT,LastModifiedByUserId) VALUES (2, 1, '222222222224', 0, 0, UTC_TIMESTAMP(), 1);INSERT PointOfSale (CustomerId,PaystationId,LocationId,PointOfSaleTypeId,Name,SerialNumber,ProvisionedGMT,Latitude,Longitude,AltitudeOrLevel,VERSION,LastModifiedGMT,LastModifiedByUserId) VALUES ((SELECT Id FROM Customer WHERE Name='Liza Parking 1 Child 2'),(SELECT Id FROM Paystation WHERE SerialNumber='222222222224'),(SELECT Id FROM Location WHERE Name='Child 1' AND CustomerId=(SELECT Id FROM Customer WHERE Name='Liza Parking 1 Child 2')),1,'222222222224','222222222224',UTC_TIMESTAMP(),37.774876,-122.420116,0,0,UTC_TIMESTAMP(),1);INSERT POSHeartbeat (PointOfSaleId, LastHeartbeatGMT) VALUES ((SELECT Id FROM PointOfSale WHERE (CustomerID = (SELECT Id FROM Customer WHERE Name='Liza Parking 1 Child 2') AND PaystationId=(SELECT Id FROM Paystation WHERE SerialNumber='222222222224'))),'2012-11-15 13:01:53');INSERT POSBalance (PointOfSaleId ,CollectionLockId ,ClusterId ,PrevCollectionLockId ,PrevPrevCollectionLockId ,CashAmount ,CoinCount ,CoinAmount ,BillCount ,BillAmount ,UnsettledCreditCardCount ,UnsettledCreditCardAmount ,TotalAmount ,LastCashCollectionGMT ,LastCoinCollectionGMT ,LastBillCollectionGMT ,LastCardCollectionGMT ,LastRecalcGMT  ,CollectionRecalcGMT ,CollectionRecalcTransactions ,HasRecentCollection ,IsRecalcable ,LastCollectionTypeId ,NextRecalcGMT) VALUES       ((SELECT Id FROM PointOfSale WHERE (CustomerID = (SELECT Id FROM Customer WHERE Name='Liza Parking 1 Child 2') AND PaystationId=(SELECT Id FROM Paystation WHERE SerialNumber='222222222224'))),NULL,NULL,NULL,NULL,0,0,0,0,0,0,0,0,UTC_TIMESTAMP(),UTC_TIMESTAMP(),UTC_TIMESTAMP() ,UTC_TIMESTAMP(),UTC_TIMESTAMP(),UTC_TIMESTAMP(),0,0,0,0,UTC_TIMESTAMP());
INSERT Paystation (PaystationTypeId,ModemTypeId,SerialNumber,IsDeleted,VERSION,LastModifiedGMT,LastModifiedByUserId) VALUES (2, 1, '222222222225', 0, 0, UTC_TIMESTAMP(), 1);INSERT PointOfSale (CustomerId,PaystationId,LocationId,PointOfSaleTypeId,Name,SerialNumber,ProvisionedGMT,Latitude,Longitude,AltitudeOrLevel,VERSION,LastModifiedGMT,LastModifiedByUserId) VALUES ((SELECT Id FROM Customer WHERE Name='Liza Parking 1 Child 2'),(SELECT Id FROM Paystation WHERE SerialNumber='222222222225'),(SELECT Id FROM Location WHERE Name='Child 1' AND CustomerId=(SELECT Id FROM Customer WHERE Name='Liza Parking 1 Child 2')),1,'222222222225','222222222225',UTC_TIMESTAMP(),37.774433,-122.419787,0,0,UTC_TIMESTAMP(),1);INSERT POSHeartbeat (PointOfSaleId, LastHeartbeatGMT) VALUES ((SELECT Id FROM PointOfSale WHERE (CustomerID = (SELECT Id FROM Customer WHERE Name='Liza Parking 1 Child 2') AND PaystationId=(SELECT Id FROM Paystation WHERE SerialNumber='222222222225'))),'2012-11-15 13:01:53');INSERT POSBalance (PointOfSaleId ,CollectionLockId ,ClusterId ,PrevCollectionLockId ,PrevPrevCollectionLockId ,CashAmount ,CoinCount ,CoinAmount ,BillCount ,BillAmount ,UnsettledCreditCardCount ,UnsettledCreditCardAmount ,TotalAmount ,LastCashCollectionGMT ,LastCoinCollectionGMT ,LastBillCollectionGMT ,LastCardCollectionGMT ,LastRecalcGMT  ,CollectionRecalcGMT ,CollectionRecalcTransactions ,HasRecentCollection ,IsRecalcable ,LastCollectionTypeId ,NextRecalcGMT) VALUES       ((SELECT Id FROM PointOfSale WHERE (CustomerID = (SELECT Id FROM Customer WHERE Name='Liza Parking 1 Child 2') AND PaystationId=(SELECT Id FROM Paystation WHERE SerialNumber='222222222225'))),NULL,NULL,NULL,NULL,0,0,0,0,0,0,0,0,UTC_TIMESTAMP(),UTC_TIMESTAMP(),UTC_TIMESTAMP() ,UTC_TIMESTAMP(),UTC_TIMESTAMP(),UTC_TIMESTAMP(),0,0,0,0,UTC_TIMESTAMP());
INSERT Paystation (PaystationTypeId,ModemTypeId,SerialNumber,IsDeleted,VERSION,LastModifiedGMT,LastModifiedByUserId) VALUES (2, 1, '222222222226', 0, 0, UTC_TIMESTAMP(), 1);INSERT PointOfSale (CustomerId,PaystationId,LocationId,PointOfSaleTypeId,Name,SerialNumber,ProvisionedGMT,Latitude,Longitude,AltitudeOrLevel,VERSION,LastModifiedGMT,LastModifiedByUserId) VALUES ((SELECT Id FROM Customer WHERE Name='Liza Parking 1 Child 2'),(SELECT Id FROM Paystation WHERE SerialNumber='222222222226'),(SELECT Id FROM Location WHERE Name='Child 1' AND CustomerId=(SELECT Id FROM Customer WHERE Name='Liza Parking 1 Child 2')),1,'222222222226','222222222226',UTC_TIMESTAMP(),37.77399,-122.419458,0,0,UTC_TIMESTAMP(),1);INSERT POSHeartbeat (PointOfSaleId, LastHeartbeatGMT) VALUES ((SELECT Id FROM PointOfSale WHERE (CustomerID = (SELECT Id FROM Customer WHERE Name='Liza Parking 1 Child 2') AND PaystationId=(SELECT Id FROM Paystation WHERE SerialNumber='222222222226'))),'2012-11-15 13:01:53');INSERT POSBalance (PointOfSaleId ,CollectionLockId ,ClusterId ,PrevCollectionLockId ,PrevPrevCollectionLockId ,CashAmount ,CoinCount ,CoinAmount ,BillCount ,BillAmount ,UnsettledCreditCardCount ,UnsettledCreditCardAmount ,TotalAmount ,LastCashCollectionGMT ,LastCoinCollectionGMT ,LastBillCollectionGMT ,LastCardCollectionGMT ,LastRecalcGMT  ,CollectionRecalcGMT ,CollectionRecalcTransactions ,HasRecentCollection ,IsRecalcable ,LastCollectionTypeId ,NextRecalcGMT) VALUES       ((SELECT Id FROM PointOfSale WHERE (CustomerID = (SELECT Id FROM Customer WHERE Name='Liza Parking 1 Child 2') AND PaystationId=(SELECT Id FROM Paystation WHERE SerialNumber='222222222226'))),NULL,NULL,NULL,NULL,0,0,0,0,0,0,0,0,UTC_TIMESTAMP(),UTC_TIMESTAMP(),UTC_TIMESTAMP() ,UTC_TIMESTAMP(),UTC_TIMESTAMP(),UTC_TIMESTAMP(),0,0,0,0,UTC_TIMESTAMP());
INSERT Paystation (PaystationTypeId,ModemTypeId,SerialNumber,IsDeleted,VERSION,LastModifiedGMT,LastModifiedByUserId) VALUES (2, 1, '222222222227', 0, 0, UTC_TIMESTAMP(), 1);INSERT PointOfSale (CustomerId,PaystationId,LocationId,PointOfSaleTypeId,Name,SerialNumber,ProvisionedGMT,Latitude,Longitude,AltitudeOrLevel,VERSION,LastModifiedGMT,LastModifiedByUserId) VALUES ((SELECT Id FROM Customer WHERE Name='Liza Parking 1 Child 2'),(SELECT Id FROM Paystation WHERE SerialNumber='222222222227'),(SELECT Id FROM Location WHERE Name='Child 1' AND CustomerId=(SELECT Id FROM Customer WHERE Name='Liza Parking 1 Child 2')),1,'222222222227','222222222227',UTC_TIMESTAMP(),37.773547,-122.419129,0,0,UTC_TIMESTAMP(),1);INSERT POSHeartbeat (PointOfSaleId, LastHeartbeatGMT) VALUES ((SELECT Id FROM PointOfSale WHERE (CustomerID = (SELECT Id FROM Customer WHERE Name='Liza Parking 1 Child 2') AND PaystationId=(SELECT Id FROM Paystation WHERE SerialNumber='222222222227'))),'2012-11-15 13:01:53');INSERT POSBalance (PointOfSaleId ,CollectionLockId ,ClusterId ,PrevCollectionLockId ,PrevPrevCollectionLockId ,CashAmount ,CoinCount ,CoinAmount ,BillCount ,BillAmount ,UnsettledCreditCardCount ,UnsettledCreditCardAmount ,TotalAmount ,LastCashCollectionGMT ,LastCoinCollectionGMT ,LastBillCollectionGMT ,LastCardCollectionGMT ,LastRecalcGMT  ,CollectionRecalcGMT ,CollectionRecalcTransactions ,HasRecentCollection ,IsRecalcable ,LastCollectionTypeId ,NextRecalcGMT) VALUES       ((SELECT Id FROM PointOfSale WHERE (CustomerID = (SELECT Id FROM Customer WHERE Name='Liza Parking 1 Child 2') AND PaystationId=(SELECT Id FROM Paystation WHERE SerialNumber='222222222227'))),NULL,NULL,NULL,NULL,0,0,0,0,0,0,0,0,UTC_TIMESTAMP(),UTC_TIMESTAMP(),UTC_TIMESTAMP() ,UTC_TIMESTAMP(),UTC_TIMESTAMP(),UTC_TIMESTAMP(),0,0,0,0,UTC_TIMESTAMP());
INSERT Paystation (PaystationTypeId,ModemTypeId,SerialNumber,IsDeleted,VERSION,LastModifiedGMT,LastModifiedByUserId) VALUES (2, 1, '222222222228', 0, 0, UTC_TIMESTAMP(), 1);INSERT PointOfSale (CustomerId,PaystationId,LocationId,PointOfSaleTypeId,Name,SerialNumber,ProvisionedGMT,Latitude,Longitude,AltitudeOrLevel,VERSION,LastModifiedGMT,LastModifiedByUserId) VALUES ((SELECT Id FROM Customer WHERE Name='Liza Parking 1 Child 2'),(SELECT Id FROM Paystation WHERE SerialNumber='222222222228'),(SELECT Id FROM Location WHERE Name='Child 2' AND CustomerId=(SELECT Id FROM Customer WHERE Name='Liza Parking 1 Child 2')),1,'222222222228','222222222228',UTC_TIMESTAMP(),37.773104,-122.4188,0,0,UTC_TIMESTAMP(),1);INSERT POSHeartbeat (PointOfSaleId, LastHeartbeatGMT) VALUES ((SELECT Id FROM PointOfSale WHERE (CustomerID = (SELECT Id FROM Customer WHERE Name='Liza Parking 1 Child 2') AND PaystationId=(SELECT Id FROM Paystation WHERE SerialNumber='222222222228'))),'2012-11-15 13:01:53');INSERT POSBalance (PointOfSaleId ,CollectionLockId ,ClusterId ,PrevCollectionLockId ,PrevPrevCollectionLockId ,CashAmount ,CoinCount ,CoinAmount ,BillCount ,BillAmount ,UnsettledCreditCardCount ,UnsettledCreditCardAmount ,TotalAmount ,LastCashCollectionGMT ,LastCoinCollectionGMT ,LastBillCollectionGMT ,LastCardCollectionGMT ,LastRecalcGMT  ,CollectionRecalcGMT ,CollectionRecalcTransactions ,HasRecentCollection ,IsRecalcable ,LastCollectionTypeId ,NextRecalcGMT) VALUES       ((SELECT Id FROM PointOfSale WHERE (CustomerID = (SELECT Id FROM Customer WHERE Name='Liza Parking 1 Child 2') AND PaystationId=(SELECT Id FROM Paystation WHERE SerialNumber='222222222228'))),NULL,NULL,NULL,NULL,0,0,0,0,0,0,0,0,UTC_TIMESTAMP(),UTC_TIMESTAMP(),UTC_TIMESTAMP() ,UTC_TIMESTAMP(),UTC_TIMESTAMP(),UTC_TIMESTAMP(),0,0,0,0,UTC_TIMESTAMP());
INSERT Paystation (PaystationTypeId,ModemTypeId,SerialNumber,IsDeleted,VERSION,LastModifiedGMT,LastModifiedByUserId) VALUES (2, 1, '222222222229', 0, 0, UTC_TIMESTAMP(), 1);INSERT PointOfSale (CustomerId,PaystationId,LocationId,PointOfSaleTypeId,Name,SerialNumber,ProvisionedGMT,Latitude,Longitude,AltitudeOrLevel,VERSION,LastModifiedGMT,LastModifiedByUserId) VALUES ((SELECT Id FROM Customer WHERE Name='Liza Parking 1 Child 2'),(SELECT Id FROM Paystation WHERE SerialNumber='222222222229'),(SELECT Id FROM Location WHERE Name='Child 2' AND CustomerId=(SELECT Id FROM Customer WHERE Name='Liza Parking 1 Child 2')),1,'222222222229','222222222229',UTC_TIMESTAMP(),37.772661,-122.418471,0,0,UTC_TIMESTAMP(),1);INSERT POSHeartbeat (PointOfSaleId, LastHeartbeatGMT) VALUES ((SELECT Id FROM PointOfSale WHERE (CustomerID = (SELECT Id FROM Customer WHERE Name='Liza Parking 1 Child 2') AND PaystationId=(SELECT Id FROM Paystation WHERE SerialNumber='222222222229'))),'2012-11-15 13:01:53');INSERT POSBalance (PointOfSaleId ,CollectionLockId ,ClusterId ,PrevCollectionLockId ,PrevPrevCollectionLockId ,CashAmount ,CoinCount ,CoinAmount ,BillCount ,BillAmount ,UnsettledCreditCardCount ,UnsettledCreditCardAmount ,TotalAmount ,LastCashCollectionGMT ,LastCoinCollectionGMT ,LastBillCollectionGMT ,LastCardCollectionGMT ,LastRecalcGMT  ,CollectionRecalcGMT ,CollectionRecalcTransactions ,HasRecentCollection ,IsRecalcable ,LastCollectionTypeId ,NextRecalcGMT) VALUES       ((SELECT Id FROM PointOfSale WHERE (CustomerID = (SELECT Id FROM Customer WHERE Name='Liza Parking 1 Child 2') AND PaystationId=(SELECT Id FROM Paystation WHERE SerialNumber='222222222229'))),NULL,NULL,NULL,NULL,0,0,0,0,0,0,0,0,UTC_TIMESTAMP(),UTC_TIMESTAMP(),UTC_TIMESTAMP() ,UTC_TIMESTAMP(),UTC_TIMESTAMP(),UTC_TIMESTAMP(),0,0,0,0,UTC_TIMESTAMP());
INSERT Paystation (PaystationTypeId,ModemTypeId,SerialNumber,IsDeleted,VERSION,LastModifiedGMT,LastModifiedByUserId) VALUES (2, 1, '222222222210', 0, 0, UTC_TIMESTAMP(), 1);INSERT PointOfSale (CustomerId,PaystationId,LocationId,PointOfSaleTypeId,Name,SerialNumber,ProvisionedGMT,Latitude,Longitude,AltitudeOrLevel,VERSION,LastModifiedGMT,LastModifiedByUserId) VALUES ((SELECT Id FROM Customer WHERE Name='Liza Parking 1 Child 2'),(SELECT Id FROM Paystation WHERE SerialNumber='222222222210'),(SELECT Id FROM Location WHERE Name='Child 2' AND CustomerId=(SELECT Id FROM Customer WHERE Name='Liza Parking 1 Child 2')),1,'222222222210','222222222210',UTC_TIMESTAMP(),37.772218,-122.418142,0,0,UTC_TIMESTAMP(),1);INSERT POSHeartbeat (PointOfSaleId, LastHeartbeatGMT) VALUES ((SELECT Id FROM PointOfSale WHERE (CustomerID = (SELECT Id FROM Customer WHERE Name='Liza Parking 1 Child 2') AND PaystationId=(SELECT Id FROM Paystation WHERE SerialNumber='222222222210'))),'2012-11-15 13:01:53');INSERT POSBalance (PointOfSaleId ,CollectionLockId ,ClusterId ,PrevCollectionLockId ,PrevPrevCollectionLockId ,CashAmount ,CoinCount ,CoinAmount ,BillCount ,BillAmount ,UnsettledCreditCardCount ,UnsettledCreditCardAmount ,TotalAmount ,LastCashCollectionGMT ,LastCoinCollectionGMT ,LastBillCollectionGMT ,LastCardCollectionGMT ,LastRecalcGMT  ,CollectionRecalcGMT ,CollectionRecalcTransactions ,HasRecentCollection ,IsRecalcable ,LastCollectionTypeId ,NextRecalcGMT) VALUES       ((SELECT Id FROM PointOfSale WHERE (CustomerID = (SELECT Id FROM Customer WHERE Name='Liza Parking 1 Child 2') AND PaystationId=(SELECT Id FROM Paystation WHERE SerialNumber='222222222210'))),NULL,NULL,NULL,NULL,0,0,0,0,0,0,0,0,UTC_TIMESTAMP(),UTC_TIMESTAMP(),UTC_TIMESTAMP() ,UTC_TIMESTAMP(),UTC_TIMESTAMP(),UTC_TIMESTAMP(),0,0,0,0,UTC_TIMESTAMP());
INSERT Paystation (PaystationTypeId,ModemTypeId,SerialNumber,IsDeleted,VERSION,LastModifiedGMT,LastModifiedByUserId) VALUES (2, 1, '222222222211', 0, 0, UTC_TIMESTAMP(), 1);INSERT PointOfSale (CustomerId,PaystationId,LocationId,PointOfSaleTypeId,Name,SerialNumber,ProvisionedGMT,Latitude,Longitude,AltitudeOrLevel,VERSION,LastModifiedGMT,LastModifiedByUserId) VALUES ((SELECT Id FROM Customer WHERE Name='Liza Parking 1 Child 2'),(SELECT Id FROM Paystation WHERE SerialNumber='222222222211'),(SELECT Id FROM Location WHERE Name='Child 2' AND CustomerId=(SELECT Id FROM Customer WHERE Name='Liza Parking 1 Child 2')),1,'222222222211','222222222211',UTC_TIMESTAMP(),37.771775,-122.417813,0,0,UTC_TIMESTAMP(),1);INSERT POSHeartbeat (PointOfSaleId, LastHeartbeatGMT) VALUES ((SELECT Id FROM PointOfSale WHERE (CustomerID = (SELECT Id FROM Customer WHERE Name='Liza Parking 1 Child 2') AND PaystationId=(SELECT Id FROM Paystation WHERE SerialNumber='222222222211'))),'2012-11-15 13:01:53');INSERT POSBalance (PointOfSaleId ,CollectionLockId ,ClusterId ,PrevCollectionLockId ,PrevPrevCollectionLockId ,CashAmount ,CoinCount ,CoinAmount ,BillCount ,BillAmount ,UnsettledCreditCardCount ,UnsettledCreditCardAmount ,TotalAmount ,LastCashCollectionGMT ,LastCoinCollectionGMT ,LastBillCollectionGMT ,LastCardCollectionGMT ,LastRecalcGMT  ,CollectionRecalcGMT ,CollectionRecalcTransactions ,HasRecentCollection ,IsRecalcable ,LastCollectionTypeId ,NextRecalcGMT) VALUES       ((SELECT Id FROM PointOfSale WHERE (CustomerID = (SELECT Id FROM Customer WHERE Name='Liza Parking 1 Child 2') AND PaystationId=(SELECT Id FROM Paystation WHERE SerialNumber='222222222211'))),NULL,NULL,NULL,NULL,0,0,0,0,0,0,0,0,UTC_TIMESTAMP(),UTC_TIMESTAMP(),UTC_TIMESTAMP() ,UTC_TIMESTAMP(),UTC_TIMESTAMP(),UTC_TIMESTAMP(),0,0,0,0,UTC_TIMESTAMP());
INSERT Paystation (PaystationTypeId,ModemTypeId,SerialNumber,IsDeleted,VERSION,LastModifiedGMT,LastModifiedByUserId) VALUES (2, 1, '222222222212', 0, 0, UTC_TIMESTAMP(), 1);INSERT PointOfSale (CustomerId,PaystationId,LocationId,PointOfSaleTypeId,Name,SerialNumber,ProvisionedGMT,Latitude,Longitude,AltitudeOrLevel,VERSION,LastModifiedGMT,LastModifiedByUserId) VALUES ((SELECT Id FROM Customer WHERE Name='Liza Parking 1 Child 2'),(SELECT Id FROM Paystation WHERE SerialNumber='222222222212'),(SELECT Id FROM Location WHERE Name='Child 2' AND CustomerId=(SELECT Id FROM Customer WHERE Name='Liza Parking 1 Child 2')),1,'222222222212','222222222212',UTC_TIMESTAMP(),37.771332,-122.417484,0,0,UTC_TIMESTAMP(),1);INSERT POSHeartbeat (PointOfSaleId, LastHeartbeatGMT) VALUES ((SELECT Id FROM PointOfSale WHERE (CustomerID = (SELECT Id FROM Customer WHERE Name='Liza Parking 1 Child 2') AND PaystationId=(SELECT Id FROM Paystation WHERE SerialNumber='222222222212'))),'2012-11-15 13:01:53');INSERT POSBalance (PointOfSaleId ,CollectionLockId ,ClusterId ,PrevCollectionLockId ,PrevPrevCollectionLockId ,CashAmount ,CoinCount ,CoinAmount ,BillCount ,BillAmount ,UnsettledCreditCardCount ,UnsettledCreditCardAmount ,TotalAmount ,LastCashCollectionGMT ,LastCoinCollectionGMT ,LastBillCollectionGMT ,LastCardCollectionGMT ,LastRecalcGMT  ,CollectionRecalcGMT ,CollectionRecalcTransactions ,HasRecentCollection ,IsRecalcable ,LastCollectionTypeId ,NextRecalcGMT) VALUES       ((SELECT Id FROM PointOfSale WHERE (CustomerID = (SELECT Id FROM Customer WHERE Name='Liza Parking 1 Child 2') AND PaystationId=(SELECT Id FROM Paystation WHERE SerialNumber='222222222212'))),NULL,NULL,NULL,NULL,0,0,0,0,0,0,0,0,UTC_TIMESTAMP(),UTC_TIMESTAMP(),UTC_TIMESTAMP() ,UTC_TIMESTAMP(),UTC_TIMESTAMP(),UTC_TIMESTAMP(),0,0,0,0,UTC_TIMESTAMP());
INSERT Paystation (PaystationTypeId,ModemTypeId,SerialNumber,IsDeleted,VERSION,LastModifiedGMT,LastModifiedByUserId) VALUES (2, 1, '222222222213', 0, 0, UTC_TIMESTAMP(), 1);INSERT PointOfSale (CustomerId,PaystationId,LocationId,PointOfSaleTypeId,Name,SerialNumber,ProvisionedGMT,Latitude,Longitude,AltitudeOrLevel,VERSION,LastModifiedGMT,LastModifiedByUserId) VALUES ((SELECT Id FROM Customer WHERE Name='Liza Parking 1 Child 2'),(SELECT Id FROM Paystation WHERE SerialNumber='222222222213'),(SELECT Id FROM Location WHERE Name='Child 2' AND CustomerId=(SELECT Id FROM Customer WHERE Name='Liza Parking 1 Child 2')),1,'222222222213','222222222213',UTC_TIMESTAMP(),37.770889,-122.417155,0,0,UTC_TIMESTAMP(),1);INSERT POSHeartbeat (PointOfSaleId, LastHeartbeatGMT) VALUES ((SELECT Id FROM PointOfSale WHERE (CustomerID = (SELECT Id FROM Customer WHERE Name='Liza Parking 1 Child 2') AND PaystationId=(SELECT Id FROM Paystation WHERE SerialNumber='222222222213'))),'2012-11-15 13:01:53');INSERT POSBalance (PointOfSaleId ,CollectionLockId ,ClusterId ,PrevCollectionLockId ,PrevPrevCollectionLockId ,CashAmount ,CoinCount ,CoinAmount ,BillCount ,BillAmount ,UnsettledCreditCardCount ,UnsettledCreditCardAmount ,TotalAmount ,LastCashCollectionGMT ,LastCoinCollectionGMT ,LastBillCollectionGMT ,LastCardCollectionGMT ,LastRecalcGMT  ,CollectionRecalcGMT ,CollectionRecalcTransactions ,HasRecentCollection ,IsRecalcable ,LastCollectionTypeId ,NextRecalcGMT) VALUES       ((SELECT Id FROM PointOfSale WHERE (CustomerID = (SELECT Id FROM Customer WHERE Name='Liza Parking 1 Child 2') AND PaystationId=(SELECT Id FROM Paystation WHERE SerialNumber='222222222213'))),NULL,NULL,NULL,NULL,0,0,0,0,0,0,0,0,UTC_TIMESTAMP(),UTC_TIMESTAMP(),UTC_TIMESTAMP() ,UTC_TIMESTAMP(),UTC_TIMESTAMP(),UTC_TIMESTAMP(),0,0,0,0,UTC_TIMESTAMP());
INSERT Paystation (PaystationTypeId,ModemTypeId,SerialNumber,IsDeleted,VERSION,LastModifiedGMT,LastModifiedByUserId) VALUES (2, 1, '222222222214', 0, 0, UTC_TIMESTAMP(), 1);INSERT PointOfSale (CustomerId,PaystationId,LocationId,PointOfSaleTypeId,Name,SerialNumber,ProvisionedGMT,Latitude,Longitude,AltitudeOrLevel,VERSION,LastModifiedGMT,LastModifiedByUserId) VALUES ((SELECT Id FROM Customer WHERE Name='Liza Parking 1 Child 2'),(SELECT Id FROM Paystation WHERE SerialNumber='222222222214'),(SELECT Id FROM Location WHERE Name='Child 3' AND CustomerId=(SELECT Id FROM Customer WHERE Name='Liza Parking 1 Child 2')),1,'222222222214','222222222214',UTC_TIMESTAMP(),37.770446,-122.416826,0,0,UTC_TIMESTAMP(),1);INSERT POSHeartbeat (PointOfSaleId, LastHeartbeatGMT) VALUES ((SELECT Id FROM PointOfSale WHERE (CustomerID = (SELECT Id FROM Customer WHERE Name='Liza Parking 1 Child 2') AND PaystationId=(SELECT Id FROM Paystation WHERE SerialNumber='222222222214'))),'2012-11-15 13:01:53');INSERT POSBalance (PointOfSaleId ,CollectionLockId ,ClusterId ,PrevCollectionLockId ,PrevPrevCollectionLockId ,CashAmount ,CoinCount ,CoinAmount ,BillCount ,BillAmount ,UnsettledCreditCardCount ,UnsettledCreditCardAmount ,TotalAmount ,LastCashCollectionGMT ,LastCoinCollectionGMT ,LastBillCollectionGMT ,LastCardCollectionGMT ,LastRecalcGMT  ,CollectionRecalcGMT ,CollectionRecalcTransactions ,HasRecentCollection ,IsRecalcable ,LastCollectionTypeId ,NextRecalcGMT) VALUES       ((SELECT Id FROM PointOfSale WHERE (CustomerID = (SELECT Id FROM Customer WHERE Name='Liza Parking 1 Child 2') AND PaystationId=(SELECT Id FROM Paystation WHERE SerialNumber='222222222214'))),NULL,NULL,NULL,NULL,0,0,0,0,0,0,0,0,UTC_TIMESTAMP(),UTC_TIMESTAMP(),UTC_TIMESTAMP() ,UTC_TIMESTAMP(),UTC_TIMESTAMP(),UTC_TIMESTAMP(),0,0,0,0,UTC_TIMESTAMP());
INSERT Paystation (PaystationTypeId,ModemTypeId,SerialNumber,IsDeleted,VERSION,LastModifiedGMT,LastModifiedByUserId) VALUES (2, 1, '222222222215', 0, 0, UTC_TIMESTAMP(), 1);INSERT PointOfSale (CustomerId,PaystationId,LocationId,PointOfSaleTypeId,Name,SerialNumber,ProvisionedGMT,Latitude,Longitude,AltitudeOrLevel,VERSION,LastModifiedGMT,LastModifiedByUserId) VALUES ((SELECT Id FROM Customer WHERE Name='Liza Parking 1 Child 2'),(SELECT Id FROM Paystation WHERE SerialNumber='222222222215'),(SELECT Id FROM Location WHERE Name='Child 3' AND CustomerId=(SELECT Id FROM Customer WHERE Name='Liza Parking 1 Child 2')),1,'222222222215','222222222215',UTC_TIMESTAMP(),37.770003,-122.416497,0,0,UTC_TIMESTAMP(),1);INSERT POSHeartbeat (PointOfSaleId, LastHeartbeatGMT) VALUES ((SELECT Id FROM PointOfSale WHERE (CustomerID = (SELECT Id FROM Customer WHERE Name='Liza Parking 1 Child 2') AND PaystationId=(SELECT Id FROM Paystation WHERE SerialNumber='222222222215'))),'2012-11-15 13:01:53');INSERT POSBalance (PointOfSaleId ,CollectionLockId ,ClusterId ,PrevCollectionLockId ,PrevPrevCollectionLockId ,CashAmount ,CoinCount ,CoinAmount ,BillCount ,BillAmount ,UnsettledCreditCardCount ,UnsettledCreditCardAmount ,TotalAmount ,LastCashCollectionGMT ,LastCoinCollectionGMT ,LastBillCollectionGMT ,LastCardCollectionGMT ,LastRecalcGMT  ,CollectionRecalcGMT ,CollectionRecalcTransactions ,HasRecentCollection ,IsRecalcable ,LastCollectionTypeId ,NextRecalcGMT) VALUES       ((SELECT Id FROM PointOfSale WHERE (CustomerID = (SELECT Id FROM Customer WHERE Name='Liza Parking 1 Child 2') AND PaystationId=(SELECT Id FROM Paystation WHERE SerialNumber='222222222215'))),NULL,NULL,NULL,NULL,0,0,0,0,0,0,0,0,UTC_TIMESTAMP(),UTC_TIMESTAMP(),UTC_TIMESTAMP() ,UTC_TIMESTAMP(),UTC_TIMESTAMP(),UTC_TIMESTAMP(),0,0,0,0,UTC_TIMESTAMP());
INSERT Paystation (PaystationTypeId,ModemTypeId,SerialNumber,IsDeleted,VERSION,LastModifiedGMT,LastModifiedByUserId) VALUES (2, 1, '222222222216', 0, 0, UTC_TIMESTAMP(), 1);INSERT PointOfSale (CustomerId,PaystationId,LocationId,PointOfSaleTypeId,Name,SerialNumber,ProvisionedGMT,Latitude,Longitude,AltitudeOrLevel,VERSION,LastModifiedGMT,LastModifiedByUserId) VALUES ((SELECT Id FROM Customer WHERE Name='Liza Parking 1 Child 2'),(SELECT Id FROM Paystation WHERE SerialNumber='222222222216'),(SELECT Id FROM Location WHERE Name='Child 3' AND CustomerId=(SELECT Id FROM Customer WHERE Name='Liza Parking 1 Child 2')),1,'222222222216','222222222216',UTC_TIMESTAMP(),37.7695599999999,-122.416168,0,0,UTC_TIMESTAMP(),1);INSERT POSHeartbeat (PointOfSaleId, LastHeartbeatGMT) VALUES ((SELECT Id FROM PointOfSale WHERE (CustomerID = (SELECT Id FROM Customer WHERE Name='Liza Parking 1 Child 2') AND PaystationId=(SELECT Id FROM Paystation WHERE SerialNumber='222222222216'))),'2012-11-15 13:01:53');INSERT POSBalance (PointOfSaleId ,CollectionLockId ,ClusterId ,PrevCollectionLockId ,PrevPrevCollectionLockId ,CashAmount ,CoinCount ,CoinAmount ,BillCount ,BillAmount ,UnsettledCreditCardCount ,UnsettledCreditCardAmount ,TotalAmount ,LastCashCollectionGMT ,LastCoinCollectionGMT ,LastBillCollectionGMT ,LastCardCollectionGMT ,LastRecalcGMT  ,CollectionRecalcGMT ,CollectionRecalcTransactions ,HasRecentCollection ,IsRecalcable ,LastCollectionTypeId ,NextRecalcGMT) VALUES       ((SELECT Id FROM PointOfSale WHERE (CustomerID = (SELECT Id FROM Customer WHERE Name='Liza Parking 1 Child 2') AND PaystationId=(SELECT Id FROM Paystation WHERE SerialNumber='222222222216'))),NULL,NULL,NULL,NULL,0,0,0,0,0,0,0,0,UTC_TIMESTAMP(),UTC_TIMESTAMP(),UTC_TIMESTAMP() ,UTC_TIMESTAMP(),UTC_TIMESTAMP(),UTC_TIMESTAMP(),0,0,0,0,UTC_TIMESTAMP());
INSERT Paystation (PaystationTypeId,ModemTypeId,SerialNumber,IsDeleted,VERSION,LastModifiedGMT,LastModifiedByUserId) VALUES (2, 1, '222222222217', 1, 0, UTC_TIMESTAMP(), 1);INSERT PointOfSale (CustomerId,PaystationId,LocationId,PointOfSaleTypeId,Name,SerialNumber,ProvisionedGMT,Latitude,Longitude,AltitudeOrLevel,VERSION,LastModifiedGMT,LastModifiedByUserId) VALUES ((SELECT Id FROM Customer WHERE Name='Liza Parking 1 Child 2'),(SELECT Id FROM Paystation WHERE SerialNumber='222222222217'),(SELECT Id FROM Location WHERE Name='Child 3' AND CustomerId=(SELECT Id FROM Customer WHERE Name='Liza Parking 1 Child 2')),1,'222222222217','222222222217',UTC_TIMESTAMP(),37.7691169999999,-122.415839,0,0,UTC_TIMESTAMP(),1);INSERT POSHeartbeat (PointOfSaleId, LastHeartbeatGMT) VALUES ((SELECT Id FROM PointOfSale WHERE (CustomerID = (SELECT Id FROM Customer WHERE Name='Liza Parking 1 Child 2') AND PaystationId=(SELECT Id FROM Paystation WHERE SerialNumber='222222222217'))),'2012-11-15 13:01:53');INSERT POSBalance (PointOfSaleId ,CollectionLockId ,ClusterId ,PrevCollectionLockId ,PrevPrevCollectionLockId ,CashAmount ,CoinCount ,CoinAmount ,BillCount ,BillAmount ,UnsettledCreditCardCount ,UnsettledCreditCardAmount ,TotalAmount ,LastCashCollectionGMT ,LastCoinCollectionGMT ,LastBillCollectionGMT ,LastCardCollectionGMT ,LastRecalcGMT  ,CollectionRecalcGMT ,CollectionRecalcTransactions ,HasRecentCollection ,IsRecalcable ,LastCollectionTypeId ,NextRecalcGMT) VALUES       ((SELECT Id FROM PointOfSale WHERE (CustomerID = (SELECT Id FROM Customer WHERE Name='Liza Parking 1 Child 2') AND PaystationId=(SELECT Id FROM Paystation WHERE SerialNumber='222222222217'))),NULL,NULL,NULL,NULL,0,0,0,0,0,0,0,0,UTC_TIMESTAMP(),UTC_TIMESTAMP(),UTC_TIMESTAMP() ,UTC_TIMESTAMP(),UTC_TIMESTAMP(),UTC_TIMESTAMP(),0,0,0,0,UTC_TIMESTAMP());
INSERT Paystation (PaystationTypeId,ModemTypeId,SerialNumber,IsDeleted,VERSION,LastModifiedGMT,LastModifiedByUserId) VALUES (2, 1, '222222222218', 1, 0, UTC_TIMESTAMP(), 1);INSERT PointOfSale (CustomerId,PaystationId,LocationId,PointOfSaleTypeId,Name,SerialNumber,ProvisionedGMT,Latitude,Longitude,AltitudeOrLevel,VERSION,LastModifiedGMT,LastModifiedByUserId) VALUES ((SELECT Id FROM Customer WHERE Name='Liza Parking 1 Child 2'),(SELECT Id FROM Paystation WHERE SerialNumber='222222222218'),(SELECT Id FROM Location WHERE Name='Child 3' AND CustomerId=(SELECT Id FROM Customer WHERE Name='Liza Parking 1 Child 2')),1,'222222222218','222222222218',UTC_TIMESTAMP(),37.7686739999999,-122.41551,0,0,UTC_TIMESTAMP(),1);INSERT POSHeartbeat (PointOfSaleId, LastHeartbeatGMT) VALUES ((SELECT Id FROM PointOfSale WHERE (CustomerID = (SELECT Id FROM Customer WHERE Name='Liza Parking 1 Child 2') AND PaystationId=(SELECT Id FROM Paystation WHERE SerialNumber='222222222218'))),'2012-11-15 13:01:53');INSERT POSBalance (PointOfSaleId ,CollectionLockId ,ClusterId ,PrevCollectionLockId ,PrevPrevCollectionLockId ,CashAmount ,CoinCount ,CoinAmount ,BillCount ,BillAmount ,UnsettledCreditCardCount ,UnsettledCreditCardAmount ,TotalAmount ,LastCashCollectionGMT ,LastCoinCollectionGMT ,LastBillCollectionGMT ,LastCardCollectionGMT ,LastRecalcGMT  ,CollectionRecalcGMT ,CollectionRecalcTransactions ,HasRecentCollection ,IsRecalcable ,LastCollectionTypeId ,NextRecalcGMT) VALUES       ((SELECT Id FROM PointOfSale WHERE (CustomerID = (SELECT Id FROM Customer WHERE Name='Liza Parking 1 Child 2') AND PaystationId=(SELECT Id FROM Paystation WHERE SerialNumber='222222222218'))),NULL,NULL,NULL,NULL,0,0,0,0,0,0,0,0,UTC_TIMESTAMP(),UTC_TIMESTAMP(),UTC_TIMESTAMP() ,UTC_TIMESTAMP(),UTC_TIMESTAMP(),UTC_TIMESTAMP(),0,0,0,0,UTC_TIMESTAMP());
INSERT Paystation (PaystationTypeId,ModemTypeId,SerialNumber,IsDeleted,VERSION,LastModifiedGMT,LastModifiedByUserId) VALUES (2, 1, '222222222219', 1, 0, UTC_TIMESTAMP(), 1);INSERT PointOfSale (CustomerId,PaystationId,LocationId,PointOfSaleTypeId,Name,SerialNumber,ProvisionedGMT,Latitude,Longitude,AltitudeOrLevel,VERSION,LastModifiedGMT,LastModifiedByUserId) VALUES ((SELECT Id FROM Customer WHERE Name='Liza Parking 1 Child 2'),(SELECT Id FROM Paystation WHERE SerialNumber='222222222219'),(SELECT Id FROM Location WHERE Name='Child 3' AND CustomerId=(SELECT Id FROM Customer WHERE Name='Liza Parking 1 Child 2')),1,'222222222219','222222222219',UTC_TIMESTAMP(),37.7682309999999,-122.415181,0,0,UTC_TIMESTAMP(),1);INSERT POSHeartbeat (PointOfSaleId, LastHeartbeatGMT) VALUES ((SELECT Id FROM PointOfSale WHERE (CustomerID = (SELECT Id FROM Customer WHERE Name='Liza Parking 1 Child 2') AND PaystationId=(SELECT Id FROM Paystation WHERE SerialNumber='222222222219'))),'2012-11-15 13:01:53');INSERT POSBalance (PointOfSaleId ,CollectionLockId ,ClusterId ,PrevCollectionLockId ,PrevPrevCollectionLockId ,CashAmount ,CoinCount ,CoinAmount ,BillCount ,BillAmount ,UnsettledCreditCardCount ,UnsettledCreditCardAmount ,TotalAmount ,LastCashCollectionGMT ,LastCoinCollectionGMT ,LastBillCollectionGMT ,LastCardCollectionGMT ,LastRecalcGMT  ,CollectionRecalcGMT ,CollectionRecalcTransactions ,HasRecentCollection ,IsRecalcable ,LastCollectionTypeId ,NextRecalcGMT) VALUES       ((SELECT Id FROM PointOfSale WHERE (CustomerID = (SELECT Id FROM Customer WHERE Name='Liza Parking 1 Child 2') AND PaystationId=(SELECT Id FROM Paystation WHERE SerialNumber='222222222219'))),NULL,NULL,NULL,NULL,0,0,0,0,0,0,0,0,UTC_TIMESTAMP(),UTC_TIMESTAMP(),UTC_TIMESTAMP() ,UTC_TIMESTAMP(),UTC_TIMESTAMP(),UTC_TIMESTAMP(),0,0,0,0,UTC_TIMESTAMP());
















-- Roles

-- Custom Roles


INSERT Role (CustomerTypeId, RoleStatusTypeId, Name, IsAdmin, IsLocked, ClonedRoleId, VERSION, LastModifiedGMT, LastModifiedByUserId) VALUES (3, 1, 'Collections', 0, 0, null, 0, UTC_TIMESTAMP(), 1) ;INSERT CustomerRole (CustomerId, RoleId, VERSION, LastModifiedGMT, LastModifiedByUserId) VALUES ( (SELECT Id FROM Customer WHERE Name='Liza Parking 1 Child 2'), (SELECT LAST_INSERT_ID()), 0, UTC_TIMESTAMP(), 1);
INSERT Role (CustomerTypeId, RoleStatusTypeId, Name, IsAdmin, IsLocked, ClonedRoleId, VERSION, LastModifiedGMT, LastModifiedByUserId) VALUES (3, 1, 'Maintenance', 0, 0, null, 0, UTC_TIMESTAMP(), 1) ;INSERT CustomerRole (CustomerId, RoleId, VERSION, LastModifiedGMT, LastModifiedByUserId) VALUES ( (SELECT Id FROM Customer WHERE Name='Liza Parking 1 Child 2'), (SELECT LAST_INSERT_ID()), 0, UTC_TIMESTAMP(), 1);
INSERT Role (CustomerTypeId, RoleStatusTypeId, Name, IsAdmin, IsLocked, ClonedRoleId, VERSION, LastModifiedGMT, LastModifiedByUserId) VALUES (3, 1, 'Enforcement', 0, 0, null, 0, UTC_TIMESTAMP(), 1) ;INSERT CustomerRole (CustomerId, RoleId, VERSION, LastModifiedGMT, LastModifiedByUserId) VALUES ( (SELECT Id FROM Customer WHERE Name='Liza Parking 1 Child 2'), (SELECT LAST_INSERT_ID()), 0, UTC_TIMESTAMP(), 1);

-- Permissions




INSERT RolePermission (RoleId, PermissionId, VERSION, LastModifiedGMT, LastModifiedByUserId) VALUES ( (SELECT r.Id FROM Role r, CustomerRole c WHERE c.RoleID=r.Id AND c.CustomerId=(SELECT Id FROM Customer WHERE Name='Liza Parking 1 Child 2') AND r.Name='Collections'), 201, 0, UTC_TIMESTAMP(), 1);INSERT RolePermission (RoleId, PermissionId, VERSION, LastModifiedGMT, LastModifiedByUserId) VALUES ( (SELECT r.Id FROM Role r, CustomerRole c WHERE c.RoleID=r.Id AND c.CustomerId=(SELECT Id FROM Customer WHERE Name='Liza Parking 1 Child 2') AND r.Name='Maintenance'), 201, 0, UTC_TIMESTAMP(), 1);

INSERT RolePermission (RoleId, PermissionId, VERSION, LastModifiedGMT, LastModifiedByUserId) VALUES ( (SELECT r.Id FROM Role r, CustomerRole c WHERE c.RoleID=r.Id AND c.CustomerId=(SELECT Id FROM Customer WHERE Name='Liza Parking 1 Child 2') AND r.Name='Collections'), 300, 0, UTC_TIMESTAMP(), 1);
INSERT RolePermission (RoleId, PermissionId, VERSION, LastModifiedGMT, LastModifiedByUserId) VALUES ( (SELECT r.Id FROM Role r, CustomerRole c WHERE c.RoleID=r.Id AND c.CustomerId=(SELECT Id FROM Customer WHERE Name='Liza Parking 1 Child 2') AND r.Name='Collections'), 301, 0, UTC_TIMESTAMP(), 1);




























INSERT RolePermission (RoleId, PermissionId, VERSION, LastModifiedGMT, LastModifiedByUserId) VALUES ( (SELECT r.Id FROM Role r, CustomerRole c WHERE c.RoleID=r.Id AND c.CustomerId=(SELECT Id FROM Customer WHERE Name='Liza Parking 1 Child 2') AND r.Name='Collections'), 1001, 0, UTC_TIMESTAMP(), 1);INSERT RolePermission (RoleId, PermissionId, VERSION, LastModifiedGMT, LastModifiedByUserId) VALUES ( (SELECT r.Id FROM Role r, CustomerRole c WHERE c.RoleID=r.Id AND c.CustomerId=(SELECT Id FROM Customer WHERE Name='Liza Parking 1 Child 2') AND r.Name='Maintenance'), 1001, 0, UTC_TIMESTAMP(), 1);INSERT RolePermission (RoleId, PermissionId, VERSION, LastModifiedGMT, LastModifiedByUserId) VALUES ( (SELECT r.Id FROM Role r, CustomerRole c WHERE c.RoleID=r.Id AND c.CustomerId=(SELECT Id FROM Customer WHERE Name='Liza Parking 1 Child 2') AND r.Name='Enforcement'), 1001, 0, UTC_TIMESTAMP(), 1);

INSERT RolePermission (RoleId, PermissionId, VERSION, LastModifiedGMT, LastModifiedByUserId) VALUES ( (SELECT r.Id FROM Role r, CustomerRole c WHERE c.RoleID=r.Id AND c.CustomerId=(SELECT Id FROM Customer WHERE Name='Liza Parking 1 Child 2') AND r.Name='Collections'), 1003, 0, UTC_TIMESTAMP(), 1);INSERT RolePermission (RoleId, PermissionId, VERSION, LastModifiedGMT, LastModifiedByUserId) VALUES ( (SELECT r.Id FROM Role r, CustomerRole c WHERE c.RoleID=r.Id AND c.CustomerId=(SELECT Id FROM Customer WHERE Name='Liza Parking 1 Child 2') AND r.Name='Maintenance'), 1003, 0, UTC_TIMESTAMP(), 1);INSERT RolePermission (RoleId, PermissionId, VERSION, LastModifiedGMT, LastModifiedByUserId) VALUES ( (SELECT r.Id FROM Role r, CustomerRole c WHERE c.RoleID=r.Id AND c.CustomerId=(SELECT Id FROM Customer WHERE Name='Liza Parking 1 Child 2') AND r.Name='Enforcement'), 1003, 0, UTC_TIMESTAMP(), 1);

INSERT RolePermission (RoleId, PermissionId, VERSION, LastModifiedGMT, LastModifiedByUserId) VALUES ( (SELECT r.Id FROM Role r, CustomerRole c WHERE c.RoleID=r.Id AND c.CustomerId=(SELECT Id FROM Customer WHERE Name='Liza Parking 1 Child 2') AND r.Name='Collections'), 1005, 0, UTC_TIMESTAMP(), 1);INSERT RolePermission (RoleId, PermissionId, VERSION, LastModifiedGMT, LastModifiedByUserId) VALUES ( (SELECT r.Id FROM Role r, CustomerRole c WHERE c.RoleID=r.Id AND c.CustomerId=(SELECT Id FROM Customer WHERE Name='Liza Parking 1 Child 2') AND r.Name='Maintenance'), 1005, 0, UTC_TIMESTAMP(), 1);INSERT RolePermission (RoleId, PermissionId, VERSION, LastModifiedGMT, LastModifiedByUserId) VALUES ( (SELECT r.Id FROM Role r, CustomerRole c WHERE c.RoleID=r.Id AND c.CustomerId=(SELECT Id FROM Customer WHERE Name='Liza Parking 1 Child 2') AND r.Name='Enforcement'), 1005, 0, UTC_TIMESTAMP(), 1);


INSERT RolePermission (RoleId, PermissionId, VERSION, LastModifiedGMT, LastModifiedByUserId) VALUES ( (SELECT r.Id FROM Role r, CustomerRole c WHERE c.RoleID=r.Id AND c.CustomerId=(SELECT Id FROM Customer WHERE Name='Liza Parking 1 Child 2') AND r.Name='Enforcement'), 1008, 0, UTC_TIMESTAMP(), 1);



















-- User Accounts

INSERT CustomerEmail (CustomerId, Email, VERSION, LastModifiedGMT, LastModifiedByUserId) VALUES ( (SELECT Id FROM Customer WHERE Name='Liza Parking 1 Child 2'),'liza.tikhova6@digitalpaytech.com', 0, UTC_TIMESTAMP(), 1);INSERT UserAccount (CustomerId, UserStatusTypeId, UserName, CustomerEmailId, FirstName, LastName, Password, PasswordSalt, IsPasswordTemporary, VERSION, LastModifiedGMT, LastModifiedByUserId) VALUES ( (SELECT Id FROM Customer WHERE Name='Liza Parking 1 Child 2'), 1, 'Child+2+Admin', (SELECT Id FROM CustomerEmail WHERE Email='liza.tikhova6@digitalpaytech.com'), 'Liza2', 'Tikhova2', '87fb3aebffbea75c90f32b81dc6f94762dbcfd70', 'salt', 0, 0, UTC_TIMESTAMP(), 1);INSERT UserDefaultDashboard (UserAccountId, IsDefaultDashboard, VERSION, LastModifiedGMT, LastModifiedByUserId) VALUES ((SELECT Id FROM UserAccount WHERE Username='Child+2+Admin'), 1, 0, UTC_TIMESTAMP(), 1);INSERT UserRole (UserAccountId, RoleId, VERSION, LastModifiedGMT, LastModifiedByUserId) VALUES ((SELECT Id FROM UserAccount WHERE Username='Child+2+Admin'), 3, 0, UTC_TIMESTAMP(), 1);
INSERT CustomerEmail (CustomerId, Email, VERSION, LastModifiedGMT, LastModifiedByUserId) VALUES ( (SELECT Id FROM Customer WHERE Name='Liza Parking 1 Child 2'),'liza.tikhova7@digitalpaytech.com', 0, UTC_TIMESTAMP(), 1);INSERT UserAccount (CustomerId, UserStatusTypeId, UserName, CustomerEmailId, FirstName, LastName, Password, PasswordSalt, IsPasswordTemporary, VERSION, LastModifiedGMT, LastModifiedByUserId) VALUES ( (SELECT Id FROM Customer WHERE Name='Liza Parking 1 Child 2'), 1, 'Child+2+maint', (SELECT Id FROM CustomerEmail WHERE Email='liza.tikhova7@digitalpaytech.com'), 'Justin2', 'Handyman2', '58ae83e00383273590f96b385ddd700802c3f07d', 'salt', 1, 0, UTC_TIMESTAMP(), 1);INSERT UserDefaultDashboard (UserAccountId, IsDefaultDashboard, VERSION, LastModifiedGMT, LastModifiedByUserId) VALUES ((SELECT Id FROM UserAccount WHERE Username='Child+2+maint'), 1, 0, UTC_TIMESTAMP(), 1);INSERT UserRole (UserAccountId, RoleId, VERSION, LastModifiedGMT, LastModifiedByUserId) VALUES ((SELECT Id FROM UserAccount WHERE Username='Child+2+maint'), (SELECT r.Id FROM Role r, CustomerRole c WHERE c.RoleID=r.Id AND c.CustomerId=(SELECT Id FROM Customer WHERE Name='Liza Parking 1 Child 2') AND r.Name='Collections'), 0, UTC_TIMESTAMP(), 1);
INSERT CustomerEmail (CustomerId, Email, VERSION, LastModifiedGMT, LastModifiedByUserId) VALUES ( (SELECT Id FROM Customer WHERE Name='Liza Parking 1 Child 2'),'liza.tikhova8@digitalpaytech.com', 0, UTC_TIMESTAMP(), 1);INSERT UserAccount (CustomerId, UserStatusTypeId, UserName, CustomerEmailId, FirstName, LastName, Password, PasswordSalt, IsPasswordTemporary, VERSION, LastModifiedGMT, LastModifiedByUserId) VALUES ( (SELECT Id FROM Customer WHERE Name='Liza Parking 1 Child 2'), 1, 'Child+2+collect', (SELECT Id FROM CustomerEmail WHERE Email='liza.tikhova8@digitalpaytech.com'), 'John2', 'Moneyguy2', '58ae83e00383273590f96b385ddd700802c3f07d', 'salt', 1, 0, UTC_TIMESTAMP(), 1);INSERT UserDefaultDashboard (UserAccountId, IsDefaultDashboard, VERSION, LastModifiedGMT, LastModifiedByUserId) VALUES ((SELECT Id FROM UserAccount WHERE Username='Child+2+collect'), 1, 0, UTC_TIMESTAMP(), 1);INSERT UserRole (UserAccountId, RoleId, VERSION, LastModifiedGMT, LastModifiedByUserId) VALUES ((SELECT Id FROM UserAccount WHERE Username='Child+2+collect'), (SELECT r.Id FROM Role r, CustomerRole c WHERE c.RoleID=r.Id AND c.CustomerId=(SELECT Id FROM Customer WHERE Name='Liza Parking 1 Child 2') AND r.Name='Maintenance'), 0, UTC_TIMESTAMP(), 1);
INSERT CustomerEmail (CustomerId, Email, VERSION, LastModifiedGMT, LastModifiedByUserId) VALUES ( (SELECT Id FROM Customer WHERE Name='Liza Parking 1 Child 2'),'liza.tikhova9@digitalpaytech.com', 0, UTC_TIMESTAMP(), 1);INSERT UserAccount (CustomerId, UserStatusTypeId, UserName, CustomerEmailId, FirstName, LastName, Password, PasswordSalt, IsPasswordTemporary, VERSION, LastModifiedGMT, LastModifiedByUserId) VALUES ( (SELECT Id FROM Customer WHERE Name='Liza Parking 1 Child 2'), 1, 'Child+2+Enforce', (SELECT Id FROM CustomerEmail WHERE Email='liza.tikhova9@digitalpaytech.com'), 'Peter2', 'Wolf2', '58ae83e00383273590f96b385ddd700802c3f07d', 'salt', 1, 0, UTC_TIMESTAMP(), 1);INSERT UserDefaultDashboard (UserAccountId, IsDefaultDashboard, VERSION, LastModifiedGMT, LastModifiedByUserId) VALUES ((SELECT Id FROM UserAccount WHERE Username='Child+2+Enforce'), 1, 0, UTC_TIMESTAMP(), 1);INSERT UserRole (UserAccountId, RoleId, VERSION, LastModifiedGMT, LastModifiedByUserId) VALUES ((SELECT Id FROM UserAccount WHERE Username='Child+2+Enforce'), (SELECT r.Id FROM Role r, CustomerRole c WHERE c.RoleID=r.Id AND c.CustomerId=(SELECT Id FROM Customer WHERE Name='Liza Parking 1 Child 2') AND r.Name='Enforcement'), 0, UTC_TIMESTAMP(), 1);



-- *** Liza Parking 2 ***
-- Customer
INSERT Customer (CustomerTypeId, CustomerStatusTypeId, ParentCustomerId, Name, IsParent, VERSION, LastModifiedGMT, LastModifiedByUserId) VALUES (2, 0, NULL, 'Liza Parking 2', 1, 0, UTC_TIMESTAMP(), 1);


INSERT CustomerAgreement (CustomerId, ServiceAgreementId, Name, Title, Organization, AgreedGMT, IsOverride, VERSION, LastModifiedGMT, LastModifiedByUserId) VALUES ((SELECT Id From Customer WHERE Name='Liza Parking 2'), 1, 'John Smith','Parent President','Liza Parking 2 Parent Company Disabled Account ','2010-01-10',1,1,UTC_TIMESTAMP(), 1); 






-- Subscribed Services
INSERT CustomerSubscription (CustomerId, SubscriptionTypeId, IsEnabled, VERSION, LastModifiedGMT, LastModifiedByUserId) VALUES ( (SELECT ID From Customer WHERE Name='Liza Parking 2'), 100, 0, 0, UTC_TIMESTAMP(), 1);
INSERT CustomerSubscription (CustomerId, SubscriptionTypeId, IsEnabled, VERSION, LastModifiedGMT, LastModifiedByUserId) VALUES ( (SELECT ID From Customer WHERE Name='Liza Parking 2'), 200, 0, 0, UTC_TIMESTAMP(), 1);
INSERT CustomerSubscription (CustomerId, SubscriptionTypeId, IsEnabled, VERSION, LastModifiedGMT, LastModifiedByUserId) VALUES ( (SELECT ID From Customer WHERE Name='Liza Parking 2'), 300, 0, 0, UTC_TIMESTAMP(), 1);
INSERT CustomerSubscription (CustomerId, SubscriptionTypeId, IsEnabled, VERSION, LastModifiedGMT, LastModifiedByUserId) VALUES ( (SELECT ID From Customer WHERE Name='Liza Parking 2'), 400, 0, 0, UTC_TIMESTAMP(), 1);
INSERT CustomerSubscription (CustomerId, SubscriptionTypeId, IsEnabled, VERSION, LastModifiedGMT, LastModifiedByUserId) VALUES ( (SELECT ID From Customer WHERE Name='Liza Parking 2'), 500, 0, 0, UTC_TIMESTAMP(), 1);
INSERT CustomerSubscription (CustomerId, SubscriptionTypeId, IsEnabled, VERSION, LastModifiedGMT, LastModifiedByUserId) VALUES ( (SELECT ID From Customer WHERE Name='Liza Parking 2'), 600, 0, 0, UTC_TIMESTAMP(), 1);
INSERT CustomerSubscription (CustomerId, SubscriptionTypeId, IsEnabled, VERSION, LastModifiedGMT, LastModifiedByUserId) VALUES ( (SELECT ID From Customer WHERE Name='Liza Parking 2'), 700, 0, 0, UTC_TIMESTAMP(), 1);
INSERT CustomerSubscription (CustomerId, SubscriptionTypeId, IsEnabled, VERSION, LastModifiedGMT, LastModifiedByUserId) VALUES ( (SELECT ID From Customer WHERE Name='Liza Parking 2'), 800, 0, 0, UTC_TIMESTAMP(), 1);
INSERT CustomerSubscription (CustomerId, SubscriptionTypeId, IsEnabled, VERSION, LastModifiedGMT, LastModifiedByUserId) VALUES ( (SELECT ID From Customer WHERE Name='Liza Parking 2'), 900, 0, 0, UTC_TIMESTAMP(), 1);
INSERT CustomerSubscription (CustomerId, SubscriptionTypeId, IsEnabled, VERSION, LastModifiedGMT, LastModifiedByUserId) VALUES ( (SELECT ID From Customer WHERE Name='Liza Parking 2'), 1000, 0, 0, UTC_TIMESTAMP(), 1);
INSERT CustomerSubscription (CustomerId, SubscriptionTypeId, IsEnabled, VERSION, LastModifiedGMT, LastModifiedByUserId) VALUES ( (SELECT ID From Customer WHERE Name='Liza Parking 2'), 1100, 0, 0, UTC_TIMESTAMP(), 1);
INSERT CustomerSubscription (CustomerId, SubscriptionTypeId, IsEnabled, VERSION, LastModifiedGMT, LastModifiedByUserId) VALUES ( (SELECT ID From Customer WHERE Name='Liza Parking 2'), 1200, 0, 0, UTC_TIMESTAMP(), 1);
INSERT CustomerSubscription (CustomerId, SubscriptionTypeId, IsEnabled, VERSION, LastModifiedGMT, LastModifiedByUserId) VALUES ( (SELECT ID From Customer WHERE Name='Liza Parking 2'), 1600, 0, 0, UTC_TIMESTAMP(), 1);

-- Customer Properties
INSERT CustomerProperty (CustomerId,CustomerPropertyTypeId,PropertyValue,VERSION,LastModifiedGMT,LastModifiedByUserId) VALUES ( (SELECT ID From Customer WHERE Name='Liza Parking 2'), 1, 'US/Pacific' , 0,UTC_TIMESTAMP(),1 );
INSERT CustomerProperty (CustomerId,CustomerPropertyTypeId,PropertyValue,VERSION,LastModifiedGMT,LastModifiedByUserId) VALUES ( (SELECT ID From Customer WHERE Name='Liza Parking 2'), 2, 'Customer' , 0,UTC_TIMESTAMP(),1 );
INSERT CustomerProperty (CustomerId,CustomerPropertyTypeId,PropertyValue,VERSION,LastModifiedGMT,LastModifiedByUserId) VALUES ( (SELECT ID From Customer WHERE Name='Liza Parking 2'), 3, '3' , 0,UTC_TIMESTAMP(),1 );
INSERT CustomerProperty (CustomerId,CustomerPropertyTypeId,PropertyValue,VERSION,LastModifiedGMT,LastModifiedByUserId) VALUES ( (SELECT ID From Customer WHERE Name='Liza Parking 2'), 4, '3' , 0,UTC_TIMESTAMP(),1 );
INSERT CustomerProperty (CustomerId,CustomerPropertyTypeId,PropertyValue,VERSION,LastModifiedGMT,LastModifiedByUserId) VALUES ( (SELECT ID From Customer WHERE Name='Liza Parking 2'), 5, '3' , 0,UTC_TIMESTAMP(),1 );
INSERT CustomerProperty (CustomerId,CustomerPropertyTypeId,PropertyValue,VERSION,LastModifiedGMT,LastModifiedByUserId) VALUES ( (SELECT ID From Customer WHERE Name='Liza Parking 2'), 6, '58' , 0,UTC_TIMESTAMP(),1 );
INSERT CustomerProperty (CustomerId,CustomerPropertyTypeId,PropertyValue,VERSION,LastModifiedGMT,LastModifiedByUserId) VALUES ( (SELECT ID From Customer WHERE Name='Liza Parking 2'), 7, '2' , 0,UTC_TIMESTAMP(),1 );
INSERT CustomerProperty (CustomerId,CustomerPropertyTypeId,PropertyValue,VERSION,LastModifiedGMT,LastModifiedByUserId) VALUES ( (SELECT ID From Customer WHERE Name='Liza Parking 2'), 8, 'no' , 0,UTC_TIMESTAMP(),1 );
INSERT CustomerProperty (CustomerId,CustomerPropertyTypeId,PropertyValue,VERSION,LastModifiedGMT,LastModifiedByUserId) VALUES ( (SELECT ID From Customer WHERE Name='Liza Parking 2'), 9, '0' , 0,UTC_TIMESTAMP(),1 );
INSERT CustomerProperty (CustomerId,CustomerPropertyTypeId,PropertyValue,VERSION,LastModifiedGMT,LastModifiedByUserId) VALUES ( (SELECT ID From Customer WHERE Name='Liza Parking 2'), 10, '0' , 0,UTC_TIMESTAMP(),1 );

-- Locations


INSERT Location (CustomerId,ParentLocationId,Name,NumberOfSpaces,TargetMonthlyRevenue,Description,IsParent,IsUnassigned,IsDeleted,VERSION,LastModifiedGMT,LastModifiedByUserId) VALUES ((SELECT ID From Customer WHERE Name='Liza Parking 2'),  NULL, 'Unassigned',0,15000,NULL,0,1,0,0,UTC_TIMESTAMP(),1);CALL sp_InsertLocationDayAndOpen( (SELECT Id From Location WHERE Name='Unassigned' AND CustomerId=(SELECT Id From Customer WHERE Name='Liza Parking 2')), 1, 0,95,0,0);CALL sp_InsertLocationDayAndOpen( (SELECT Id From Location WHERE Name='Unassigned' AND CustomerId=(SELECT Id From Customer WHERE Name='Liza Parking 2')), 2, 0,95,0,0);CALL sp_InsertLocationDayAndOpen( (SELECT Id From Location WHERE Name='Unassigned' AND CustomerId=(SELECT Id From Customer WHERE Name='Liza Parking 2')), 3, 0,95,0,0);CALL sp_InsertLocationDayAndOpen( (SELECT Id From Location WHERE Name='Unassigned' AND CustomerId=(SELECT Id From Customer WHERE Name='Liza Parking 2')), 4, 0,95,0,0);CALL sp_InsertLocationDayAndOpen( (SELECT Id From Location WHERE Name='Unassigned' AND CustomerId=(SELECT Id From Customer WHERE Name='Liza Parking 2')), 5, 0,95,0,0);CALL sp_InsertLocationDayAndOpen( (SELECT Id From Location WHERE Name='Unassigned' AND CustomerId=(SELECT Id From Customer WHERE Name='Liza Parking 2')), 6, 0,95,0,0);CALL sp_InsertLocationDayAndOpen( (SELECT Id From Location WHERE Name='Unassigned' AND CustomerId=(SELECT Id From Customer WHERE Name='Liza Parking 2')), 7, 0,95,0,0);




-- Pay Stations

INSERT Paystation (PaystationTypeId,ModemTypeId,SerialNumber,IsDeleted,VERSION,LastModifiedGMT,LastModifiedByUserId) VALUES (2, 0, '3000000012324', 1, 0, UTC_TIMESTAMP(), 1);INSERT PointOfSale (CustomerId,PaystationId,LocationId,PointOfSaleTypeId,Name,SerialNumber,ProvisionedGMT,Latitude,Longitude,AltitudeOrLevel,VERSION,LastModifiedGMT,LastModifiedByUserId) VALUES ((SELECT Id FROM Customer WHERE Name='Liza Parking 2'),(SELECT Id FROM Paystation WHERE SerialNumber='3000000012324'),(SELECT Id FROM Location WHERE Name='Unassigned' AND CustomerId=(SELECT Id FROM Customer WHERE Name='Liza Parking 2')),1,'Test Machine','3000000012324',UTC_TIMESTAMP(),0,0,0,0,UTC_TIMESTAMP(),1);INSERT POSHeartbeat (PointOfSaleId, LastHeartbeatGMT) VALUES ((SELECT Id FROM PointOfSale WHERE (CustomerID = (SELECT Id FROM Customer WHERE Name='Liza Parking 2') AND PaystationId=(SELECT Id FROM Paystation WHERE SerialNumber='3000000012324'))),'2012-11-15 13:01:53');INSERT POSBalance (PointOfSaleId ,CollectionLockId ,ClusterId ,PrevCollectionLockId ,PrevPrevCollectionLockId ,CashAmount ,CoinCount ,CoinAmount ,BillCount ,BillAmount ,UnsettledCreditCardCount ,UnsettledCreditCardAmount ,TotalAmount ,LastCashCollectionGMT ,LastCoinCollectionGMT ,LastBillCollectionGMT ,LastCardCollectionGMT ,LastRecalcGMT  ,CollectionRecalcGMT ,CollectionRecalcTransactions ,HasRecentCollection ,IsRecalcable ,LastCollectionTypeId ,NextRecalcGMT) VALUES       ((SELECT Id FROM PointOfSale WHERE (CustomerID = (SELECT Id FROM Customer WHERE Name='Liza Parking 2') AND PaystationId=(SELECT Id FROM Paystation WHERE SerialNumber='3000000012324'))),NULL,NULL,NULL,NULL,0,0,0,0,0,0,0,0,UTC_TIMESTAMP(),UTC_TIMESTAMP(),UTC_TIMESTAMP() ,UTC_TIMESTAMP(),UTC_TIMESTAMP(),UTC_TIMESTAMP(),0,0,0,0,UTC_TIMESTAMP());



















-- Roles

-- Custom Roles
INSERT Role (CustomerTypeId, RoleStatusTypeId, Name, IsAdmin, IsLocked, ClonedRoleId, VERSION, LastModifiedGMT, LastModifiedByUserId) VALUES (2, 1, 'Regular User', 0, 0, null, 0, UTC_TIMESTAMP(), 1) ;INSERT CustomerRole (CustomerId, RoleId, VERSION, LastModifiedGMT, LastModifiedByUserId) VALUES ( (SELECT Id FROM Customer WHERE Name='Liza Parking 2'), (SELECT LAST_INSERT_ID()), 0, UTC_TIMESTAMP(), 1);



-- Permissions


INSERT RolePermission (RoleId, PermissionId, VERSION, LastModifiedGMT, LastModifiedByUserId) VALUES ( (SELECT r.Id FROM Role r, CustomerRole c WHERE c.RoleID=r.Id AND c.CustomerId=(SELECT Id FROM Customer WHERE Name='Liza Parking 2') AND r.Name='Regular User'), 100, 0, UTC_TIMESTAMP(), 1);




























































-- User Accounts

INSERT CustomerEmail (CustomerId, Email, VERSION, LastModifiedGMT, LastModifiedByUserId) VALUES ( (SELECT Id FROM Customer WHERE Name='Liza Parking 2'),'liza.tikhova10@digitalpaytech.com', 0, UTC_TIMESTAMP(), 1);INSERT UserAccount (CustomerId, UserStatusTypeId, UserName, CustomerEmailId, FirstName, LastName, Password, PasswordSalt, IsPasswordTemporary, VERSION, LastModifiedGMT, LastModifiedByUserId) VALUES ( (SELECT Id FROM Customer WHERE Name='Liza Parking 2'), 1, 'Parent+2', (SELECT Id FROM CustomerEmail WHERE Email='liza.tikhova10@digitalpaytech.com'), 'Parent 2', 'Admin', '87fb3aebffbea75c90f32b81dc6f94762dbcfd70', 'salt', 0, 0, UTC_TIMESTAMP(), 1);INSERT UserDefaultDashboard (UserAccountId, IsDefaultDashboard, VERSION, LastModifiedGMT, LastModifiedByUserId) VALUES ((SELECT Id FROM UserAccount WHERE Username='Parent+2'), 1, 0, UTC_TIMESTAMP(), 1);INSERT UserRole (UserAccountId, RoleId, VERSION, LastModifiedGMT, LastModifiedByUserId) VALUES ((SELECT Id FROM UserAccount WHERE Username='Parent+2'), 2, 0, UTC_TIMESTAMP(), 1);
INSERT CustomerEmail (CustomerId, Email, VERSION, LastModifiedGMT, LastModifiedByUserId) VALUES ( (SELECT Id FROM Customer WHERE Name='Liza Parking 2'),'liza.tikhova11@digitalpaytech.com', 0, UTC_TIMESTAMP(), 1);INSERT UserAccount (CustomerId, UserStatusTypeId, UserName, CustomerEmailId, FirstName, LastName, Password, PasswordSalt, IsPasswordTemporary, VERSION, LastModifiedGMT, LastModifiedByUserId) VALUES ( (SELECT Id FROM Customer WHERE Name='Liza Parking 2'), 1, 'Parent+2+Finance', (SELECT Id FROM CustomerEmail WHERE Email='liza.tikhova11@digitalpaytech.com'), 'Finance 2', 'Parent 1', '87fb3aebffbea75c90f32b81dc6f94762dbcfd70', 'salt', 0, 0, UTC_TIMESTAMP(), 1);INSERT UserDefaultDashboard (UserAccountId, IsDefaultDashboard, VERSION, LastModifiedGMT, LastModifiedByUserId) VALUES ((SELECT Id FROM UserAccount WHERE Username='Parent+2+Finance'), 1, 0, UTC_TIMESTAMP(), 1);INSERT UserRole (UserAccountId, RoleId, VERSION, LastModifiedGMT, LastModifiedByUserId) VALUES ((SELECT Id FROM UserAccount WHERE Username='Parent+2+Finance'), (SELECT r.Id FROM Role r, CustomerRole c WHERE c.RoleID=r.Id AND c.CustomerId=(SELECT Id FROM Customer WHERE Name='Liza Parking 2') AND r.Name='Regular User'), 0, UTC_TIMESTAMP(), 1);



-- *** Liza Parking 2 Child 1 ***
-- Customer
INSERT Customer (CustomerTypeId, CustomerStatusTypeId, ParentCustomerId, Name, IsParent, VERSION, LastModifiedGMT, LastModifiedByUserId) VALUES (3, 0, (SELECT Id From (SELECT * FROM Customer) AS x WHERE Name ='Liza Parking 2'), 'Liza Parking 2 Child 1', 0, 0, UTC_TIMESTAMP(), 1);


INSERT CustomerAgreement (CustomerId, ServiceAgreementId, Name, Title, Organization, AgreedGMT, IsOverride, VERSION, LastModifiedGMT, LastModifiedByUserId) VALUES ((SELECT Id From Customer WHERE Name='Liza Parking 2 Child 1'), 1, 'John Smith','Parent President','Liza Parking 2 Parent Company Disabled Account ','2010-01-10',1,1,UTC_TIMESTAMP(), 1); 






-- Subscribed Services
INSERT CustomerSubscription (CustomerId, SubscriptionTypeId, IsEnabled, VERSION, LastModifiedGMT, LastModifiedByUserId) VALUES ( (SELECT ID From Customer WHERE Name='Liza Parking 2 Child 1'), 100, 0, 0, UTC_TIMESTAMP(), 1);
INSERT CustomerSubscription (CustomerId, SubscriptionTypeId, IsEnabled, VERSION, LastModifiedGMT, LastModifiedByUserId) VALUES ( (SELECT ID From Customer WHERE Name='Liza Parking 2 Child 1'), 200, 0, 0, UTC_TIMESTAMP(), 1);
INSERT CustomerSubscription (CustomerId, SubscriptionTypeId, IsEnabled, VERSION, LastModifiedGMT, LastModifiedByUserId) VALUES ( (SELECT ID From Customer WHERE Name='Liza Parking 2 Child 1'), 300, 0, 0, UTC_TIMESTAMP(), 1);
INSERT CustomerSubscription (CustomerId, SubscriptionTypeId, IsEnabled, VERSION, LastModifiedGMT, LastModifiedByUserId) VALUES ( (SELECT ID From Customer WHERE Name='Liza Parking 2 Child 1'), 400, 0, 0, UTC_TIMESTAMP(), 1);
INSERT CustomerSubscription (CustomerId, SubscriptionTypeId, IsEnabled, VERSION, LastModifiedGMT, LastModifiedByUserId) VALUES ( (SELECT ID From Customer WHERE Name='Liza Parking 2 Child 1'), 500, 0, 0, UTC_TIMESTAMP(), 1);
INSERT CustomerSubscription (CustomerId, SubscriptionTypeId, IsEnabled, VERSION, LastModifiedGMT, LastModifiedByUserId) VALUES ( (SELECT ID From Customer WHERE Name='Liza Parking 2 Child 1'), 600, 0, 0, UTC_TIMESTAMP(), 1);
INSERT CustomerSubscription (CustomerId, SubscriptionTypeId, IsEnabled, VERSION, LastModifiedGMT, LastModifiedByUserId) VALUES ( (SELECT ID From Customer WHERE Name='Liza Parking 2 Child 1'), 700, 0, 0, UTC_TIMESTAMP(), 1);
INSERT CustomerSubscription (CustomerId, SubscriptionTypeId, IsEnabled, VERSION, LastModifiedGMT, LastModifiedByUserId) VALUES ( (SELECT ID From Customer WHERE Name='Liza Parking 2 Child 1'), 800, 0, 0, UTC_TIMESTAMP(), 1);
INSERT CustomerSubscription (CustomerId, SubscriptionTypeId, IsEnabled, VERSION, LastModifiedGMT, LastModifiedByUserId) VALUES ( (SELECT ID From Customer WHERE Name='Liza Parking 2 Child 1'), 900, 0, 0, UTC_TIMESTAMP(), 1);
INSERT CustomerSubscription (CustomerId, SubscriptionTypeId, IsEnabled, VERSION, LastModifiedGMT, LastModifiedByUserId) VALUES ( (SELECT ID From Customer WHERE Name='Liza Parking 2 Child 1'), 1000, 0, 0, UTC_TIMESTAMP(), 1);
INSERT CustomerSubscription (CustomerId, SubscriptionTypeId, IsEnabled, VERSION, LastModifiedGMT, LastModifiedByUserId) VALUES ( (SELECT ID From Customer WHERE Name='Liza Parking 2 Child 1'), 1100, 0, 0, UTC_TIMESTAMP(), 1);
INSERT CustomerSubscription (CustomerId, SubscriptionTypeId, IsEnabled, VERSION, LastModifiedGMT, LastModifiedByUserId) VALUES ( (SELECT ID From Customer WHERE Name='Liza Parking 2 Child 1'), 1200, 0, 0, UTC_TIMESTAMP(), 1);
INSERT CustomerSubscription (CustomerId, SubscriptionTypeId, IsEnabled, VERSION, LastModifiedGMT, LastModifiedByUserId) VALUES ( (SELECT ID From Customer WHERE Name='Liza Parking 2 Child 1'), 1600, 0, 0, UTC_TIMESTAMP(), 1);

-- Customer Properties
INSERT CustomerProperty (CustomerId,CustomerPropertyTypeId,PropertyValue,VERSION,LastModifiedGMT,LastModifiedByUserId) VALUES ( (SELECT ID From Customer WHERE Name='Liza Parking 2 Child 1'), 1, 'US/Pacific' , 0,UTC_TIMESTAMP(),1 );
INSERT CustomerProperty (CustomerId,CustomerPropertyTypeId,PropertyValue,VERSION,LastModifiedGMT,LastModifiedByUserId) VALUES ( (SELECT ID From Customer WHERE Name='Liza Parking 2 Child 1'), 2, 'Customer' , 0,UTC_TIMESTAMP(),1 );
INSERT CustomerProperty (CustomerId,CustomerPropertyTypeId,PropertyValue,VERSION,LastModifiedGMT,LastModifiedByUserId) VALUES ( (SELECT ID From Customer WHERE Name='Liza Parking 2 Child 1'), 3, '3' , 0,UTC_TIMESTAMP(),1 );
INSERT CustomerProperty (CustomerId,CustomerPropertyTypeId,PropertyValue,VERSION,LastModifiedGMT,LastModifiedByUserId) VALUES ( (SELECT ID From Customer WHERE Name='Liza Parking 2 Child 1'), 4, '3' , 0,UTC_TIMESTAMP(),1 );
INSERT CustomerProperty (CustomerId,CustomerPropertyTypeId,PropertyValue,VERSION,LastModifiedGMT,LastModifiedByUserId) VALUES ( (SELECT ID From Customer WHERE Name='Liza Parking 2 Child 1'), 5, '3' , 0,UTC_TIMESTAMP(),1 );
INSERT CustomerProperty (CustomerId,CustomerPropertyTypeId,PropertyValue,VERSION,LastModifiedGMT,LastModifiedByUserId) VALUES ( (SELECT ID From Customer WHERE Name='Liza Parking 2 Child 1'), 6, '58' , 0,UTC_TIMESTAMP(),1 );
INSERT CustomerProperty (CustomerId,CustomerPropertyTypeId,PropertyValue,VERSION,LastModifiedGMT,LastModifiedByUserId) VALUES ( (SELECT ID From Customer WHERE Name='Liza Parking 2 Child 1'), 7, '2' , 0,UTC_TIMESTAMP(),1 );
INSERT CustomerProperty (CustomerId,CustomerPropertyTypeId,PropertyValue,VERSION,LastModifiedGMT,LastModifiedByUserId) VALUES ( (SELECT ID From Customer WHERE Name='Liza Parking 2 Child 1'), 8, 'no' , 0,UTC_TIMESTAMP(),1 );
INSERT CustomerProperty (CustomerId,CustomerPropertyTypeId,PropertyValue,VERSION,LastModifiedGMT,LastModifiedByUserId) VALUES ( (SELECT ID From Customer WHERE Name='Liza Parking 2 Child 1'), 9, '0' , 0,UTC_TIMESTAMP(),1 );
INSERT CustomerProperty (CustomerId,CustomerPropertyTypeId,PropertyValue,VERSION,LastModifiedGMT,LastModifiedByUserId) VALUES ( (SELECT ID From Customer WHERE Name='Liza Parking 2 Child 1'), 10, '0' , 0,UTC_TIMESTAMP(),1 );

-- Locations


INSERT Location (CustomerId,ParentLocationId,Name,NumberOfSpaces,TargetMonthlyRevenue,Description,IsParent,IsUnassigned,IsDeleted,VERSION,LastModifiedGMT,LastModifiedByUserId) VALUES ((SELECT ID From Customer WHERE Name='Liza Parking 2 Child 1'),  NULL, 'Unassigned',0,0,NULL,0,1,0,0,UTC_TIMESTAMP(),1);CALL sp_InsertLocationDayAndOpen( (SELECT Id From Location WHERE Name='Unassigned' AND CustomerId=(SELECT Id From Customer WHERE Name='Liza Parking 2 Child 1')), 1, 0,0,0,0);CALL sp_InsertLocationDayAndOpen( (SELECT Id From Location WHERE Name='Unassigned' AND CustomerId=(SELECT Id From Customer WHERE Name='Liza Parking 2 Child 1')), 2, 0,0,0,0);CALL sp_InsertLocationDayAndOpen( (SELECT Id From Location WHERE Name='Unassigned' AND CustomerId=(SELECT Id From Customer WHERE Name='Liza Parking 2 Child 1')), 3, 0,0,0,0);CALL sp_InsertLocationDayAndOpen( (SELECT Id From Location WHERE Name='Unassigned' AND CustomerId=(SELECT Id From Customer WHERE Name='Liza Parking 2 Child 1')), 4, 0,0,0,0);CALL sp_InsertLocationDayAndOpen( (SELECT Id From Location WHERE Name='Unassigned' AND CustomerId=(SELECT Id From Customer WHERE Name='Liza Parking 2 Child 1')), 5, 0,0,0,0);CALL sp_InsertLocationDayAndOpen( (SELECT Id From Location WHERE Name='Unassigned' AND CustomerId=(SELECT Id From Customer WHERE Name='Liza Parking 2 Child 1')), 6, 0,0,0,0);CALL sp_InsertLocationDayAndOpen( (SELECT Id From Location WHERE Name='Unassigned' AND CustomerId=(SELECT Id From Customer WHERE Name='Liza Parking 2 Child 1')), 7, 0,0,0,0);




-- Pay Stations





















-- Roles

-- Custom Roles

INSERT Role (CustomerTypeId, RoleStatusTypeId, Name, IsAdmin, IsLocked, ClonedRoleId, VERSION, LastModifiedGMT, LastModifiedByUserId) VALUES (3, 1, 'Collections', 0, 0, null, 0, UTC_TIMESTAMP(), 1) ;INSERT CustomerRole (CustomerId, RoleId, VERSION, LastModifiedGMT, LastModifiedByUserId) VALUES ( (SELECT Id FROM Customer WHERE Name='Liza Parking 2 Child 1'), (SELECT LAST_INSERT_ID()), 0, UTC_TIMESTAMP(), 1);
INSERT Role (CustomerTypeId, RoleStatusTypeId, Name, IsAdmin, IsLocked, ClonedRoleId, VERSION, LastModifiedGMT, LastModifiedByUserId) VALUES (3, 1, 'Maintenance', 0, 0, null, 0, UTC_TIMESTAMP(), 1) ;INSERT CustomerRole (CustomerId, RoleId, VERSION, LastModifiedGMT, LastModifiedByUserId) VALUES ( (SELECT Id FROM Customer WHERE Name='Liza Parking 2 Child 1'), (SELECT LAST_INSERT_ID()), 0, UTC_TIMESTAMP(), 1);
INSERT Role (CustomerTypeId, RoleStatusTypeId, Name, IsAdmin, IsLocked, ClonedRoleId, VERSION, LastModifiedGMT, LastModifiedByUserId) VALUES (3, 1, 'Enforcement', 0, 0, null, 0, UTC_TIMESTAMP(), 1) ;INSERT CustomerRole (CustomerId, RoleId, VERSION, LastModifiedGMT, LastModifiedByUserId) VALUES ( (SELECT Id FROM Customer WHERE Name='Liza Parking 2 Child 1'), (SELECT LAST_INSERT_ID()), 0, UTC_TIMESTAMP(), 1);

-- Permissions




INSERT RolePermission (RoleId, PermissionId, VERSION, LastModifiedGMT, LastModifiedByUserId) VALUES ( (SELECT r.Id FROM Role r, CustomerRole c WHERE c.RoleID=r.Id AND c.CustomerId=(SELECT Id FROM Customer WHERE Name='Liza Parking 2 Child 1') AND r.Name='Collections'), 201, 0, UTC_TIMESTAMP(), 1);INSERT RolePermission (RoleId, PermissionId, VERSION, LastModifiedGMT, LastModifiedByUserId) VALUES ( (SELECT r.Id FROM Role r, CustomerRole c WHERE c.RoleID=r.Id AND c.CustomerId=(SELECT Id FROM Customer WHERE Name='Liza Parking 2 Child 1') AND r.Name='Maintenance'), 201, 0, UTC_TIMESTAMP(), 1);

INSERT RolePermission (RoleId, PermissionId, VERSION, LastModifiedGMT, LastModifiedByUserId) VALUES ( (SELECT r.Id FROM Role r, CustomerRole c WHERE c.RoleID=r.Id AND c.CustomerId=(SELECT Id FROM Customer WHERE Name='Liza Parking 2 Child 1') AND r.Name='Collections'), 300, 0, UTC_TIMESTAMP(), 1);
INSERT RolePermission (RoleId, PermissionId, VERSION, LastModifiedGMT, LastModifiedByUserId) VALUES ( (SELECT r.Id FROM Role r, CustomerRole c WHERE c.RoleID=r.Id AND c.CustomerId=(SELECT Id FROM Customer WHERE Name='Liza Parking 2 Child 1') AND r.Name='Collections'), 301, 0, UTC_TIMESTAMP(), 1);




























INSERT RolePermission (RoleId, PermissionId, VERSION, LastModifiedGMT, LastModifiedByUserId) VALUES ( (SELECT r.Id FROM Role r, CustomerRole c WHERE c.RoleID=r.Id AND c.CustomerId=(SELECT Id FROM Customer WHERE Name='Liza Parking 2 Child 1') AND r.Name='Collections'), 1001, 0, UTC_TIMESTAMP(), 1);INSERT RolePermission (RoleId, PermissionId, VERSION, LastModifiedGMT, LastModifiedByUserId) VALUES ( (SELECT r.Id FROM Role r, CustomerRole c WHERE c.RoleID=r.Id AND c.CustomerId=(SELECT Id FROM Customer WHERE Name='Liza Parking 2 Child 1') AND r.Name='Maintenance'), 1001, 0, UTC_TIMESTAMP(), 1);INSERT RolePermission (RoleId, PermissionId, VERSION, LastModifiedGMT, LastModifiedByUserId) VALUES ( (SELECT r.Id FROM Role r, CustomerRole c WHERE c.RoleID=r.Id AND c.CustomerId=(SELECT Id FROM Customer WHERE Name='Liza Parking 2 Child 1') AND r.Name='Enforcement'), 1001, 0, UTC_TIMESTAMP(), 1);

INSERT RolePermission (RoleId, PermissionId, VERSION, LastModifiedGMT, LastModifiedByUserId) VALUES ( (SELECT r.Id FROM Role r, CustomerRole c WHERE c.RoleID=r.Id AND c.CustomerId=(SELECT Id FROM Customer WHERE Name='Liza Parking 2 Child 1') AND r.Name='Collections'), 1003, 0, UTC_TIMESTAMP(), 1);INSERT RolePermission (RoleId, PermissionId, VERSION, LastModifiedGMT, LastModifiedByUserId) VALUES ( (SELECT r.Id FROM Role r, CustomerRole c WHERE c.RoleID=r.Id AND c.CustomerId=(SELECT Id FROM Customer WHERE Name='Liza Parking 2 Child 1') AND r.Name='Maintenance'), 1003, 0, UTC_TIMESTAMP(), 1);INSERT RolePermission (RoleId, PermissionId, VERSION, LastModifiedGMT, LastModifiedByUserId) VALUES ( (SELECT r.Id FROM Role r, CustomerRole c WHERE c.RoleID=r.Id AND c.CustomerId=(SELECT Id FROM Customer WHERE Name='Liza Parking 2 Child 1') AND r.Name='Enforcement'), 1003, 0, UTC_TIMESTAMP(), 1);

INSERT RolePermission (RoleId, PermissionId, VERSION, LastModifiedGMT, LastModifiedByUserId) VALUES ( (SELECT r.Id FROM Role r, CustomerRole c WHERE c.RoleID=r.Id AND c.CustomerId=(SELECT Id FROM Customer WHERE Name='Liza Parking 2 Child 1') AND r.Name='Collections'), 1005, 0, UTC_TIMESTAMP(), 1);INSERT RolePermission (RoleId, PermissionId, VERSION, LastModifiedGMT, LastModifiedByUserId) VALUES ( (SELECT r.Id FROM Role r, CustomerRole c WHERE c.RoleID=r.Id AND c.CustomerId=(SELECT Id FROM Customer WHERE Name='Liza Parking 2 Child 1') AND r.Name='Maintenance'), 1005, 0, UTC_TIMESTAMP(), 1);INSERT RolePermission (RoleId, PermissionId, VERSION, LastModifiedGMT, LastModifiedByUserId) VALUES ( (SELECT r.Id FROM Role r, CustomerRole c WHERE c.RoleID=r.Id AND c.CustomerId=(SELECT Id FROM Customer WHERE Name='Liza Parking 2 Child 1') AND r.Name='Enforcement'), 1005, 0, UTC_TIMESTAMP(), 1);


INSERT RolePermission (RoleId, PermissionId, VERSION, LastModifiedGMT, LastModifiedByUserId) VALUES ( (SELECT r.Id FROM Role r, CustomerRole c WHERE c.RoleID=r.Id AND c.CustomerId=(SELECT Id FROM Customer WHERE Name='Liza Parking 2 Child 1') AND r.Name='Enforcement'), 1008, 0, UTC_TIMESTAMP(), 1);



















-- User Accounts

INSERT CustomerEmail (CustomerId, Email, VERSION, LastModifiedGMT, LastModifiedByUserId) VALUES ( (SELECT Id FROM Customer WHERE Name='Liza Parking 2 Child 1'),'liza.tikhova13@digitalpaytech.com', 0, UTC_TIMESTAMP(), 1);INSERT UserAccount (CustomerId, UserStatusTypeId, UserName, CustomerEmailId, FirstName, LastName, Password, PasswordSalt, IsPasswordTemporary, VERSION, LastModifiedGMT, LastModifiedByUserId) VALUES ( (SELECT Id FROM Customer WHERE Name='Liza Parking 2 Child 1'), 1, 'Child+1+Admin-1', (SELECT Id FROM CustomerEmail WHERE Email='liza.tikhova13@digitalpaytech.com'), 'Liza', 'Tikhova', '87fb3aebffbea75c90f32b81dc6f94762dbcfd70', 'salt', 0, 0, UTC_TIMESTAMP(), 1);INSERT UserDefaultDashboard (UserAccountId, IsDefaultDashboard, VERSION, LastModifiedGMT, LastModifiedByUserId) VALUES ((SELECT Id FROM UserAccount WHERE Username='Child+1+Admin-1'), 1, 0, UTC_TIMESTAMP(), 1);INSERT UserRole (UserAccountId, RoleId, VERSION, LastModifiedGMT, LastModifiedByUserId) VALUES ((SELECT Id FROM UserAccount WHERE Username='Child+1+Admin-1'), 3, 0, UTC_TIMESTAMP(), 1);
INSERT CustomerEmail (CustomerId, Email, VERSION, LastModifiedGMT, LastModifiedByUserId) VALUES ( (SELECT Id FROM Customer WHERE Name='Liza Parking 2 Child 1'),'liza.tikhova14@digitalpaytech.com', 0, UTC_TIMESTAMP(), 1);INSERT UserAccount (CustomerId, UserStatusTypeId, UserName, CustomerEmailId, FirstName, LastName, Password, PasswordSalt, IsPasswordTemporary, VERSION, LastModifiedGMT, LastModifiedByUserId) VALUES ( (SELECT Id FROM Customer WHERE Name='Liza Parking 2 Child 1'), 1, 'Child+1+maint-1', (SELECT Id FROM CustomerEmail WHERE Email='liza.tikhova14@digitalpaytech.com'), 'Justin', 'Handyman', '58ae83e00383273590f96b385ddd700802c3f07d', 'salt', 1, 0, UTC_TIMESTAMP(), 1);INSERT UserDefaultDashboard (UserAccountId, IsDefaultDashboard, VERSION, LastModifiedGMT, LastModifiedByUserId) VALUES ((SELECT Id FROM UserAccount WHERE Username='Child+1+maint-1'), 1, 0, UTC_TIMESTAMP(), 1);INSERT UserRole (UserAccountId, RoleId, VERSION, LastModifiedGMT, LastModifiedByUserId) VALUES ((SELECT Id FROM UserAccount WHERE Username='Child+1+maint-1'), (SELECT r.Id FROM Role r, CustomerRole c WHERE c.RoleID=r.Id AND c.CustomerId=(SELECT Id FROM Customer WHERE Name='Liza Parking 2 Child 1') AND r.Name='Collections'), 0, UTC_TIMESTAMP(), 1);
INSERT CustomerEmail (CustomerId, Email, VERSION, LastModifiedGMT, LastModifiedByUserId) VALUES ( (SELECT Id FROM Customer WHERE Name='Liza Parking 2 Child 1'),'liza.tikhova15@digitalpaytech.com', 0, UTC_TIMESTAMP(), 1);INSERT UserAccount (CustomerId, UserStatusTypeId, UserName, CustomerEmailId, FirstName, LastName, Password, PasswordSalt, IsPasswordTemporary, VERSION, LastModifiedGMT, LastModifiedByUserId) VALUES ( (SELECT Id FROM Customer WHERE Name='Liza Parking 2 Child 1'), 1, 'Child+1+collect-1', (SELECT Id FROM CustomerEmail WHERE Email='liza.tikhova15@digitalpaytech.com'), 'John', 'Moneyguy', '58ae83e00383273590f96b385ddd700802c3f07d', 'salt', 1, 0, UTC_TIMESTAMP(), 1);INSERT UserDefaultDashboard (UserAccountId, IsDefaultDashboard, VERSION, LastModifiedGMT, LastModifiedByUserId) VALUES ((SELECT Id FROM UserAccount WHERE Username='Child+1+collect-1'), 1, 0, UTC_TIMESTAMP(), 1);INSERT UserRole (UserAccountId, RoleId, VERSION, LastModifiedGMT, LastModifiedByUserId) VALUES ((SELECT Id FROM UserAccount WHERE Username='Child+1+collect-1'), (SELECT r.Id FROM Role r, CustomerRole c WHERE c.RoleID=r.Id AND c.CustomerId=(SELECT Id FROM Customer WHERE Name='Liza Parking 2 Child 1') AND r.Name='Maintenance'), 0, UTC_TIMESTAMP(), 1);
INSERT CustomerEmail (CustomerId, Email, VERSION, LastModifiedGMT, LastModifiedByUserId) VALUES ( (SELECT Id FROM Customer WHERE Name='Liza Parking 2 Child 1'),'liza.tikhova16@digitalpaytech.com', 0, UTC_TIMESTAMP(), 1);INSERT UserAccount (CustomerId, UserStatusTypeId, UserName, CustomerEmailId, FirstName, LastName, Password, PasswordSalt, IsPasswordTemporary, VERSION, LastModifiedGMT, LastModifiedByUserId) VALUES ( (SELECT Id FROM Customer WHERE Name='Liza Parking 2 Child 1'), 1, 'Child+1+Enforce-1', (SELECT Id FROM CustomerEmail WHERE Email='liza.tikhova16@digitalpaytech.com'), 'Peter', 'Wolf', '58ae83e00383273590f96b385ddd700802c3f07d', 'salt', 1, 0, UTC_TIMESTAMP(), 1);INSERT UserDefaultDashboard (UserAccountId, IsDefaultDashboard, VERSION, LastModifiedGMT, LastModifiedByUserId) VALUES ((SELECT Id FROM UserAccount WHERE Username='Child+1+Enforce-1'), 1, 0, UTC_TIMESTAMP(), 1);INSERT UserRole (UserAccountId, RoleId, VERSION, LastModifiedGMT, LastModifiedByUserId) VALUES ((SELECT Id FROM UserAccount WHERE Username='Child+1+Enforce-1'), (SELECT r.Id FROM Role r, CustomerRole c WHERE c.RoleID=r.Id AND c.CustomerId=(SELECT Id FROM Customer WHERE Name='Liza Parking 2 Child 1') AND r.Name='Enforcement'), 0, UTC_TIMESTAMP(), 1);



-- *** Liza Parking 3 ***
-- Customer
INSERT Customer (CustomerTypeId, CustomerStatusTypeId, ParentCustomerId, Name, IsParent, VERSION, LastModifiedGMT, LastModifiedByUserId) VALUES (3, 1, NULL, 'Liza Parking 3', 0, 0, UTC_TIMESTAMP(), 1);


-- T&C Not Accepted






-- Subscribed Services
INSERT CustomerSubscription (CustomerId, SubscriptionTypeId, IsEnabled, VERSION, LastModifiedGMT, LastModifiedByUserId) VALUES ( (SELECT ID From Customer WHERE Name='Liza Parking 3'), 100, 1, 0, UTC_TIMESTAMP(), 1);
INSERT CustomerSubscription (CustomerId, SubscriptionTypeId, IsEnabled, VERSION, LastModifiedGMT, LastModifiedByUserId) VALUES ( (SELECT ID From Customer WHERE Name='Liza Parking 3'), 200, 1, 0, UTC_TIMESTAMP(), 1);
INSERT CustomerSubscription (CustomerId, SubscriptionTypeId, IsEnabled, VERSION, LastModifiedGMT, LastModifiedByUserId) VALUES ( (SELECT ID From Customer WHERE Name='Liza Parking 3'), 300, 1, 0, UTC_TIMESTAMP(), 1);
INSERT CustomerSubscription (CustomerId, SubscriptionTypeId, IsEnabled, VERSION, LastModifiedGMT, LastModifiedByUserId) VALUES ( (SELECT ID From Customer WHERE Name='Liza Parking 3'), 400, 1, 0, UTC_TIMESTAMP(), 1);
INSERT CustomerSubscription (CustomerId, SubscriptionTypeId, IsEnabled, VERSION, LastModifiedGMT, LastModifiedByUserId) VALUES ( (SELECT ID From Customer WHERE Name='Liza Parking 3'), 500, 1, 0, UTC_TIMESTAMP(), 1);
INSERT CustomerSubscription (CustomerId, SubscriptionTypeId, IsEnabled, VERSION, LastModifiedGMT, LastModifiedByUserId) VALUES ( (SELECT ID From Customer WHERE Name='Liza Parking 3'), 600, 1, 0, UTC_TIMESTAMP(), 1);
INSERT CustomerSubscription (CustomerId, SubscriptionTypeId, IsEnabled, VERSION, LastModifiedGMT, LastModifiedByUserId) VALUES ( (SELECT ID From Customer WHERE Name='Liza Parking 3'), 700, 1, 0, UTC_TIMESTAMP(), 1);
INSERT CustomerSubscription (CustomerId, SubscriptionTypeId, IsEnabled, VERSION, LastModifiedGMT, LastModifiedByUserId) VALUES ( (SELECT ID From Customer WHERE Name='Liza Parking 3'), 800, 1, 0, UTC_TIMESTAMP(), 1);
INSERT CustomerSubscription (CustomerId, SubscriptionTypeId, IsEnabled, VERSION, LastModifiedGMT, LastModifiedByUserId) VALUES ( (SELECT ID From Customer WHERE Name='Liza Parking 3'), 900, 1, 0, UTC_TIMESTAMP(), 1);
INSERT CustomerSubscription (CustomerId, SubscriptionTypeId, IsEnabled, VERSION, LastModifiedGMT, LastModifiedByUserId) VALUES ( (SELECT ID From Customer WHERE Name='Liza Parking 3'), 1000, 1, 0, UTC_TIMESTAMP(), 1);
INSERT CustomerSubscription (CustomerId, SubscriptionTypeId, IsEnabled, VERSION, LastModifiedGMT, LastModifiedByUserId) VALUES ( (SELECT ID From Customer WHERE Name='Liza Parking 3'), 1100, 1, 0, UTC_TIMESTAMP(), 1);
INSERT CustomerSubscription (CustomerId, SubscriptionTypeId, IsEnabled, VERSION, LastModifiedGMT, LastModifiedByUserId) VALUES ( (SELECT ID From Customer WHERE Name='Liza Parking 3'), 1200, 1, 0, UTC_TIMESTAMP(), 1);
INSERT CustomerSubscription (CustomerId, SubscriptionTypeId, IsEnabled, VERSION, LastModifiedGMT, LastModifiedByUserId) VALUES ( (SELECT ID From Customer WHERE Name='Liza Parking 3'), 1600, 1, 0, UTC_TIMESTAMP(), 1);

-- Customer Properties
INSERT CustomerProperty (CustomerId,CustomerPropertyTypeId,PropertyValue,VERSION,LastModifiedGMT,LastModifiedByUserId) VALUES ( (SELECT ID From Customer WHERE Name='Liza Parking 3'), 1, 'US/Pacific' , 0,UTC_TIMESTAMP(),1 );
INSERT CustomerProperty (CustomerId,CustomerPropertyTypeId,PropertyValue,VERSION,LastModifiedGMT,LastModifiedByUserId) VALUES ( (SELECT ID From Customer WHERE Name='Liza Parking 3'), 2, 'Customer' , 0,UTC_TIMESTAMP(),1 );
INSERT CustomerProperty (CustomerId,CustomerPropertyTypeId,PropertyValue,VERSION,LastModifiedGMT,LastModifiedByUserId) VALUES ( (SELECT ID From Customer WHERE Name='Liza Parking 3'), 3, '10' , 0,UTC_TIMESTAMP(),1 );
INSERT CustomerProperty (CustomerId,CustomerPropertyTypeId,PropertyValue,VERSION,LastModifiedGMT,LastModifiedByUserId) VALUES ( (SELECT ID From Customer WHERE Name='Liza Parking 3'), 4, 'on' , 0,UTC_TIMESTAMP(),1 );
INSERT CustomerProperty (CustomerId,CustomerPropertyTypeId,PropertyValue,VERSION,LastModifiedGMT,LastModifiedByUserId) VALUES ( (SELECT ID From Customer WHERE Name='Liza Parking 3'), 5, '6' , 0,UTC_TIMESTAMP(),1 );
INSERT CustomerProperty (CustomerId,CustomerPropertyTypeId,PropertyValue,VERSION,LastModifiedGMT,LastModifiedByUserId) VALUES ( (SELECT ID From Customer WHERE Name='Liza Parking 3'), 6, '15' , 0,UTC_TIMESTAMP(),1 );
INSERT CustomerProperty (CustomerId,CustomerPropertyTypeId,PropertyValue,VERSION,LastModifiedGMT,LastModifiedByUserId) VALUES ( (SELECT ID From Customer WHERE Name='Liza Parking 3'), 7, '??' , 0,UTC_TIMESTAMP(),1 );
INSERT CustomerProperty (CustomerId,CustomerPropertyTypeId,PropertyValue,VERSION,LastModifiedGMT,LastModifiedByUserId) VALUES ( (SELECT ID From Customer WHERE Name='Liza Parking 3'), 8, 'no' , 0,UTC_TIMESTAMP(),1 );
INSERT CustomerProperty (CustomerId,CustomerPropertyTypeId,PropertyValue,VERSION,LastModifiedGMT,LastModifiedByUserId) VALUES ( (SELECT ID From Customer WHERE Name='Liza Parking 3'), 9, '29.713993' , 0,UTC_TIMESTAMP(),1 );
INSERT CustomerProperty (CustomerId,CustomerPropertyTypeId,PropertyValue,VERSION,LastModifiedGMT,LastModifiedByUserId) VALUES ( (SELECT ID From Customer WHERE Name='Liza Parking 3'), 10, '-95.433815' , 0,UTC_TIMESTAMP(),1 );

-- Locations


INSERT Location (CustomerId,ParentLocationId,Name,NumberOfSpaces,TargetMonthlyRevenue,Description,IsParent,IsUnassigned,IsDeleted,VERSION,LastModifiedGMT,LastModifiedByUserId) VALUES ((SELECT ID From Customer WHERE Name='Liza Parking 3'),  NULL, 'Unassigned',0,15000,NULL,0,1,0,0,UTC_TIMESTAMP(),1);CALL sp_InsertLocationDayAndOpen( (SELECT Id From Location WHERE Name='Unassigned' AND CustomerId=(SELECT Id From Customer WHERE Name='Liza Parking 3')), 1, 0,95,0,0);CALL sp_InsertLocationDayAndOpen( (SELECT Id From Location WHERE Name='Unassigned' AND CustomerId=(SELECT Id From Customer WHERE Name='Liza Parking 3')), 2, 0,95,0,0);CALL sp_InsertLocationDayAndOpen( (SELECT Id From Location WHERE Name='Unassigned' AND CustomerId=(SELECT Id From Customer WHERE Name='Liza Parking 3')), 3, 0,95,0,0);CALL sp_InsertLocationDayAndOpen( (SELECT Id From Location WHERE Name='Unassigned' AND CustomerId=(SELECT Id From Customer WHERE Name='Liza Parking 3')), 4, 0,95,0,0);CALL sp_InsertLocationDayAndOpen( (SELECT Id From Location WHERE Name='Unassigned' AND CustomerId=(SELECT Id From Customer WHERE Name='Liza Parking 3')), 5, 0,95,0,0);CALL sp_InsertLocationDayAndOpen( (SELECT Id From Location WHERE Name='Unassigned' AND CustomerId=(SELECT Id From Customer WHERE Name='Liza Parking 3')), 6, 0,95,0,0);CALL sp_InsertLocationDayAndOpen( (SELECT Id From Location WHERE Name='Unassigned' AND CustomerId=(SELECT Id From Customer WHERE Name='Liza Parking 3')), 7, 0,95,0,0);




-- Pay Stations

INSERT Paystation (PaystationTypeId,ModemTypeId,SerialNumber,IsDeleted,VERSION,LastModifiedGMT,LastModifiedByUserId) VALUES (2, 0, '300000001232', 1, 0, UTC_TIMESTAMP(), 1);INSERT PointOfSale (CustomerId,PaystationId,LocationId,PointOfSaleTypeId,Name,SerialNumber,ProvisionedGMT,Latitude,Longitude,AltitudeOrLevel,VERSION,LastModifiedGMT,LastModifiedByUserId) VALUES ((SELECT Id FROM Customer WHERE Name='Liza Parking 3'),(SELECT Id FROM Paystation WHERE SerialNumber='300000001232'),(SELECT Id FROM Location WHERE Name='Unassigned' AND CustomerId=(SELECT Id FROM Customer WHERE Name='Liza Parking 3')),1,'300000001232','300000001232',UTC_TIMESTAMP(),29.710877,-95.379181,0,0,UTC_TIMESTAMP(),1);INSERT POSHeartbeat (PointOfSaleId, LastHeartbeatGMT) VALUES ((SELECT Id FROM PointOfSale WHERE (CustomerID = (SELECT Id FROM Customer WHERE Name='Liza Parking 3') AND PaystationId=(SELECT Id FROM Paystation WHERE SerialNumber='300000001232'))),'2012-11-15 13:01:53');INSERT POSBalance (PointOfSaleId ,CollectionLockId ,ClusterId ,PrevCollectionLockId ,PrevPrevCollectionLockId ,CashAmount ,CoinCount ,CoinAmount ,BillCount ,BillAmount ,UnsettledCreditCardCount ,UnsettledCreditCardAmount ,TotalAmount ,LastCashCollectionGMT ,LastCoinCollectionGMT ,LastBillCollectionGMT ,LastCardCollectionGMT ,LastRecalcGMT  ,CollectionRecalcGMT ,CollectionRecalcTransactions ,HasRecentCollection ,IsRecalcable ,LastCollectionTypeId ,NextRecalcGMT) VALUES       ((SELECT Id FROM PointOfSale WHERE (CustomerID = (SELECT Id FROM Customer WHERE Name='Liza Parking 3') AND PaystationId=(SELECT Id FROM Paystation WHERE SerialNumber='300000001232'))),NULL,NULL,NULL,NULL,0,0,0,0,0,0,0,0,UTC_TIMESTAMP(),UTC_TIMESTAMP(),UTC_TIMESTAMP() ,UTC_TIMESTAMP(),UTC_TIMESTAMP(),UTC_TIMESTAMP(),0,0,0,0,UTC_TIMESTAMP());
INSERT Paystation (PaystationTypeId,ModemTypeId,SerialNumber,IsDeleted,VERSION,LastModifiedGMT,LastModifiedByUserId) VALUES (2, 0, '300000001233', 1, 0, UTC_TIMESTAMP(), 1);INSERT PointOfSale (CustomerId,PaystationId,LocationId,PointOfSaleTypeId,Name,SerialNumber,ProvisionedGMT,Latitude,Longitude,AltitudeOrLevel,VERSION,LastModifiedGMT,LastModifiedByUserId) VALUES ((SELECT Id FROM Customer WHERE Name='Liza Parking 3'),(SELECT Id FROM Paystation WHERE SerialNumber='300000001233'),(SELECT Id FROM Location WHERE Name='Unassigned' AND CustomerId=(SELECT Id FROM Customer WHERE Name='Liza Parking 3')),1,'300000001233','300000001233',UTC_TIMESTAMP(),29.720877,-95.37918,0,0,UTC_TIMESTAMP(),1);INSERT POSHeartbeat (PointOfSaleId, LastHeartbeatGMT) VALUES ((SELECT Id FROM PointOfSale WHERE (CustomerID = (SELECT Id FROM Customer WHERE Name='Liza Parking 3') AND PaystationId=(SELECT Id FROM Paystation WHERE SerialNumber='300000001233'))),'2012-11-15 13:01:53');INSERT POSBalance (PointOfSaleId ,CollectionLockId ,ClusterId ,PrevCollectionLockId ,PrevPrevCollectionLockId ,CashAmount ,CoinCount ,CoinAmount ,BillCount ,BillAmount ,UnsettledCreditCardCount ,UnsettledCreditCardAmount ,TotalAmount ,LastCashCollectionGMT ,LastCoinCollectionGMT ,LastBillCollectionGMT ,LastCardCollectionGMT ,LastRecalcGMT  ,CollectionRecalcGMT ,CollectionRecalcTransactions ,HasRecentCollection ,IsRecalcable ,LastCollectionTypeId ,NextRecalcGMT) VALUES       ((SELECT Id FROM PointOfSale WHERE (CustomerID = (SELECT Id FROM Customer WHERE Name='Liza Parking 3') AND PaystationId=(SELECT Id FROM Paystation WHERE SerialNumber='300000001233'))),NULL,NULL,NULL,NULL,0,0,0,0,0,0,0,0,UTC_TIMESTAMP(),UTC_TIMESTAMP(),UTC_TIMESTAMP() ,UTC_TIMESTAMP(),UTC_TIMESTAMP(),UTC_TIMESTAMP(),0,0,0,0,UTC_TIMESTAMP());
INSERT Paystation (PaystationTypeId,ModemTypeId,SerialNumber,IsDeleted,VERSION,LastModifiedGMT,LastModifiedByUserId) VALUES (2, 0, '300000001234', 1, 0, UTC_TIMESTAMP(), 1);INSERT PointOfSale (CustomerId,PaystationId,LocationId,PointOfSaleTypeId,Name,SerialNumber,ProvisionedGMT,Latitude,Longitude,AltitudeOrLevel,VERSION,LastModifiedGMT,LastModifiedByUserId) VALUES ((SELECT Id FROM Customer WHERE Name='Liza Parking 3'),(SELECT Id FROM Paystation WHERE SerialNumber='300000001234'),(SELECT Id FROM Location WHERE Name='Unassigned' AND CustomerId=(SELECT Id FROM Customer WHERE Name='Liza Parking 3')),1,'300000001234','300000001234',UTC_TIMESTAMP(),29.730877,-95.37918,0,0,UTC_TIMESTAMP(),1);INSERT POSHeartbeat (PointOfSaleId, LastHeartbeatGMT) VALUES ((SELECT Id FROM PointOfSale WHERE (CustomerID = (SELECT Id FROM Customer WHERE Name='Liza Parking 3') AND PaystationId=(SELECT Id FROM Paystation WHERE SerialNumber='300000001234'))),'2012-11-15 13:01:53');INSERT POSBalance (PointOfSaleId ,CollectionLockId ,ClusterId ,PrevCollectionLockId ,PrevPrevCollectionLockId ,CashAmount ,CoinCount ,CoinAmount ,BillCount ,BillAmount ,UnsettledCreditCardCount ,UnsettledCreditCardAmount ,TotalAmount ,LastCashCollectionGMT ,LastCoinCollectionGMT ,LastBillCollectionGMT ,LastCardCollectionGMT ,LastRecalcGMT  ,CollectionRecalcGMT ,CollectionRecalcTransactions ,HasRecentCollection ,IsRecalcable ,LastCollectionTypeId ,NextRecalcGMT) VALUES       ((SELECT Id FROM PointOfSale WHERE (CustomerID = (SELECT Id FROM Customer WHERE Name='Liza Parking 3') AND PaystationId=(SELECT Id FROM Paystation WHERE SerialNumber='300000001234'))),NULL,NULL,NULL,NULL,0,0,0,0,0,0,0,0,UTC_TIMESTAMP(),UTC_TIMESTAMP(),UTC_TIMESTAMP() ,UTC_TIMESTAMP(),UTC_TIMESTAMP(),UTC_TIMESTAMP(),0,0,0,0,UTC_TIMESTAMP());

















-- Roles

-- Custom Roles

INSERT Role (CustomerTypeId, RoleStatusTypeId, Name, IsAdmin, IsLocked, ClonedRoleId, VERSION, LastModifiedGMT, LastModifiedByUserId) VALUES (3, 1, 'Collections', 0, 0, null, 0, UTC_TIMESTAMP(), 1) ;INSERT CustomerRole (CustomerId, RoleId, VERSION, LastModifiedGMT, LastModifiedByUserId) VALUES ( (SELECT Id FROM Customer WHERE Name='Liza Parking 3'), (SELECT LAST_INSERT_ID()), 0, UTC_TIMESTAMP(), 1);
INSERT Role (CustomerTypeId, RoleStatusTypeId, Name, IsAdmin, IsLocked, ClonedRoleId, VERSION, LastModifiedGMT, LastModifiedByUserId) VALUES (3, 1, 'Maintenance', 0, 0, null, 0, UTC_TIMESTAMP(), 1) ;INSERT CustomerRole (CustomerId, RoleId, VERSION, LastModifiedGMT, LastModifiedByUserId) VALUES ( (SELECT Id FROM Customer WHERE Name='Liza Parking 3'), (SELECT LAST_INSERT_ID()), 0, UTC_TIMESTAMP(), 1);
INSERT Role (CustomerTypeId, RoleStatusTypeId, Name, IsAdmin, IsLocked, ClonedRoleId, VERSION, LastModifiedGMT, LastModifiedByUserId) VALUES (3, 1, 'Enforcement', 0, 0, null, 0, UTC_TIMESTAMP(), 1) ;INSERT CustomerRole (CustomerId, RoleId, VERSION, LastModifiedGMT, LastModifiedByUserId) VALUES ( (SELECT Id FROM Customer WHERE Name='Liza Parking 3'), (SELECT LAST_INSERT_ID()), 0, UTC_TIMESTAMP(), 1);

-- Permissions




INSERT RolePermission (RoleId, PermissionId, VERSION, LastModifiedGMT, LastModifiedByUserId) VALUES ( (SELECT r.Id FROM Role r, CustomerRole c WHERE c.RoleID=r.Id AND c.CustomerId=(SELECT Id FROM Customer WHERE Name='Liza Parking 3') AND r.Name='Collections'), 201, 0, UTC_TIMESTAMP(), 1);INSERT RolePermission (RoleId, PermissionId, VERSION, LastModifiedGMT, LastModifiedByUserId) VALUES ( (SELECT r.Id FROM Role r, CustomerRole c WHERE c.RoleID=r.Id AND c.CustomerId=(SELECT Id FROM Customer WHERE Name='Liza Parking 3') AND r.Name='Maintenance'), 201, 0, UTC_TIMESTAMP(), 1);

INSERT RolePermission (RoleId, PermissionId, VERSION, LastModifiedGMT, LastModifiedByUserId) VALUES ( (SELECT r.Id FROM Role r, CustomerRole c WHERE c.RoleID=r.Id AND c.CustomerId=(SELECT Id FROM Customer WHERE Name='Liza Parking 3') AND r.Name='Collections'), 300, 0, UTC_TIMESTAMP(), 1);
INSERT RolePermission (RoleId, PermissionId, VERSION, LastModifiedGMT, LastModifiedByUserId) VALUES ( (SELECT r.Id FROM Role r, CustomerRole c WHERE c.RoleID=r.Id AND c.CustomerId=(SELECT Id FROM Customer WHERE Name='Liza Parking 3') AND r.Name='Collections'), 301, 0, UTC_TIMESTAMP(), 1);




























INSERT RolePermission (RoleId, PermissionId, VERSION, LastModifiedGMT, LastModifiedByUserId) VALUES ( (SELECT r.Id FROM Role r, CustomerRole c WHERE c.RoleID=r.Id AND c.CustomerId=(SELECT Id FROM Customer WHERE Name='Liza Parking 3') AND r.Name='Collections'), 1001, 0, UTC_TIMESTAMP(), 1);INSERT RolePermission (RoleId, PermissionId, VERSION, LastModifiedGMT, LastModifiedByUserId) VALUES ( (SELECT r.Id FROM Role r, CustomerRole c WHERE c.RoleID=r.Id AND c.CustomerId=(SELECT Id FROM Customer WHERE Name='Liza Parking 3') AND r.Name='Maintenance'), 1001, 0, UTC_TIMESTAMP(), 1);INSERT RolePermission (RoleId, PermissionId, VERSION, LastModifiedGMT, LastModifiedByUserId) VALUES ( (SELECT r.Id FROM Role r, CustomerRole c WHERE c.RoleID=r.Id AND c.CustomerId=(SELECT Id FROM Customer WHERE Name='Liza Parking 3') AND r.Name='Enforcement'), 1001, 0, UTC_TIMESTAMP(), 1);

INSERT RolePermission (RoleId, PermissionId, VERSION, LastModifiedGMT, LastModifiedByUserId) VALUES ( (SELECT r.Id FROM Role r, CustomerRole c WHERE c.RoleID=r.Id AND c.CustomerId=(SELECT Id FROM Customer WHERE Name='Liza Parking 3') AND r.Name='Collections'), 1003, 0, UTC_TIMESTAMP(), 1);INSERT RolePermission (RoleId, PermissionId, VERSION, LastModifiedGMT, LastModifiedByUserId) VALUES ( (SELECT r.Id FROM Role r, CustomerRole c WHERE c.RoleID=r.Id AND c.CustomerId=(SELECT Id FROM Customer WHERE Name='Liza Parking 3') AND r.Name='Maintenance'), 1003, 0, UTC_TIMESTAMP(), 1);INSERT RolePermission (RoleId, PermissionId, VERSION, LastModifiedGMT, LastModifiedByUserId) VALUES ( (SELECT r.Id FROM Role r, CustomerRole c WHERE c.RoleID=r.Id AND c.CustomerId=(SELECT Id FROM Customer WHERE Name='Liza Parking 3') AND r.Name='Enforcement'), 1003, 0, UTC_TIMESTAMP(), 1);

INSERT RolePermission (RoleId, PermissionId, VERSION, LastModifiedGMT, LastModifiedByUserId) VALUES ( (SELECT r.Id FROM Role r, CustomerRole c WHERE c.RoleID=r.Id AND c.CustomerId=(SELECT Id FROM Customer WHERE Name='Liza Parking 3') AND r.Name='Collections'), 1005, 0, UTC_TIMESTAMP(), 1);INSERT RolePermission (RoleId, PermissionId, VERSION, LastModifiedGMT, LastModifiedByUserId) VALUES ( (SELECT r.Id FROM Role r, CustomerRole c WHERE c.RoleID=r.Id AND c.CustomerId=(SELECT Id FROM Customer WHERE Name='Liza Parking 3') AND r.Name='Maintenance'), 1005, 0, UTC_TIMESTAMP(), 1);INSERT RolePermission (RoleId, PermissionId, VERSION, LastModifiedGMT, LastModifiedByUserId) VALUES ( (SELECT r.Id FROM Role r, CustomerRole c WHERE c.RoleID=r.Id AND c.CustomerId=(SELECT Id FROM Customer WHERE Name='Liza Parking 3') AND r.Name='Enforcement'), 1005, 0, UTC_TIMESTAMP(), 1);


INSERT RolePermission (RoleId, PermissionId, VERSION, LastModifiedGMT, LastModifiedByUserId) VALUES ( (SELECT r.Id FROM Role r, CustomerRole c WHERE c.RoleID=r.Id AND c.CustomerId=(SELECT Id FROM Customer WHERE Name='Liza Parking 3') AND r.Name='Enforcement'), 1008, 0, UTC_TIMESTAMP(), 1);



















-- User Accounts

INSERT CustomerEmail (CustomerId, Email, VERSION, LastModifiedGMT, LastModifiedByUserId) VALUES ( (SELECT Id FROM Customer WHERE Name='Liza Parking 3'),'liza.tikhova18@digitalpaytech.com', 0, UTC_TIMESTAMP(), 1);INSERT UserAccount (CustomerId, UserStatusTypeId, UserName, CustomerEmailId, FirstName, LastName, Password, PasswordSalt, IsPasswordTemporary, VERSION, LastModifiedGMT, LastModifiedByUserId) VALUES ( (SELECT Id FROM Customer WHERE Name='Liza Parking 3'), 1, 'Liza+Parking+3+Admin', (SELECT Id FROM CustomerEmail WHERE Email='liza.tikhova18@digitalpaytech.com'), 'Liza', 'Tikhova3', '58ae83e00383273590f96b385ddd700802c3f07d', 'salt', 1, 0, UTC_TIMESTAMP(), 1);INSERT UserDefaultDashboard (UserAccountId, IsDefaultDashboard, VERSION, LastModifiedGMT, LastModifiedByUserId) VALUES ((SELECT Id FROM UserAccount WHERE Username='Liza+Parking+3+Admin'), 1, 0, UTC_TIMESTAMP(), 1);INSERT UserRole (UserAccountId, RoleId, VERSION, LastModifiedGMT, LastModifiedByUserId) VALUES ((SELECT Id FROM UserAccount WHERE Username='Liza+Parking+3+Admin'), 3, 0, UTC_TIMESTAMP(), 1);
INSERT CustomerEmail (CustomerId, Email, VERSION, LastModifiedGMT, LastModifiedByUserId) VALUES ( (SELECT Id FROM Customer WHERE Name='Liza Parking 3'),'liza.tikhova19@digitalpaytech.com', 0, UTC_TIMESTAMP(), 1);INSERT UserAccount (CustomerId, UserStatusTypeId, UserName, CustomerEmailId, FirstName, LastName, Password, PasswordSalt, IsPasswordTemporary, VERSION, LastModifiedGMT, LastModifiedByUserId) VALUES ( (SELECT Id FROM Customer WHERE Name='Liza Parking 3'), 1, 'Liza+Parking+3+maint', (SELECT Id FROM CustomerEmail WHERE Email='liza.tikhova19@digitalpaytech.com'), 'Justin', 'Handyman3', '58ae83e00383273590f96b385ddd700802c3f07d', 'salt', 1, 0, UTC_TIMESTAMP(), 1);INSERT UserDefaultDashboard (UserAccountId, IsDefaultDashboard, VERSION, LastModifiedGMT, LastModifiedByUserId) VALUES ((SELECT Id FROM UserAccount WHERE Username='Liza+Parking+3+maint'), 1, 0, UTC_TIMESTAMP(), 1);INSERT UserRole (UserAccountId, RoleId, VERSION, LastModifiedGMT, LastModifiedByUserId) VALUES ((SELECT Id FROM UserAccount WHERE Username='Liza+Parking+3+maint'), (SELECT r.Id FROM Role r, CustomerRole c WHERE c.RoleID=r.Id AND c.CustomerId=(SELECT Id FROM Customer WHERE Name='Liza Parking 3') AND r.Name='Collections'), 0, UTC_TIMESTAMP(), 1);
INSERT CustomerEmail (CustomerId, Email, VERSION, LastModifiedGMT, LastModifiedByUserId) VALUES ( (SELECT Id FROM Customer WHERE Name='Liza Parking 3'),'liza.tikhova20@digitalpaytech.com', 0, UTC_TIMESTAMP(), 1);INSERT UserAccount (CustomerId, UserStatusTypeId, UserName, CustomerEmailId, FirstName, LastName, Password, PasswordSalt, IsPasswordTemporary, VERSION, LastModifiedGMT, LastModifiedByUserId) VALUES ( (SELECT Id FROM Customer WHERE Name='Liza Parking 3'), 1, 'Liza+Parking+3+collect', (SELECT Id FROM CustomerEmail WHERE Email='liza.tikhova20@digitalpaytech.com'), 'John', 'Moneyguy3', '58ae83e00383273590f96b385ddd700802c3f07d', 'salt', 1, 0, UTC_TIMESTAMP(), 1);INSERT UserDefaultDashboard (UserAccountId, IsDefaultDashboard, VERSION, LastModifiedGMT, LastModifiedByUserId) VALUES ((SELECT Id FROM UserAccount WHERE Username='Liza+Parking+3+collect'), 1, 0, UTC_TIMESTAMP(), 1);INSERT UserRole (UserAccountId, RoleId, VERSION, LastModifiedGMT, LastModifiedByUserId) VALUES ((SELECT Id FROM UserAccount WHERE Username='Liza+Parking+3+collect'), (SELECT r.Id FROM Role r, CustomerRole c WHERE c.RoleID=r.Id AND c.CustomerId=(SELECT Id FROM Customer WHERE Name='Liza Parking 3') AND r.Name='Maintenance'), 0, UTC_TIMESTAMP(), 1);
INSERT CustomerEmail (CustomerId, Email, VERSION, LastModifiedGMT, LastModifiedByUserId) VALUES ( (SELECT Id FROM Customer WHERE Name='Liza Parking 3'),'liza.tikhova21@digitalpaytech.com', 0, UTC_TIMESTAMP(), 1);INSERT UserAccount (CustomerId, UserStatusTypeId, UserName, CustomerEmailId, FirstName, LastName, Password, PasswordSalt, IsPasswordTemporary, VERSION, LastModifiedGMT, LastModifiedByUserId) VALUES ( (SELECT Id FROM Customer WHERE Name='Liza Parking 3'), 1, 'Liza+Parking+3+Enforce', (SELECT Id FROM CustomerEmail WHERE Email='liza.tikhova21@digitalpaytech.com'), 'Peter', 'Wolf3', '58ae83e00383273590f96b385ddd700802c3f07d', 'salt', 1, 0, UTC_TIMESTAMP(), 1);INSERT UserDefaultDashboard (UserAccountId, IsDefaultDashboard, VERSION, LastModifiedGMT, LastModifiedByUserId) VALUES ((SELECT Id FROM UserAccount WHERE Username='Liza+Parking+3+Enforce'), 1, 0, UTC_TIMESTAMP(), 1);INSERT UserRole (UserAccountId, RoleId, VERSION, LastModifiedGMT, LastModifiedByUserId) VALUES ((SELECT Id FROM UserAccount WHERE Username='Liza+Parking+3+Enforce'), (SELECT r.Id FROM Role r, CustomerRole c WHERE c.RoleID=r.Id AND c.CustomerId=(SELECT Id FROM Customer WHERE Name='Liza Parking 3') AND r.Name='Enforcement'), 0, UTC_TIMESTAMP(), 1);



-- *** Arash Parking ***
-- Customer
INSERT Customer (CustomerTypeId, CustomerStatusTypeId, ParentCustomerId, Name, IsParent, VERSION, LastModifiedGMT, LastModifiedByUserId) VALUES (3, 1, NULL, 'Arash Parking', 0, 0, UTC_TIMESTAMP(), 1);


INSERT CustomerAgreement (CustomerId, ServiceAgreementId, Name, Title, Organization, AgreedGMT, IsOverride, VERSION, LastModifiedGMT, LastModifiedByUserId) VALUES ((SELECT Id From Customer WHERE Name='Arash Parking'), 1, 'John Smith','President','Arash Parking','2010-01-10',1,1,UTC_TIMESTAMP(), 1); 






-- Subscribed Services
INSERT CustomerSubscription (CustomerId, SubscriptionTypeId, IsEnabled, VERSION, LastModifiedGMT, LastModifiedByUserId) VALUES ( (SELECT ID From Customer WHERE Name='Arash Parking'), 100, 1, 0, UTC_TIMESTAMP(), 1);
INSERT CustomerSubscription (CustomerId, SubscriptionTypeId, IsEnabled, VERSION, LastModifiedGMT, LastModifiedByUserId) VALUES ( (SELECT ID From Customer WHERE Name='Arash Parking'), 200, 1, 0, UTC_TIMESTAMP(), 1);
INSERT CustomerSubscription (CustomerId, SubscriptionTypeId, IsEnabled, VERSION, LastModifiedGMT, LastModifiedByUserId) VALUES ( (SELECT ID From Customer WHERE Name='Arash Parking'), 300, 1, 0, UTC_TIMESTAMP(), 1);
INSERT CustomerSubscription (CustomerId, SubscriptionTypeId, IsEnabled, VERSION, LastModifiedGMT, LastModifiedByUserId) VALUES ( (SELECT ID From Customer WHERE Name='Arash Parking'), 400, 1, 0, UTC_TIMESTAMP(), 1);
INSERT CustomerSubscription (CustomerId, SubscriptionTypeId, IsEnabled, VERSION, LastModifiedGMT, LastModifiedByUserId) VALUES ( (SELECT ID From Customer WHERE Name='Arash Parking'), 500, 1, 0, UTC_TIMESTAMP(), 1);
INSERT CustomerSubscription (CustomerId, SubscriptionTypeId, IsEnabled, VERSION, LastModifiedGMT, LastModifiedByUserId) VALUES ( (SELECT ID From Customer WHERE Name='Arash Parking'), 600, 1, 0, UTC_TIMESTAMP(), 1);
INSERT CustomerSubscription (CustomerId, SubscriptionTypeId, IsEnabled, VERSION, LastModifiedGMT, LastModifiedByUserId) VALUES ( (SELECT ID From Customer WHERE Name='Arash Parking'), 700, 1, 0, UTC_TIMESTAMP(), 1);
INSERT CustomerSubscription (CustomerId, SubscriptionTypeId, IsEnabled, VERSION, LastModifiedGMT, LastModifiedByUserId) VALUES ( (SELECT ID From Customer WHERE Name='Arash Parking'), 800, 1, 0, UTC_TIMESTAMP(), 1);
INSERT CustomerSubscription (CustomerId, SubscriptionTypeId, IsEnabled, VERSION, LastModifiedGMT, LastModifiedByUserId) VALUES ( (SELECT ID From Customer WHERE Name='Arash Parking'), 900, 1, 0, UTC_TIMESTAMP(), 1);
INSERT CustomerSubscription (CustomerId, SubscriptionTypeId, IsEnabled, VERSION, LastModifiedGMT, LastModifiedByUserId) VALUES ( (SELECT ID From Customer WHERE Name='Arash Parking'), 1000, 1, 0, UTC_TIMESTAMP(), 1);
INSERT CustomerSubscription (CustomerId, SubscriptionTypeId, IsEnabled, VERSION, LastModifiedGMT, LastModifiedByUserId) VALUES ( (SELECT ID From Customer WHERE Name='Arash Parking'), 1100, 1, 0, UTC_TIMESTAMP(), 1);
INSERT CustomerSubscription (CustomerId, SubscriptionTypeId, IsEnabled, VERSION, LastModifiedGMT, LastModifiedByUserId) VALUES ( (SELECT ID From Customer WHERE Name='Arash Parking'), 1200, 1, 0, UTC_TIMESTAMP(), 1);
INSERT CustomerSubscription (CustomerId, SubscriptionTypeId, IsEnabled, VERSION, LastModifiedGMT, LastModifiedByUserId) VALUES ( (SELECT ID From Customer WHERE Name='Arash Parking'), 1600, 1, 0, UTC_TIMESTAMP(), 1);

-- Customer Properties
INSERT CustomerProperty (CustomerId,CustomerPropertyTypeId,PropertyValue,VERSION,LastModifiedGMT,LastModifiedByUserId) VALUES ( (SELECT ID From Customer WHERE Name='Arash Parking'), 1, 'US/Pacific' , 0,UTC_TIMESTAMP(),1 );
INSERT CustomerProperty (CustomerId,CustomerPropertyTypeId,PropertyValue,VERSION,LastModifiedGMT,LastModifiedByUserId) VALUES ( (SELECT ID From Customer WHERE Name='Arash Parking'), 2, 'Region' , 0,UTC_TIMESTAMP(),1 );
INSERT CustomerProperty (CustomerId,CustomerPropertyTypeId,PropertyValue,VERSION,LastModifiedGMT,LastModifiedByUserId) VALUES ( (SELECT ID From Customer WHERE Name='Arash Parking'), 3, '7' , 0,UTC_TIMESTAMP(),1 );
INSERT CustomerProperty (CustomerId,CustomerPropertyTypeId,PropertyValue,VERSION,LastModifiedGMT,LastModifiedByUserId) VALUES ( (SELECT ID From Customer WHERE Name='Arash Parking'), 4, 'on' , 0,UTC_TIMESTAMP(),1 );
INSERT CustomerProperty (CustomerId,CustomerPropertyTypeId,PropertyValue,VERSION,LastModifiedGMT,LastModifiedByUserId) VALUES ( (SELECT ID From Customer WHERE Name='Arash Parking'), 5, '3' , 0,UTC_TIMESTAMP(),1 );
INSERT CustomerProperty (CustomerId,CustomerPropertyTypeId,PropertyValue,VERSION,LastModifiedGMT,LastModifiedByUserId) VALUES ( (SELECT ID From Customer WHERE Name='Arash Parking'), 6, '59' , 0,UTC_TIMESTAMP(),1 );
INSERT CustomerProperty (CustomerId,CustomerPropertyTypeId,PropertyValue,VERSION,LastModifiedGMT,LastModifiedByUserId) VALUES ( (SELECT ID From Customer WHERE Name='Arash Parking'), 7, '?' , 0,UTC_TIMESTAMP(),1 );
INSERT CustomerProperty (CustomerId,CustomerPropertyTypeId,PropertyValue,VERSION,LastModifiedGMT,LastModifiedByUserId) VALUES ( (SELECT ID From Customer WHERE Name='Arash Parking'), 8, 'no' , 0,UTC_TIMESTAMP(),1 );
INSERT CustomerProperty (CustomerId,CustomerPropertyTypeId,PropertyValue,VERSION,LastModifiedGMT,LastModifiedByUserId) VALUES ( (SELECT ID From Customer WHERE Name='Arash Parking'), 9, '49.25' , 0,UTC_TIMESTAMP(),1 );
INSERT CustomerProperty (CustomerId,CustomerPropertyTypeId,PropertyValue,VERSION,LastModifiedGMT,LastModifiedByUserId) VALUES ( (SELECT ID From Customer WHERE Name='Arash Parking'), 10, '-123.133056' , 0,UTC_TIMESTAMP(),1 );

-- Locations


INSERT Location (CustomerId,ParentLocationId,Name,NumberOfSpaces,TargetMonthlyRevenue,Description,IsParent,IsUnassigned,IsDeleted,VERSION,LastModifiedGMT,LastModifiedByUserId) VALUES ((SELECT ID From Customer WHERE Name='Arash Parking'),  NULL, 'Unassigned',100,15000,NULL,0,1,0,0,UTC_TIMESTAMP(),1);CALL sp_InsertLocationDayAndOpen( (SELECT Id From Location WHERE Name='Unassigned' AND CustomerId=(SELECT Id From Customer WHERE Name='Arash Parking')), 1, 0,95,0,0);CALL sp_InsertLocationDayAndOpen( (SELECT Id From Location WHERE Name='Unassigned' AND CustomerId=(SELECT Id From Customer WHERE Name='Arash Parking')), 2, 0,95,0,0);CALL sp_InsertLocationDayAndOpen( (SELECT Id From Location WHERE Name='Unassigned' AND CustomerId=(SELECT Id From Customer WHERE Name='Arash Parking')), 3, 0,95,0,0);CALL sp_InsertLocationDayAndOpen( (SELECT Id From Location WHERE Name='Unassigned' AND CustomerId=(SELECT Id From Customer WHERE Name='Arash Parking')), 4, 0,95,0,0);CALL sp_InsertLocationDayAndOpen( (SELECT Id From Location WHERE Name='Unassigned' AND CustomerId=(SELECT Id From Customer WHERE Name='Arash Parking')), 5, 0,95,0,0);CALL sp_InsertLocationDayAndOpen( (SELECT Id From Location WHERE Name='Unassigned' AND CustomerId=(SELECT Id From Customer WHERE Name='Arash Parking')), 6, 0,95,0,0);CALL sp_InsertLocationDayAndOpen( (SELECT Id From Location WHERE Name='Unassigned' AND CustomerId=(SELECT Id From Customer WHERE Name='Arash Parking')), 7, 0,95,0,0);
INSERT Location (CustomerId,ParentLocationId,Name,NumberOfSpaces,TargetMonthlyRevenue,Description,IsParent,IsUnassigned,IsDeleted,VERSION,LastModifiedGMT,LastModifiedByUserId) VALUES ((SELECT ID From Customer WHERE Name='Arash Parking'),  NULL, 'Empty Region',10,15000,'Region Without Paystations',0,0,0,0,UTC_TIMESTAMP(),1);CALL sp_InsertLocationDayAndOpen( (SELECT Id From Location WHERE Name='Empty Region' AND CustomerId=(SELECT Id From Customer WHERE Name='Arash Parking')), 1, 0,95,0,0);CALL sp_InsertLocationDayAndOpen( (SELECT Id From Location WHERE Name='Empty Region' AND CustomerId=(SELECT Id From Customer WHERE Name='Arash Parking')), 2, 0,95,0,0);CALL sp_InsertLocationDayAndOpen( (SELECT Id From Location WHERE Name='Empty Region' AND CustomerId=(SELECT Id From Customer WHERE Name='Arash Parking')), 3, 0,95,0,0);CALL sp_InsertLocationDayAndOpen( (SELECT Id From Location WHERE Name='Empty Region' AND CustomerId=(SELECT Id From Customer WHERE Name='Arash Parking')), 4, 0,95,0,0);CALL sp_InsertLocationDayAndOpen( (SELECT Id From Location WHERE Name='Empty Region' AND CustomerId=(SELECT Id From Customer WHERE Name='Arash Parking')), 5, 0,95,0,0);CALL sp_InsertLocationDayAndOpen( (SELECT Id From Location WHERE Name='Empty Region' AND CustomerId=(SELECT Id From Customer WHERE Name='Arash Parking')), 6, 0,95,0,0);CALL sp_InsertLocationDayAndOpen( (SELECT Id From Location WHERE Name='Empty Region' AND CustomerId=(SELECT Id From Customer WHERE Name='Arash Parking')), 7, 0,95,0,0);
INSERT Location (CustomerId,ParentLocationId,Name,NumberOfSpaces,TargetMonthlyRevenue,Description,IsParent,IsUnassigned,IsDeleted,VERSION,LastModifiedGMT,LastModifiedByUserId) VALUES ((SELECT ID From Customer WHERE Name='Arash Parking'),  NULL, 'Region 1',150,10000,'parent',0,0,0,0,UTC_TIMESTAMP(),1);CALL sp_InsertLocationDayAndOpen( (SELECT Id From Location WHERE Name='Region 1' AND CustomerId=(SELECT Id From Customer WHERE Name='Arash Parking')), 1, 0,95,0,0);CALL sp_InsertLocationDayAndOpen( (SELECT Id From Location WHERE Name='Region 1' AND CustomerId=(SELECT Id From Customer WHERE Name='Arash Parking')), 2, 0,95,0,0);CALL sp_InsertLocationDayAndOpen( (SELECT Id From Location WHERE Name='Region 1' AND CustomerId=(SELECT Id From Customer WHERE Name='Arash Parking')), 3, 0,95,0,0);CALL sp_InsertLocationDayAndOpen( (SELECT Id From Location WHERE Name='Region 1' AND CustomerId=(SELECT Id From Customer WHERE Name='Arash Parking')), 4, 0,95,0,0);CALL sp_InsertLocationDayAndOpen( (SELECT Id From Location WHERE Name='Region 1' AND CustomerId=(SELECT Id From Customer WHERE Name='Arash Parking')), 5, 0,95,0,0);CALL sp_InsertLocationDayAndOpen( (SELECT Id From Location WHERE Name='Region 1' AND CustomerId=(SELECT Id From Customer WHERE Name='Arash Parking')), 6, 0,95,0,0);CALL sp_InsertLocationDayAndOpen( (SELECT Id From Location WHERE Name='Region 1' AND CustomerId=(SELECT Id From Customer WHERE Name='Arash Parking')), 7, 0,95,0,0);
INSERT Location (CustomerId,ParentLocationId,Name,NumberOfSpaces,TargetMonthlyRevenue,Description,IsParent,IsUnassigned,IsDeleted,VERSION,LastModifiedGMT,LastModifiedByUserId) VALUES ((SELECT ID From Customer WHERE Name='Arash Parking'),  (SELECT Id From (SELECT * FROM Location) AS x WHERE Name='Region 1' AND CustomerId=(SELECT ID From Customer WHERE Name='Arash Parking')),'Region 11',150,15000,'first child',1,0,0,0,UTC_TIMESTAMP(),1);CALL sp_InsertLocationDayAndOpen( (SELECT Id From Location WHERE Name='Region 11' AND CustomerId=(SELECT Id From Customer WHERE Name='Arash Parking')), 1, 0,95,0,0);CALL sp_InsertLocationDayAndOpen( (SELECT Id From Location WHERE Name='Region 11' AND CustomerId=(SELECT Id From Customer WHERE Name='Arash Parking')), 2, 0,95,0,0);CALL sp_InsertLocationDayAndOpen( (SELECT Id From Location WHERE Name='Region 11' AND CustomerId=(SELECT Id From Customer WHERE Name='Arash Parking')), 3, 0,95,0,0);CALL sp_InsertLocationDayAndOpen( (SELECT Id From Location WHERE Name='Region 11' AND CustomerId=(SELECT Id From Customer WHERE Name='Arash Parking')), 4, 0,95,0,0);CALL sp_InsertLocationDayAndOpen( (SELECT Id From Location WHERE Name='Region 11' AND CustomerId=(SELECT Id From Customer WHERE Name='Arash Parking')), 5, 0,95,0,0);CALL sp_InsertLocationDayAndOpen( (SELECT Id From Location WHERE Name='Region 11' AND CustomerId=(SELECT Id From Customer WHERE Name='Arash Parking')), 6, 0,95,0,0);CALL sp_InsertLocationDayAndOpen( (SELECT Id From Location WHERE Name='Region 11' AND CustomerId=(SELECT Id From Customer WHERE Name='Arash Parking')), 7, 0,95,0,0);
INSERT Location (CustomerId,ParentLocationId,Name,NumberOfSpaces,TargetMonthlyRevenue,Description,IsParent,IsUnassigned,IsDeleted,VERSION,LastModifiedGMT,LastModifiedByUserId) VALUES ((SELECT ID From Customer WHERE Name='Arash Parking'),  NULL, 'Region 2',150,20000,'parent',0,0,0,0,UTC_TIMESTAMP(),1);CALL sp_InsertLocationDayAndOpen( (SELECT Id From Location WHERE Name='Region 2' AND CustomerId=(SELECT Id From Customer WHERE Name='Arash Parking')), 1, 0,95,0,0);CALL sp_InsertLocationDayAndOpen( (SELECT Id From Location WHERE Name='Region 2' AND CustomerId=(SELECT Id From Customer WHERE Name='Arash Parking')), 2, 0,95,0,0);CALL sp_InsertLocationDayAndOpen( (SELECT Id From Location WHERE Name='Region 2' AND CustomerId=(SELECT Id From Customer WHERE Name='Arash Parking')), 3, 0,95,0,0);CALL sp_InsertLocationDayAndOpen( (SELECT Id From Location WHERE Name='Region 2' AND CustomerId=(SELECT Id From Customer WHERE Name='Arash Parking')), 4, 0,95,0,0);CALL sp_InsertLocationDayAndOpen( (SELECT Id From Location WHERE Name='Region 2' AND CustomerId=(SELECT Id From Customer WHERE Name='Arash Parking')), 5, 0,95,0,0);CALL sp_InsertLocationDayAndOpen( (SELECT Id From Location WHERE Name='Region 2' AND CustomerId=(SELECT Id From Customer WHERE Name='Arash Parking')), 6, 0,95,0,0);CALL sp_InsertLocationDayAndOpen( (SELECT Id From Location WHERE Name='Region 2' AND CustomerId=(SELECT Id From Customer WHERE Name='Arash Parking')), 7, 0,95,0,0);
INSERT Location (CustomerId,ParentLocationId,Name,NumberOfSpaces,TargetMonthlyRevenue,Description,IsParent,IsUnassigned,IsDeleted,VERSION,LastModifiedGMT,LastModifiedByUserId) VALUES ((SELECT ID From Customer WHERE Name='Arash Parking'),  (SELECT Id From (SELECT * FROM Location) AS x WHERE Name='Region 2' AND CustomerId=(SELECT ID From Customer WHERE Name='Arash Parking')),'Region 21',150,20000,'first child',1,0,0,0,UTC_TIMESTAMP(),1);CALL sp_InsertLocationDayAndOpen( (SELECT Id From Location WHERE Name='Region 21' AND CustomerId=(SELECT Id From Customer WHERE Name='Arash Parking')), 1, 0,95,0,0);CALL sp_InsertLocationDayAndOpen( (SELECT Id From Location WHERE Name='Region 21' AND CustomerId=(SELECT Id From Customer WHERE Name='Arash Parking')), 2, 0,95,0,0);CALL sp_InsertLocationDayAndOpen( (SELECT Id From Location WHERE Name='Region 21' AND CustomerId=(SELECT Id From Customer WHERE Name='Arash Parking')), 3, 0,95,0,0);CALL sp_InsertLocationDayAndOpen( (SELECT Id From Location WHERE Name='Region 21' AND CustomerId=(SELECT Id From Customer WHERE Name='Arash Parking')), 4, 0,95,0,0);CALL sp_InsertLocationDayAndOpen( (SELECT Id From Location WHERE Name='Region 21' AND CustomerId=(SELECT Id From Customer WHERE Name='Arash Parking')), 5, 0,95,0,0);CALL sp_InsertLocationDayAndOpen( (SELECT Id From Location WHERE Name='Region 21' AND CustomerId=(SELECT Id From Customer WHERE Name='Arash Parking')), 6, 0,95,0,0);CALL sp_InsertLocationDayAndOpen( (SELECT Id From Location WHERE Name='Region 21' AND CustomerId=(SELECT Id From Customer WHERE Name='Arash Parking')), 7, 0,95,0,0);
INSERT Location (CustomerId,ParentLocationId,Name,NumberOfSpaces,TargetMonthlyRevenue,Description,IsParent,IsUnassigned,IsDeleted,VERSION,LastModifiedGMT,LastModifiedByUserId) VALUES ((SELECT ID From Customer WHERE Name='Arash Parking'),  (SELECT Id From (SELECT * FROM Location) AS x WHERE Name='Region 21' AND CustomerId=(SELECT ID From Customer WHERE Name='Arash Parking')),'Region 211',150,20000,'second child',1,0,0,0,UTC_TIMESTAMP(),1);CALL sp_InsertLocationDayAndOpen( (SELECT Id From Location WHERE Name='Region 211' AND CustomerId=(SELECT Id From Customer WHERE Name='Arash Parking')), 1, 0,95,0,0);CALL sp_InsertLocationDayAndOpen( (SELECT Id From Location WHERE Name='Region 211' AND CustomerId=(SELECT Id From Customer WHERE Name='Arash Parking')), 2, 0,95,0,0);CALL sp_InsertLocationDayAndOpen( (SELECT Id From Location WHERE Name='Region 211' AND CustomerId=(SELECT Id From Customer WHERE Name='Arash Parking')), 3, 0,95,0,0);CALL sp_InsertLocationDayAndOpen( (SELECT Id From Location WHERE Name='Region 211' AND CustomerId=(SELECT Id From Customer WHERE Name='Arash Parking')), 4, 0,95,0,0);CALL sp_InsertLocationDayAndOpen( (SELECT Id From Location WHERE Name='Region 211' AND CustomerId=(SELECT Id From Customer WHERE Name='Arash Parking')), 5, 0,95,0,0);CALL sp_InsertLocationDayAndOpen( (SELECT Id From Location WHERE Name='Region 211' AND CustomerId=(SELECT Id From Customer WHERE Name='Arash Parking')), 6, 0,95,0,0);CALL sp_InsertLocationDayAndOpen( (SELECT Id From Location WHERE Name='Region 211' AND CustomerId=(SELECT Id From Customer WHERE Name='Arash Parking')), 7, 0,95,0,0);
INSERT Location (CustomerId,ParentLocationId,Name,NumberOfSpaces,TargetMonthlyRevenue,Description,IsParent,IsUnassigned,IsDeleted,VERSION,LastModifiedGMT,LastModifiedByUserId) VALUES ((SELECT ID From Customer WHERE Name='Arash Parking'),  NULL, 'Region All.,-1',300,15000,'parent',0,0,0,0,UTC_TIMESTAMP(),1);CALL sp_InsertLocationDayAndOpen( (SELECT Id From Location WHERE Name='Region All.,-1' AND CustomerId=(SELECT Id From Customer WHERE Name='Arash Parking')), 1, 0,95,0,0);CALL sp_InsertLocationDayAndOpen( (SELECT Id From Location WHERE Name='Region All.,-1' AND CustomerId=(SELECT Id From Customer WHERE Name='Arash Parking')), 2, 0,95,0,0);CALL sp_InsertLocationDayAndOpen( (SELECT Id From Location WHERE Name='Region All.,-1' AND CustomerId=(SELECT Id From Customer WHERE Name='Arash Parking')), 3, 0,95,0,0);CALL sp_InsertLocationDayAndOpen( (SELECT Id From Location WHERE Name='Region All.,-1' AND CustomerId=(SELECT Id From Customer WHERE Name='Arash Parking')), 4, 0,95,0,0);CALL sp_InsertLocationDayAndOpen( (SELECT Id From Location WHERE Name='Region All.,-1' AND CustomerId=(SELECT Id From Customer WHERE Name='Arash Parking')), 5, 0,95,0,0);CALL sp_InsertLocationDayAndOpen( (SELECT Id From Location WHERE Name='Region All.,-1' AND CustomerId=(SELECT Id From Customer WHERE Name='Arash Parking')), 6, 0,95,0,0);CALL sp_InsertLocationDayAndOpen( (SELECT Id From Location WHERE Name='Region All.,-1' AND CustomerId=(SELECT Id From Customer WHERE Name='Arash Parking')), 7, 0,95,0,0);
INSERT Location (CustomerId,ParentLocationId,Name,NumberOfSpaces,TargetMonthlyRevenue,Description,IsParent,IsUnassigned,IsDeleted,VERSION,LastModifiedGMT,LastModifiedByUserId) VALUES ((SELECT ID From Customer WHERE Name='Arash Parking'),  NULL, 'Region Space',300,15000,'parent',0,0,0,0,UTC_TIMESTAMP(),1);CALL sp_InsertLocationDayAndOpen( (SELECT Id From Location WHERE Name='Region Space' AND CustomerId=(SELECT Id From Customer WHERE Name='Arash Parking')), 1, 0,95,0,0);CALL sp_InsertLocationDayAndOpen( (SELECT Id From Location WHERE Name='Region Space' AND CustomerId=(SELECT Id From Customer WHERE Name='Arash Parking')), 2, 0,95,0,0);CALL sp_InsertLocationDayAndOpen( (SELECT Id From Location WHERE Name='Region Space' AND CustomerId=(SELECT Id From Customer WHERE Name='Arash Parking')), 3, 0,95,0,0);CALL sp_InsertLocationDayAndOpen( (SELECT Id From Location WHERE Name='Region Space' AND CustomerId=(SELECT Id From Customer WHERE Name='Arash Parking')), 4, 0,95,0,0);CALL sp_InsertLocationDayAndOpen( (SELECT Id From Location WHERE Name='Region Space' AND CustomerId=(SELECT Id From Customer WHERE Name='Arash Parking')), 5, 0,95,0,0);CALL sp_InsertLocationDayAndOpen( (SELECT Id From Location WHERE Name='Region Space' AND CustomerId=(SELECT Id From Customer WHERE Name='Arash Parking')), 6, 0,95,0,0);CALL sp_InsertLocationDayAndOpen( (SELECT Id From Location WHERE Name='Region Space' AND CustomerId=(SELECT Id From Customer WHERE Name='Arash Parking')), 7, 0,95,0,0);
INSERT Location (CustomerId,ParentLocationId,Name,NumberOfSpaces,TargetMonthlyRevenue,Description,IsParent,IsUnassigned,IsDeleted,VERSION,LastModifiedGMT,LastModifiedByUserId) VALUES ((SELECT ID From Customer WHERE Name='Arash Parking'),  NULL, 'Region,Comma',300,15000,'parent',0,0,0,0,UTC_TIMESTAMP(),1);CALL sp_InsertLocationDayAndOpen( (SELECT Id From Location WHERE Name='Region,Comma' AND CustomerId=(SELECT Id From Customer WHERE Name='Arash Parking')), 1, 0,95,0,0);CALL sp_InsertLocationDayAndOpen( (SELECT Id From Location WHERE Name='Region,Comma' AND CustomerId=(SELECT Id From Customer WHERE Name='Arash Parking')), 2, 0,95,0,0);CALL sp_InsertLocationDayAndOpen( (SELECT Id From Location WHERE Name='Region,Comma' AND CustomerId=(SELECT Id From Customer WHERE Name='Arash Parking')), 3, 0,95,0,0);CALL sp_InsertLocationDayAndOpen( (SELECT Id From Location WHERE Name='Region,Comma' AND CustomerId=(SELECT Id From Customer WHERE Name='Arash Parking')), 4, 0,95,0,0);CALL sp_InsertLocationDayAndOpen( (SELECT Id From Location WHERE Name='Region,Comma' AND CustomerId=(SELECT Id From Customer WHERE Name='Arash Parking')), 5, 0,95,0,0);CALL sp_InsertLocationDayAndOpen( (SELECT Id From Location WHERE Name='Region,Comma' AND CustomerId=(SELECT Id From Customer WHERE Name='Arash Parking')), 6, 0,95,0,0);CALL sp_InsertLocationDayAndOpen( (SELECT Id From Location WHERE Name='Region,Comma' AND CustomerId=(SELECT Id From Customer WHERE Name='Arash Parking')), 7, 0,95,0,0);
INSERT Location (CustomerId,ParentLocationId,Name,NumberOfSpaces,TargetMonthlyRevenue,Description,IsParent,IsUnassigned,IsDeleted,VERSION,LastModifiedGMT,LastModifiedByUserId) VALUES ((SELECT ID From Customer WHERE Name='Arash Parking'),  NULL, 'Region-Dash',300,15000,'parent',0,0,0,0,UTC_TIMESTAMP(),1);CALL sp_InsertLocationDayAndOpen( (SELECT Id From Location WHERE Name='Region-Dash' AND CustomerId=(SELECT Id From Customer WHERE Name='Arash Parking')), 1, 0,95,0,0);CALL sp_InsertLocationDayAndOpen( (SELECT Id From Location WHERE Name='Region-Dash' AND CustomerId=(SELECT Id From Customer WHERE Name='Arash Parking')), 2, 0,95,0,0);CALL sp_InsertLocationDayAndOpen( (SELECT Id From Location WHERE Name='Region-Dash' AND CustomerId=(SELECT Id From Customer WHERE Name='Arash Parking')), 3, 0,95,0,0);CALL sp_InsertLocationDayAndOpen( (SELECT Id From Location WHERE Name='Region-Dash' AND CustomerId=(SELECT Id From Customer WHERE Name='Arash Parking')), 4, 0,95,0,0);CALL sp_InsertLocationDayAndOpen( (SELECT Id From Location WHERE Name='Region-Dash' AND CustomerId=(SELECT Id From Customer WHERE Name='Arash Parking')), 5, 0,95,0,0);CALL sp_InsertLocationDayAndOpen( (SELECT Id From Location WHERE Name='Region-Dash' AND CustomerId=(SELECT Id From Customer WHERE Name='Arash Parking')), 6, 0,95,0,0);CALL sp_InsertLocationDayAndOpen( (SELECT Id From Location WHERE Name='Region-Dash' AND CustomerId=(SELECT Id From Customer WHERE Name='Arash Parking')), 7, 0,95,0,0);
INSERT Location (CustomerId,ParentLocationId,Name,NumberOfSpaces,TargetMonthlyRevenue,Description,IsParent,IsUnassigned,IsDeleted,VERSION,LastModifiedGMT,LastModifiedByUserId) VALUES ((SELECT ID From Customer WHERE Name='Arash Parking'),  NULL, 'Region.Dot',300,15000,'parent',0,0,0,0,UTC_TIMESTAMP(),1);CALL sp_InsertLocationDayAndOpen( (SELECT Id From Location WHERE Name='Region.Dot' AND CustomerId=(SELECT Id From Customer WHERE Name='Arash Parking')), 1, 0,95,0,0);CALL sp_InsertLocationDayAndOpen( (SELECT Id From Location WHERE Name='Region.Dot' AND CustomerId=(SELECT Id From Customer WHERE Name='Arash Parking')), 2, 0,95,0,0);CALL sp_InsertLocationDayAndOpen( (SELECT Id From Location WHERE Name='Region.Dot' AND CustomerId=(SELECT Id From Customer WHERE Name='Arash Parking')), 3, 0,95,0,0);CALL sp_InsertLocationDayAndOpen( (SELECT Id From Location WHERE Name='Region.Dot' AND CustomerId=(SELECT Id From Customer WHERE Name='Arash Parking')), 4, 0,95,0,0);CALL sp_InsertLocationDayAndOpen( (SELECT Id From Location WHERE Name='Region.Dot' AND CustomerId=(SELECT Id From Customer WHERE Name='Arash Parking')), 5, 0,95,0,0);CALL sp_InsertLocationDayAndOpen( (SELECT Id From Location WHERE Name='Region.Dot' AND CustomerId=(SELECT Id From Customer WHERE Name='Arash Parking')), 6, 0,95,0,0);CALL sp_InsertLocationDayAndOpen( (SELECT Id From Location WHERE Name='Region.Dot' AND CustomerId=(SELECT Id From Customer WHERE Name='Arash Parking')), 7, 0,95,0,0);
INSERT Location (CustomerId,ParentLocationId,Name,NumberOfSpaces,TargetMonthlyRevenue,Description,IsParent,IsUnassigned,IsDeleted,VERSION,LastModifiedGMT,LastModifiedByUserId) VALUES ((SELECT ID From Customer WHERE Name='Arash Parking'),  NULL, 'This is the maximumnumber',300,15000,'parent',0,0,0,0,UTC_TIMESTAMP(),1);CALL sp_InsertLocationDayAndOpen( (SELECT Id From Location WHERE Name='This is the maximumnumber' AND CustomerId=(SELECT Id From Customer WHERE Name='Arash Parking')), 1, 0,95,0,0);CALL sp_InsertLocationDayAndOpen( (SELECT Id From Location WHERE Name='This is the maximumnumber' AND CustomerId=(SELECT Id From Customer WHERE Name='Arash Parking')), 2, 0,95,0,0);CALL sp_InsertLocationDayAndOpen( (SELECT Id From Location WHERE Name='This is the maximumnumber' AND CustomerId=(SELECT Id From Customer WHERE Name='Arash Parking')), 3, 0,95,0,0);CALL sp_InsertLocationDayAndOpen( (SELECT Id From Location WHERE Name='This is the maximumnumber' AND CustomerId=(SELECT Id From Customer WHERE Name='Arash Parking')), 4, 0,95,0,0);CALL sp_InsertLocationDayAndOpen( (SELECT Id From Location WHERE Name='This is the maximumnumber' AND CustomerId=(SELECT Id From Customer WHERE Name='Arash Parking')), 5, 0,95,0,0);CALL sp_InsertLocationDayAndOpen( (SELECT Id From Location WHERE Name='This is the maximumnumber' AND CustomerId=(SELECT Id From Customer WHERE Name='Arash Parking')), 6, 0,95,0,0);CALL sp_InsertLocationDayAndOpen( (SELECT Id From Location WHERE Name='This is the maximumnumber' AND CustomerId=(SELECT Id From Customer WHERE Name='Arash Parking')), 7, 0,95,0,0);
INSERT Location (CustomerId,ParentLocationId,Name,NumberOfSpaces,TargetMonthlyRevenue,Description,IsParent,IsUnassigned,IsDeleted,VERSION,LastModifiedGMT,LastModifiedByUserId) VALUES ((SELECT ID From Customer WHERE Name='Arash Parking'),  NULL, 'This.is,the-maximu number',300,15000,'123456789012345678901234567890123456789012345678901234567890123456789012345678901234567890abcdefghij',0,0,0,0,UTC_TIMESTAMP(),1);CALL sp_InsertLocationDayAndOpen( (SELECT Id From Location WHERE Name='This.is,the-maximu number' AND CustomerId=(SELECT Id From Customer WHERE Name='Arash Parking')), 1, 0,95,0,0);CALL sp_InsertLocationDayAndOpen( (SELECT Id From Location WHERE Name='This.is,the-maximu number' AND CustomerId=(SELECT Id From Customer WHERE Name='Arash Parking')), 2, 0,95,0,0);CALL sp_InsertLocationDayAndOpen( (SELECT Id From Location WHERE Name='This.is,the-maximu number' AND CustomerId=(SELECT Id From Customer WHERE Name='Arash Parking')), 3, 0,95,0,0);CALL sp_InsertLocationDayAndOpen( (SELECT Id From Location WHERE Name='This.is,the-maximu number' AND CustomerId=(SELECT Id From Customer WHERE Name='Arash Parking')), 4, 0,95,0,0);CALL sp_InsertLocationDayAndOpen( (SELECT Id From Location WHERE Name='This.is,the-maximu number' AND CustomerId=(SELECT Id From Customer WHERE Name='Arash Parking')), 5, 0,95,0,0);CALL sp_InsertLocationDayAndOpen( (SELECT Id From Location WHERE Name='This.is,the-maximu number' AND CustomerId=(SELECT Id From Customer WHERE Name='Arash Parking')), 6, 0,95,0,0);CALL sp_InsertLocationDayAndOpen( (SELECT Id From Location WHERE Name='This.is,the-maximu number' AND CustomerId=(SELECT Id From Customer WHERE Name='Arash Parking')), 7, 0,95,0,0);



-- Pay Stations

INSERT Paystation (PaystationTypeId,ModemTypeId,SerialNumber,IsDeleted,VERSION,LastModifiedGMT,LastModifiedByUserId) VALUES (2, 3, '198219821980', 0, 0, UTC_TIMESTAMP(), 1);INSERT PointOfSale (CustomerId,PaystationId,LocationId,PointOfSaleTypeId,Name,SerialNumber,ProvisionedGMT,Latitude,Longitude,AltitudeOrLevel,VERSION,LastModifiedGMT,LastModifiedByUserId) VALUES ((SELECT Id FROM Customer WHERE Name='Arash Parking'),(SELECT Id FROM Paystation WHERE SerialNumber='198219821980'),(SELECT Id FROM Location WHERE Name='Region 11' AND CustomerId=(SELECT Id FROM Customer WHERE Name='Arash Parking')),1,'Name_198219821980','198219821980',UTC_TIMESTAMP(),0,0,0,0,UTC_TIMESTAMP(),1);INSERT POSHeartbeat (PointOfSaleId, LastHeartbeatGMT) VALUES ((SELECT Id FROM PointOfSale WHERE (CustomerID = (SELECT Id FROM Customer WHERE Name='Arash Parking') AND PaystationId=(SELECT Id FROM Paystation WHERE SerialNumber='198219821980'))),'2012-11-15 13:01:53');INSERT POSBalance (PointOfSaleId ,CollectionLockId ,ClusterId ,PrevCollectionLockId ,PrevPrevCollectionLockId ,CashAmount ,CoinCount ,CoinAmount ,BillCount ,BillAmount ,UnsettledCreditCardCount ,UnsettledCreditCardAmount ,TotalAmount ,LastCashCollectionGMT ,LastCoinCollectionGMT ,LastBillCollectionGMT ,LastCardCollectionGMT ,LastRecalcGMT  ,CollectionRecalcGMT ,CollectionRecalcTransactions ,HasRecentCollection ,IsRecalcable ,LastCollectionTypeId ,NextRecalcGMT) VALUES       ((SELECT Id FROM PointOfSale WHERE (CustomerID = (SELECT Id FROM Customer WHERE Name='Arash Parking') AND PaystationId=(SELECT Id FROM Paystation WHERE SerialNumber='198219821980'))),NULL,NULL,NULL,NULL,0,0,0,0,0,0,0,0,UTC_TIMESTAMP(),UTC_TIMESTAMP(),UTC_TIMESTAMP() ,UTC_TIMESTAMP(),UTC_TIMESTAMP(),UTC_TIMESTAMP(),0,0,0,0,UTC_TIMESTAMP());
INSERT Paystation (PaystationTypeId,ModemTypeId,SerialNumber,IsDeleted,VERSION,LastModifiedGMT,LastModifiedByUserId) VALUES (2, 3, '198219821981', 0, 0, UTC_TIMESTAMP(), 1);INSERT PointOfSale (CustomerId,PaystationId,LocationId,PointOfSaleTypeId,Name,SerialNumber,ProvisionedGMT,Latitude,Longitude,AltitudeOrLevel,VERSION,LastModifiedGMT,LastModifiedByUserId) VALUES ((SELECT Id FROM Customer WHERE Name='Arash Parking'),(SELECT Id FROM Paystation WHERE SerialNumber='198219821981'),(SELECT Id FROM Location WHERE Name='Region 211' AND CustomerId=(SELECT Id FROM Customer WHERE Name='Arash Parking')),1,'Name_198219821981','198219821981',UTC_TIMESTAMP(),0,0,0,0,UTC_TIMESTAMP(),1);INSERT POSHeartbeat (PointOfSaleId, LastHeartbeatGMT) VALUES ((SELECT Id FROM PointOfSale WHERE (CustomerID = (SELECT Id FROM Customer WHERE Name='Arash Parking') AND PaystationId=(SELECT Id FROM Paystation WHERE SerialNumber='198219821981'))),'2012-11-15 13:01:53');INSERT POSBalance (PointOfSaleId ,CollectionLockId ,ClusterId ,PrevCollectionLockId ,PrevPrevCollectionLockId ,CashAmount ,CoinCount ,CoinAmount ,BillCount ,BillAmount ,UnsettledCreditCardCount ,UnsettledCreditCardAmount ,TotalAmount ,LastCashCollectionGMT ,LastCoinCollectionGMT ,LastBillCollectionGMT ,LastCardCollectionGMT ,LastRecalcGMT  ,CollectionRecalcGMT ,CollectionRecalcTransactions ,HasRecentCollection ,IsRecalcable ,LastCollectionTypeId ,NextRecalcGMT) VALUES       ((SELECT Id FROM PointOfSale WHERE (CustomerID = (SELECT Id FROM Customer WHERE Name='Arash Parking') AND PaystationId=(SELECT Id FROM Paystation WHERE SerialNumber='198219821981'))),NULL,NULL,NULL,NULL,0,0,0,0,0,0,0,0,UTC_TIMESTAMP(),UTC_TIMESTAMP(),UTC_TIMESTAMP() ,UTC_TIMESTAMP(),UTC_TIMESTAMP(),UTC_TIMESTAMP(),0,0,0,0,UTC_TIMESTAMP());
INSERT Paystation (PaystationTypeId,ModemTypeId,SerialNumber,IsDeleted,VERSION,LastModifiedGMT,LastModifiedByUserId) VALUES (2, 3, '198219821979', 0, 0, UTC_TIMESTAMP(), 1);INSERT PointOfSale (CustomerId,PaystationId,LocationId,PointOfSaleTypeId,Name,SerialNumber,ProvisionedGMT,Latitude,Longitude,AltitudeOrLevel,VERSION,LastModifiedGMT,LastModifiedByUserId) VALUES ((SELECT Id FROM Customer WHERE Name='Arash Parking'),(SELECT Id FROM Paystation WHERE SerialNumber='198219821979'),(SELECT Id FROM Location WHERE Name='Region All.,-1' AND CustomerId=(SELECT Id FROM Customer WHERE Name='Arash Parking')),1,'Name_198219821979','198219821979',UTC_TIMESTAMP(),0,0,0,0,UTC_TIMESTAMP(),1);INSERT POSHeartbeat (PointOfSaleId, LastHeartbeatGMT) VALUES ((SELECT Id FROM PointOfSale WHERE (CustomerID = (SELECT Id FROM Customer WHERE Name='Arash Parking') AND PaystationId=(SELECT Id FROM Paystation WHERE SerialNumber='198219821979'))),'2012-11-15 13:01:53');INSERT POSBalance (PointOfSaleId ,CollectionLockId ,ClusterId ,PrevCollectionLockId ,PrevPrevCollectionLockId ,CashAmount ,CoinCount ,CoinAmount ,BillCount ,BillAmount ,UnsettledCreditCardCount ,UnsettledCreditCardAmount ,TotalAmount ,LastCashCollectionGMT ,LastCoinCollectionGMT ,LastBillCollectionGMT ,LastCardCollectionGMT ,LastRecalcGMT  ,CollectionRecalcGMT ,CollectionRecalcTransactions ,HasRecentCollection ,IsRecalcable ,LastCollectionTypeId ,NextRecalcGMT) VALUES       ((SELECT Id FROM PointOfSale WHERE (CustomerID = (SELECT Id FROM Customer WHERE Name='Arash Parking') AND PaystationId=(SELECT Id FROM Paystation WHERE SerialNumber='198219821979'))),NULL,NULL,NULL,NULL,0,0,0,0,0,0,0,0,UTC_TIMESTAMP(),UTC_TIMESTAMP(),UTC_TIMESTAMP() ,UTC_TIMESTAMP(),UTC_TIMESTAMP(),UTC_TIMESTAMP(),0,0,0,0,UTC_TIMESTAMP());
INSERT Paystation (PaystationTypeId,ModemTypeId,SerialNumber,IsDeleted,VERSION,LastModifiedGMT,LastModifiedByUserId) VALUES (2, 3, '198219821983', 0, 0, UTC_TIMESTAMP(), 1);INSERT PointOfSale (CustomerId,PaystationId,LocationId,PointOfSaleTypeId,Name,SerialNumber,ProvisionedGMT,Latitude,Longitude,AltitudeOrLevel,VERSION,LastModifiedGMT,LastModifiedByUserId) VALUES ((SELECT Id FROM Customer WHERE Name='Arash Parking'),(SELECT Id FROM Paystation WHERE SerialNumber='198219821983'),(SELECT Id FROM Location WHERE Name='Region Space' AND CustomerId=(SELECT Id FROM Customer WHERE Name='Arash Parking')),1,'Name_198219821983','198219821983',UTC_TIMESTAMP(),0,0,0,0,UTC_TIMESTAMP(),1);INSERT POSHeartbeat (PointOfSaleId, LastHeartbeatGMT) VALUES ((SELECT Id FROM PointOfSale WHERE (CustomerID = (SELECT Id FROM Customer WHERE Name='Arash Parking') AND PaystationId=(SELECT Id FROM Paystation WHERE SerialNumber='198219821983'))),'2012-11-15 13:01:53');INSERT POSBalance (PointOfSaleId ,CollectionLockId ,ClusterId ,PrevCollectionLockId ,PrevPrevCollectionLockId ,CashAmount ,CoinCount ,CoinAmount ,BillCount ,BillAmount ,UnsettledCreditCardCount ,UnsettledCreditCardAmount ,TotalAmount ,LastCashCollectionGMT ,LastCoinCollectionGMT ,LastBillCollectionGMT ,LastCardCollectionGMT ,LastRecalcGMT  ,CollectionRecalcGMT ,CollectionRecalcTransactions ,HasRecentCollection ,IsRecalcable ,LastCollectionTypeId ,NextRecalcGMT) VALUES       ((SELECT Id FROM PointOfSale WHERE (CustomerID = (SELECT Id FROM Customer WHERE Name='Arash Parking') AND PaystationId=(SELECT Id FROM Paystation WHERE SerialNumber='198219821983'))),NULL,NULL,NULL,NULL,0,0,0,0,0,0,0,0,UTC_TIMESTAMP(),UTC_TIMESTAMP(),UTC_TIMESTAMP() ,UTC_TIMESTAMP(),UTC_TIMESTAMP(),UTC_TIMESTAMP(),0,0,0,0,UTC_TIMESTAMP());
INSERT Paystation (PaystationTypeId,ModemTypeId,SerialNumber,IsDeleted,VERSION,LastModifiedGMT,LastModifiedByUserId) VALUES (2, 3, '198219821984', 0, 0, UTC_TIMESTAMP(), 1);INSERT PointOfSale (CustomerId,PaystationId,LocationId,PointOfSaleTypeId,Name,SerialNumber,ProvisionedGMT,Latitude,Longitude,AltitudeOrLevel,VERSION,LastModifiedGMT,LastModifiedByUserId) VALUES ((SELECT Id FROM Customer WHERE Name='Arash Parking'),(SELECT Id FROM Paystation WHERE SerialNumber='198219821984'),(SELECT Id FROM Location WHERE Name='Region,Comma' AND CustomerId=(SELECT Id FROM Customer WHERE Name='Arash Parking')),1,'Name_198219821984','198219821984',UTC_TIMESTAMP(),0,0,0,0,UTC_TIMESTAMP(),1);INSERT POSHeartbeat (PointOfSaleId, LastHeartbeatGMT) VALUES ((SELECT Id FROM PointOfSale WHERE (CustomerID = (SELECT Id FROM Customer WHERE Name='Arash Parking') AND PaystationId=(SELECT Id FROM Paystation WHERE SerialNumber='198219821984'))),'2012-11-15 13:01:53');INSERT POSBalance (PointOfSaleId ,CollectionLockId ,ClusterId ,PrevCollectionLockId ,PrevPrevCollectionLockId ,CashAmount ,CoinCount ,CoinAmount ,BillCount ,BillAmount ,UnsettledCreditCardCount ,UnsettledCreditCardAmount ,TotalAmount ,LastCashCollectionGMT ,LastCoinCollectionGMT ,LastBillCollectionGMT ,LastCardCollectionGMT ,LastRecalcGMT  ,CollectionRecalcGMT ,CollectionRecalcTransactions ,HasRecentCollection ,IsRecalcable ,LastCollectionTypeId ,NextRecalcGMT) VALUES       ((SELECT Id FROM PointOfSale WHERE (CustomerID = (SELECT Id FROM Customer WHERE Name='Arash Parking') AND PaystationId=(SELECT Id FROM Paystation WHERE SerialNumber='198219821984'))),NULL,NULL,NULL,NULL,0,0,0,0,0,0,0,0,UTC_TIMESTAMP(),UTC_TIMESTAMP(),UTC_TIMESTAMP() ,UTC_TIMESTAMP(),UTC_TIMESTAMP(),UTC_TIMESTAMP(),0,0,0,0,UTC_TIMESTAMP());
INSERT Paystation (PaystationTypeId,ModemTypeId,SerialNumber,IsDeleted,VERSION,LastModifiedGMT,LastModifiedByUserId) VALUES (2, 3, '198219821985', 0, 0, UTC_TIMESTAMP(), 1);INSERT PointOfSale (CustomerId,PaystationId,LocationId,PointOfSaleTypeId,Name,SerialNumber,ProvisionedGMT,Latitude,Longitude,AltitudeOrLevel,VERSION,LastModifiedGMT,LastModifiedByUserId) VALUES ((SELECT Id FROM Customer WHERE Name='Arash Parking'),(SELECT Id FROM Paystation WHERE SerialNumber='198219821985'),(SELECT Id FROM Location WHERE Name='Region-Dash' AND CustomerId=(SELECT Id FROM Customer WHERE Name='Arash Parking')),1,'Name_198219821985','198219821985',UTC_TIMESTAMP(),0,0,0,0,UTC_TIMESTAMP(),1);INSERT POSHeartbeat (PointOfSaleId, LastHeartbeatGMT) VALUES ((SELECT Id FROM PointOfSale WHERE (CustomerID = (SELECT Id FROM Customer WHERE Name='Arash Parking') AND PaystationId=(SELECT Id FROM Paystation WHERE SerialNumber='198219821985'))),'2012-11-15 13:01:53');INSERT POSBalance (PointOfSaleId ,CollectionLockId ,ClusterId ,PrevCollectionLockId ,PrevPrevCollectionLockId ,CashAmount ,CoinCount ,CoinAmount ,BillCount ,BillAmount ,UnsettledCreditCardCount ,UnsettledCreditCardAmount ,TotalAmount ,LastCashCollectionGMT ,LastCoinCollectionGMT ,LastBillCollectionGMT ,LastCardCollectionGMT ,LastRecalcGMT  ,CollectionRecalcGMT ,CollectionRecalcTransactions ,HasRecentCollection ,IsRecalcable ,LastCollectionTypeId ,NextRecalcGMT) VALUES       ((SELECT Id FROM PointOfSale WHERE (CustomerID = (SELECT Id FROM Customer WHERE Name='Arash Parking') AND PaystationId=(SELECT Id FROM Paystation WHERE SerialNumber='198219821985'))),NULL,NULL,NULL,NULL,0,0,0,0,0,0,0,0,UTC_TIMESTAMP(),UTC_TIMESTAMP(),UTC_TIMESTAMP() ,UTC_TIMESTAMP(),UTC_TIMESTAMP(),UTC_TIMESTAMP(),0,0,0,0,UTC_TIMESTAMP());
INSERT Paystation (PaystationTypeId,ModemTypeId,SerialNumber,IsDeleted,VERSION,LastModifiedGMT,LastModifiedByUserId) VALUES (2, 3, '198219821986', 0, 0, UTC_TIMESTAMP(), 1);INSERT PointOfSale (CustomerId,PaystationId,LocationId,PointOfSaleTypeId,Name,SerialNumber,ProvisionedGMT,Latitude,Longitude,AltitudeOrLevel,VERSION,LastModifiedGMT,LastModifiedByUserId) VALUES ((SELECT Id FROM Customer WHERE Name='Arash Parking'),(SELECT Id FROM Paystation WHERE SerialNumber='198219821986'),(SELECT Id FROM Location WHERE Name='Region.Dot' AND CustomerId=(SELECT Id FROM Customer WHERE Name='Arash Parking')),1,'Name_198219821986','198219821986',UTC_TIMESTAMP(),0,0,0,0,UTC_TIMESTAMP(),1);INSERT POSHeartbeat (PointOfSaleId, LastHeartbeatGMT) VALUES ((SELECT Id FROM PointOfSale WHERE (CustomerID = (SELECT Id FROM Customer WHERE Name='Arash Parking') AND PaystationId=(SELECT Id FROM Paystation WHERE SerialNumber='198219821986'))),'2012-11-15 13:01:53');INSERT POSBalance (PointOfSaleId ,CollectionLockId ,ClusterId ,PrevCollectionLockId ,PrevPrevCollectionLockId ,CashAmount ,CoinCount ,CoinAmount ,BillCount ,BillAmount ,UnsettledCreditCardCount ,UnsettledCreditCardAmount ,TotalAmount ,LastCashCollectionGMT ,LastCoinCollectionGMT ,LastBillCollectionGMT ,LastCardCollectionGMT ,LastRecalcGMT  ,CollectionRecalcGMT ,CollectionRecalcTransactions ,HasRecentCollection ,IsRecalcable ,LastCollectionTypeId ,NextRecalcGMT) VALUES       ((SELECT Id FROM PointOfSale WHERE (CustomerID = (SELECT Id FROM Customer WHERE Name='Arash Parking') AND PaystationId=(SELECT Id FROM Paystation WHERE SerialNumber='198219821986'))),NULL,NULL,NULL,NULL,0,0,0,0,0,0,0,0,UTC_TIMESTAMP(),UTC_TIMESTAMP(),UTC_TIMESTAMP() ,UTC_TIMESTAMP(),UTC_TIMESTAMP(),UTC_TIMESTAMP(),0,0,0,0,UTC_TIMESTAMP());
INSERT Paystation (PaystationTypeId,ModemTypeId,SerialNumber,IsDeleted,VERSION,LastModifiedGMT,LastModifiedByUserId) VALUES (2, 3, '198219821987', 0, 0, UTC_TIMESTAMP(), 1);INSERT PointOfSale (CustomerId,PaystationId,LocationId,PointOfSaleTypeId,Name,SerialNumber,ProvisionedGMT,Latitude,Longitude,AltitudeOrLevel,VERSION,LastModifiedGMT,LastModifiedByUserId) VALUES ((SELECT Id FROM Customer WHERE Name='Arash Parking'),(SELECT Id FROM Paystation WHERE SerialNumber='198219821987'),(SELECT Id FROM Location WHERE Name='This is the maximumnumber' AND CustomerId=(SELECT Id FROM Customer WHERE Name='Arash Parking')),1,'Name_198219821987','198219821987',UTC_TIMESTAMP(),0,0,0,0,UTC_TIMESTAMP(),1);INSERT POSHeartbeat (PointOfSaleId, LastHeartbeatGMT) VALUES ((SELECT Id FROM PointOfSale WHERE (CustomerID = (SELECT Id FROM Customer WHERE Name='Arash Parking') AND PaystationId=(SELECT Id FROM Paystation WHERE SerialNumber='198219821987'))),'2012-11-15 13:01:53');INSERT POSBalance (PointOfSaleId ,CollectionLockId ,ClusterId ,PrevCollectionLockId ,PrevPrevCollectionLockId ,CashAmount ,CoinCount ,CoinAmount ,BillCount ,BillAmount ,UnsettledCreditCardCount ,UnsettledCreditCardAmount ,TotalAmount ,LastCashCollectionGMT ,LastCoinCollectionGMT ,LastBillCollectionGMT ,LastCardCollectionGMT ,LastRecalcGMT  ,CollectionRecalcGMT ,CollectionRecalcTransactions ,HasRecentCollection ,IsRecalcable ,LastCollectionTypeId ,NextRecalcGMT) VALUES       ((SELECT Id FROM PointOfSale WHERE (CustomerID = (SELECT Id FROM Customer WHERE Name='Arash Parking') AND PaystationId=(SELECT Id FROM Paystation WHERE SerialNumber='198219821987'))),NULL,NULL,NULL,NULL,0,0,0,0,0,0,0,0,UTC_TIMESTAMP(),UTC_TIMESTAMP(),UTC_TIMESTAMP() ,UTC_TIMESTAMP(),UTC_TIMESTAMP(),UTC_TIMESTAMP(),0,0,0,0,UTC_TIMESTAMP());
INSERT Paystation (PaystationTypeId,ModemTypeId,SerialNumber,IsDeleted,VERSION,LastModifiedGMT,LastModifiedByUserId) VALUES (2, 3, '198219821988', 0, 0, UTC_TIMESTAMP(), 1);INSERT PointOfSale (CustomerId,PaystationId,LocationId,PointOfSaleTypeId,Name,SerialNumber,ProvisionedGMT,Latitude,Longitude,AltitudeOrLevel,VERSION,LastModifiedGMT,LastModifiedByUserId) VALUES ((SELECT Id FROM Customer WHERE Name='Arash Parking'),(SELECT Id FROM Paystation WHERE SerialNumber='198219821988'),(SELECT Id FROM Location WHERE Name='This.is,the-maximu number' AND CustomerId=(SELECT Id FROM Customer WHERE Name='Arash Parking')),1,'Name_198219821988','198219821988',UTC_TIMESTAMP(),0,0,0,0,UTC_TIMESTAMP(),1);INSERT POSHeartbeat (PointOfSaleId, LastHeartbeatGMT) VALUES ((SELECT Id FROM PointOfSale WHERE (CustomerID = (SELECT Id FROM Customer WHERE Name='Arash Parking') AND PaystationId=(SELECT Id FROM Paystation WHERE SerialNumber='198219821988'))),'2012-11-15 13:01:53');INSERT POSBalance (PointOfSaleId ,CollectionLockId ,ClusterId ,PrevCollectionLockId ,PrevPrevCollectionLockId ,CashAmount ,CoinCount ,CoinAmount ,BillCount ,BillAmount ,UnsettledCreditCardCount ,UnsettledCreditCardAmount ,TotalAmount ,LastCashCollectionGMT ,LastCoinCollectionGMT ,LastBillCollectionGMT ,LastCardCollectionGMT ,LastRecalcGMT  ,CollectionRecalcGMT ,CollectionRecalcTransactions ,HasRecentCollection ,IsRecalcable ,LastCollectionTypeId ,NextRecalcGMT) VALUES       ((SELECT Id FROM PointOfSale WHERE (CustomerID = (SELECT Id FROM Customer WHERE Name='Arash Parking') AND PaystationId=(SELECT Id FROM Paystation WHERE SerialNumber='198219821988'))),NULL,NULL,NULL,NULL,0,0,0,0,0,0,0,0,UTC_TIMESTAMP(),UTC_TIMESTAMP(),UTC_TIMESTAMP() ,UTC_TIMESTAMP(),UTC_TIMESTAMP(),UTC_TIMESTAMP(),0,0,0,0,UTC_TIMESTAMP());
INSERT Paystation (PaystationTypeId,ModemTypeId,SerialNumber,IsDeleted,VERSION,LastModifiedGMT,LastModifiedByUserId) VALUES (2, 3, '198219821976', 0, 0, UTC_TIMESTAMP(), 1);INSERT PointOfSale (CustomerId,PaystationId,LocationId,PointOfSaleTypeId,Name,SerialNumber,ProvisionedGMT,Latitude,Longitude,AltitudeOrLevel,VERSION,LastModifiedGMT,LastModifiedByUserId) VALUES ((SELECT Id FROM Customer WHERE Name='Arash Parking'),(SELECT Id FROM Paystation WHERE SerialNumber='198219821976'),(SELECT Id FROM Location WHERE Name='Unassigned' AND CustomerId=(SELECT Id FROM Customer WHERE Name='Arash Parking')),1,'Name_198219821976','198219821976',UTC_TIMESTAMP(),0,0,0,0,UTC_TIMESTAMP(),1);INSERT POSHeartbeat (PointOfSaleId, LastHeartbeatGMT) VALUES ((SELECT Id FROM PointOfSale WHERE (CustomerID = (SELECT Id FROM Customer WHERE Name='Arash Parking') AND PaystationId=(SELECT Id FROM Paystation WHERE SerialNumber='198219821976'))),'2012-11-15 13:01:53');INSERT POSBalance (PointOfSaleId ,CollectionLockId ,ClusterId ,PrevCollectionLockId ,PrevPrevCollectionLockId ,CashAmount ,CoinCount ,CoinAmount ,BillCount ,BillAmount ,UnsettledCreditCardCount ,UnsettledCreditCardAmount ,TotalAmount ,LastCashCollectionGMT ,LastCoinCollectionGMT ,LastBillCollectionGMT ,LastCardCollectionGMT ,LastRecalcGMT  ,CollectionRecalcGMT ,CollectionRecalcTransactions ,HasRecentCollection ,IsRecalcable ,LastCollectionTypeId ,NextRecalcGMT) VALUES       ((SELECT Id FROM PointOfSale WHERE (CustomerID = (SELECT Id FROM Customer WHERE Name='Arash Parking') AND PaystationId=(SELECT Id FROM Paystation WHERE SerialNumber='198219821976'))),NULL,NULL,NULL,NULL,0,0,0,0,0,0,0,0,UTC_TIMESTAMP(),UTC_TIMESTAMP(),UTC_TIMESTAMP() ,UTC_TIMESTAMP(),UTC_TIMESTAMP(),UTC_TIMESTAMP(),0,0,0,0,UTC_TIMESTAMP());
INSERT Paystation (PaystationTypeId,ModemTypeId,SerialNumber,IsDeleted,VERSION,LastModifiedGMT,LastModifiedByUserId) VALUES (2, 3, '198219821989', 0, 0, UTC_TIMESTAMP(), 1);INSERT PointOfSale (CustomerId,PaystationId,LocationId,PointOfSaleTypeId,Name,SerialNumber,ProvisionedGMT,Latitude,Longitude,AltitudeOrLevel,VERSION,LastModifiedGMT,LastModifiedByUserId) VALUES ((SELECT Id FROM Customer WHERE Name='Arash Parking'),(SELECT Id FROM Paystation WHERE SerialNumber='198219821989'),(SELECT Id FROM Location WHERE Name='Unassigned' AND CustomerId=(SELECT Id FROM Customer WHERE Name='Arash Parking')),1,'Name_198219821989','198219821989',UTC_TIMESTAMP(),0,0,0,0,UTC_TIMESTAMP(),1);INSERT POSHeartbeat (PointOfSaleId, LastHeartbeatGMT) VALUES ((SELECT Id FROM PointOfSale WHERE (CustomerID = (SELECT Id FROM Customer WHERE Name='Arash Parking') AND PaystationId=(SELECT Id FROM Paystation WHERE SerialNumber='198219821989'))),'2012-11-15 13:01:53');INSERT POSBalance (PointOfSaleId ,CollectionLockId ,ClusterId ,PrevCollectionLockId ,PrevPrevCollectionLockId ,CashAmount ,CoinCount ,CoinAmount ,BillCount ,BillAmount ,UnsettledCreditCardCount ,UnsettledCreditCardAmount ,TotalAmount ,LastCashCollectionGMT ,LastCoinCollectionGMT ,LastBillCollectionGMT ,LastCardCollectionGMT ,LastRecalcGMT  ,CollectionRecalcGMT ,CollectionRecalcTransactions ,HasRecentCollection ,IsRecalcable ,LastCollectionTypeId ,NextRecalcGMT) VALUES       ((SELECT Id FROM PointOfSale WHERE (CustomerID = (SELECT Id FROM Customer WHERE Name='Arash Parking') AND PaystationId=(SELECT Id FROM Paystation WHERE SerialNumber='198219821989'))),NULL,NULL,NULL,NULL,0,0,0,0,0,0,0,0,UTC_TIMESTAMP(),UTC_TIMESTAMP(),UTC_TIMESTAMP() ,UTC_TIMESTAMP(),UTC_TIMESTAMP(),UTC_TIMESTAMP(),0,0,0,0,UTC_TIMESTAMP());
INSERT Paystation (PaystationTypeId,ModemTypeId,SerialNumber,IsDeleted,VERSION,LastModifiedGMT,LastModifiedByUserId) VALUES (2, 3, '198219821978', 0, 0, UTC_TIMESTAMP(), 1);INSERT PointOfSale (CustomerId,PaystationId,LocationId,PointOfSaleTypeId,Name,SerialNumber,ProvisionedGMT,Latitude,Longitude,AltitudeOrLevel,VERSION,LastModifiedGMT,LastModifiedByUserId) VALUES ((SELECT Id FROM Customer WHERE Name='Arash Parking'),(SELECT Id FROM Paystation WHERE SerialNumber='198219821978'),(SELECT Id FROM Location WHERE Name='Unassigned' AND CustomerId=(SELECT Id FROM Customer WHERE Name='Arash Parking')),1,'Name_198219821978','198219821978',UTC_TIMESTAMP(),0,0,0,0,UTC_TIMESTAMP(),1);INSERT POSHeartbeat (PointOfSaleId, LastHeartbeatGMT) VALUES ((SELECT Id FROM PointOfSale WHERE (CustomerID = (SELECT Id FROM Customer WHERE Name='Arash Parking') AND PaystationId=(SELECT Id FROM Paystation WHERE SerialNumber='198219821978'))),'2012-11-15 13:01:53');INSERT POSBalance (PointOfSaleId ,CollectionLockId ,ClusterId ,PrevCollectionLockId ,PrevPrevCollectionLockId ,CashAmount ,CoinCount ,CoinAmount ,BillCount ,BillAmount ,UnsettledCreditCardCount ,UnsettledCreditCardAmount ,TotalAmount ,LastCashCollectionGMT ,LastCoinCollectionGMT ,LastBillCollectionGMT ,LastCardCollectionGMT ,LastRecalcGMT  ,CollectionRecalcGMT ,CollectionRecalcTransactions ,HasRecentCollection ,IsRecalcable ,LastCollectionTypeId ,NextRecalcGMT) VALUES       ((SELECT Id FROM PointOfSale WHERE (CustomerID = (SELECT Id FROM Customer WHERE Name='Arash Parking') AND PaystationId=(SELECT Id FROM Paystation WHERE SerialNumber='198219821978'))),NULL,NULL,NULL,NULL,0,0,0,0,0,0,0,0,UTC_TIMESTAMP(),UTC_TIMESTAMP(),UTC_TIMESTAMP() ,UTC_TIMESTAMP(),UTC_TIMESTAMP(),UTC_TIMESTAMP(),0,0,0,0,UTC_TIMESTAMP());
INSERT Paystation (PaystationTypeId,ModemTypeId,SerialNumber,IsDeleted,VERSION,LastModifiedGMT,LastModifiedByUserId) VALUES (2, 3, '198219828888', 0, 0, UTC_TIMESTAMP(), 1);INSERT PointOfSale (CustomerId,PaystationId,LocationId,PointOfSaleTypeId,Name,SerialNumber,ProvisionedGMT,Latitude,Longitude,AltitudeOrLevel,VERSION,LastModifiedGMT,LastModifiedByUserId) VALUES ((SELECT Id FROM Customer WHERE Name='Arash Parking'),(SELECT Id FROM Paystation WHERE SerialNumber='198219828888'),(SELECT Id FROM Location WHERE Name='Unassigned' AND CustomerId=(SELECT Id FROM Customer WHERE Name='Arash Parking')),1,'Name_198219828888','198219828888',UTC_TIMESTAMP(),0,0,0,0,UTC_TIMESTAMP(),1);INSERT POSHeartbeat (PointOfSaleId, LastHeartbeatGMT) VALUES ((SELECT Id FROM PointOfSale WHERE (CustomerID = (SELECT Id FROM Customer WHERE Name='Arash Parking') AND PaystationId=(SELECT Id FROM Paystation WHERE SerialNumber='198219828888'))),'2012-11-15 13:01:53');INSERT POSBalance (PointOfSaleId ,CollectionLockId ,ClusterId ,PrevCollectionLockId ,PrevPrevCollectionLockId ,CashAmount ,CoinCount ,CoinAmount ,BillCount ,BillAmount ,UnsettledCreditCardCount ,UnsettledCreditCardAmount ,TotalAmount ,LastCashCollectionGMT ,LastCoinCollectionGMT ,LastBillCollectionGMT ,LastCardCollectionGMT ,LastRecalcGMT  ,CollectionRecalcGMT ,CollectionRecalcTransactions ,HasRecentCollection ,IsRecalcable ,LastCollectionTypeId ,NextRecalcGMT) VALUES       ((SELECT Id FROM PointOfSale WHERE (CustomerID = (SELECT Id FROM Customer WHERE Name='Arash Parking') AND PaystationId=(SELECT Id FROM Paystation WHERE SerialNumber='198219828888'))),NULL,NULL,NULL,NULL,0,0,0,0,0,0,0,0,UTC_TIMESTAMP(),UTC_TIMESTAMP(),UTC_TIMESTAMP() ,UTC_TIMESTAMP(),UTC_TIMESTAMP(),UTC_TIMESTAMP(),0,0,0,0,UTC_TIMESTAMP());



















-- Roles

-- Custom Roles


INSERT Role (CustomerTypeId, RoleStatusTypeId, Name, IsAdmin, IsLocked, ClonedRoleId, VERSION, LastModifiedGMT, LastModifiedByUserId) VALUES (3, 1, 'Collections', 0, 0, null, 0, UTC_TIMESTAMP(), 1) ;INSERT CustomerRole (CustomerId, RoleId, VERSION, LastModifiedGMT, LastModifiedByUserId) VALUES ( (SELECT Id FROM Customer WHERE Name='Arash Parking'), (SELECT LAST_INSERT_ID()), 0, UTC_TIMESTAMP(), 1);
INSERT Role (CustomerTypeId, RoleStatusTypeId, Name, IsAdmin, IsLocked, ClonedRoleId, VERSION, LastModifiedGMT, LastModifiedByUserId) VALUES (3, 1, 'Maintenance', 0, 0, null, 0, UTC_TIMESTAMP(), 1) ;INSERT CustomerRole (CustomerId, RoleId, VERSION, LastModifiedGMT, LastModifiedByUserId) VALUES ( (SELECT Id FROM Customer WHERE Name='Arash Parking'), (SELECT LAST_INSERT_ID()), 0, UTC_TIMESTAMP(), 1);

-- Permissions




INSERT RolePermission (RoleId, PermissionId, VERSION, LastModifiedGMT, LastModifiedByUserId) VALUES ( (SELECT r.Id FROM Role r, CustomerRole c WHERE c.RoleID=r.Id AND c.CustomerId=(SELECT Id FROM Customer WHERE Name='Arash Parking') AND r.Name='Collections'), 201, 0, UTC_TIMESTAMP(), 1);INSERT RolePermission (RoleId, PermissionId, VERSION, LastModifiedGMT, LastModifiedByUserId) VALUES ( (SELECT r.Id FROM Role r, CustomerRole c WHERE c.RoleID=r.Id AND c.CustomerId=(SELECT Id FROM Customer WHERE Name='Arash Parking') AND r.Name='Maintenance'), 201, 0, UTC_TIMESTAMP(), 1);

INSERT RolePermission (RoleId, PermissionId, VERSION, LastModifiedGMT, LastModifiedByUserId) VALUES ( (SELECT r.Id FROM Role r, CustomerRole c WHERE c.RoleID=r.Id AND c.CustomerId=(SELECT Id FROM Customer WHERE Name='Arash Parking') AND r.Name='Collections'), 300, 0, UTC_TIMESTAMP(), 1);
INSERT RolePermission (RoleId, PermissionId, VERSION, LastModifiedGMT, LastModifiedByUserId) VALUES ( (SELECT r.Id FROM Role r, CustomerRole c WHERE c.RoleID=r.Id AND c.CustomerId=(SELECT Id FROM Customer WHERE Name='Arash Parking') AND r.Name='Collections'), 301, 0, UTC_TIMESTAMP(), 1);























































-- User Accounts

INSERT CustomerEmail (CustomerId, Email, VERSION, LastModifiedGMT, LastModifiedByUserId) VALUES ( (SELECT Id FROM Customer WHERE Name='Arash Parking'),'arash.taheri@digitalpaytech.com', 0, UTC_TIMESTAMP(), 1);INSERT UserAccount (CustomerId, UserStatusTypeId, UserName, CustomerEmailId, FirstName, LastName, Password, PasswordSalt, IsPasswordTemporary, VERSION, LastModifiedGMT, LastModifiedByUserId) VALUES ( (SELECT Id FROM Customer WHERE Name='Arash Parking'), 1, 'Arash+Customer+1+Admin', (SELECT Id FROM CustomerEmail WHERE Email='arash.taheri@digitalpaytech.com'), 'Arash', 'Taheri', '1e9a106ae96e7efe83ba4a5aad1911be42a7bcbe', 'salt', 1, 0, UTC_TIMESTAMP(), 1);INSERT UserDefaultDashboard (UserAccountId, IsDefaultDashboard, VERSION, LastModifiedGMT, LastModifiedByUserId) VALUES ((SELECT Id FROM UserAccount WHERE Username='Arash+Customer+1+Admin'), 1, 0, UTC_TIMESTAMP(), 1);INSERT UserRole (UserAccountId, RoleId, VERSION, LastModifiedGMT, LastModifiedByUserId) VALUES ((SELECT Id FROM UserAccount WHERE Username='Arash+Customer+1+Admin'), 2, 0, UTC_TIMESTAMP(), 1);
INSERT CustomerEmail (CustomerId, Email, VERSION, LastModifiedGMT, LastModifiedByUserId) VALUES ( (SELECT Id FROM Customer WHERE Name='Arash Parking'),'arash.taheri1@digitalpaytech.com', 0, UTC_TIMESTAMP(), 1);INSERT UserAccount (CustomerId, UserStatusTypeId, UserName, CustomerEmailId, FirstName, LastName, Password, PasswordSalt, IsPasswordTemporary, VERSION, LastModifiedGMT, LastModifiedByUserId) VALUES ( (SELECT Id FROM Customer WHERE Name='Arash Parking'), 1, 'Arash+Customer+1+Maint', (SELECT Id FROM CustomerEmail WHERE Email='arash.taheri1@digitalpaytech.com'), 'Maint', 'Taheri', '1e9a106ae96e7efe83ba4a5aad1911be42a7bcbe', 'salt', 1, 0, UTC_TIMESTAMP(), 1);INSERT UserDefaultDashboard (UserAccountId, IsDefaultDashboard, VERSION, LastModifiedGMT, LastModifiedByUserId) VALUES ((SELECT Id FROM UserAccount WHERE Username='Arash+Customer+1+Maint'), 1, 0, UTC_TIMESTAMP(), 1);INSERT UserRole (UserAccountId, RoleId, VERSION, LastModifiedGMT, LastModifiedByUserId) VALUES ((SELECT Id FROM UserAccount WHERE Username='Arash+Customer+1+Maint'), 3, 0, UTC_TIMESTAMP(), 1);
INSERT CustomerEmail (CustomerId, Email, VERSION, LastModifiedGMT, LastModifiedByUserId) VALUES ( (SELECT Id FROM Customer WHERE Name='Arash Parking'),'arash.taheri2@digitalpaytech.com', 0, UTC_TIMESTAMP(), 1);INSERT UserAccount (CustomerId, UserStatusTypeId, UserName, CustomerEmailId, FirstName, LastName, Password, PasswordSalt, IsPasswordTemporary, VERSION, LastModifiedGMT, LastModifiedByUserId) VALUES ( (SELECT Id FROM Customer WHERE Name='Arash Parking'), 1, 'Arash+Customer+1+Coll', (SELECT Id FROM CustomerEmail WHERE Email='arash.taheri2@digitalpaytech.com'), 'Coll', 'Taheri', '1e9a106ae96e7efe83ba4a5aad1911be42a7bcbe', 'salt', 1, 0, UTC_TIMESTAMP(), 1);INSERT UserDefaultDashboard (UserAccountId, IsDefaultDashboard, VERSION, LastModifiedGMT, LastModifiedByUserId) VALUES ((SELECT Id FROM UserAccount WHERE Username='Arash+Customer+1+Coll'), 1, 0, UTC_TIMESTAMP(), 1);INSERT UserRole (UserAccountId, RoleId, VERSION, LastModifiedGMT, LastModifiedByUserId) VALUES ((SELECT Id FROM UserAccount WHERE Username='Arash+Customer+1+Coll'), (SELECT r.Id FROM Role r, CustomerRole c WHERE c.RoleID=r.Id AND c.CustomerId=(SELECT Id FROM Customer WHERE Name='Arash Parking') AND r.Name='Collections'), 0, UTC_TIMESTAMP(), 1);
INSERT CustomerEmail (CustomerId, Email, VERSION, LastModifiedGMT, LastModifiedByUserId) VALUES ( (SELECT Id FROM Customer WHERE Name='Arash Parking'),'arash.taheri3@digitalpaytech.com', 0, UTC_TIMESTAMP(), 1);INSERT UserAccount (CustomerId, UserStatusTypeId, UserName, CustomerEmailId, FirstName, LastName, Password, PasswordSalt, IsPasswordTemporary, VERSION, LastModifiedGMT, LastModifiedByUserId) VALUES ( (SELECT Id FROM Customer WHERE Name='Arash Parking'), 1, 'Arash+Customer+1+Enf', (SELECT Id FROM CustomerEmail WHERE Email='arash.taheri3@digitalpaytech.com'), 'Enf', 'Taheri', '1e9a106ae96e7efe83ba4a5aad1911be42a7bcbe', 'salt', 1, 0, UTC_TIMESTAMP(), 1);INSERT UserDefaultDashboard (UserAccountId, IsDefaultDashboard, VERSION, LastModifiedGMT, LastModifiedByUserId) VALUES ((SELECT Id FROM UserAccount WHERE Username='Arash+Customer+1+Enf'), 1, 0, UTC_TIMESTAMP(), 1);INSERT UserRole (UserAccountId, RoleId, VERSION, LastModifiedGMT, LastModifiedByUserId) VALUES ((SELECT Id FROM UserAccount WHERE Username='Arash+Customer+1+Enf'), (SELECT r.Id FROM Role r, CustomerRole c WHERE c.RoleID=r.Id AND c.CustomerId=(SELECT Id FROM Customer WHERE Name='Arash Parking') AND r.Name='Maintenance'), 0, UTC_TIMESTAMP(), 1);



-- *** Arash Parent Company ***
-- Customer
INSERT Customer (CustomerTypeId, CustomerStatusTypeId, ParentCustomerId, Name, IsParent, VERSION, LastModifiedGMT, LastModifiedByUserId) VALUES (2, 1, NULL, 'Arash Parent Company', 1, 0, UTC_TIMESTAMP(), 1);


INSERT CustomerAgreement (CustomerId, ServiceAgreementId, Name, Title, Organization, AgreedGMT, IsOverride, VERSION, LastModifiedGMT, LastModifiedByUserId) VALUES ((SELECT Id From Customer WHERE Name='Arash Parent Company'), 1, 'Arash Taheri','Quality Assurance','Arash Parent Company','1900-01-00',1,1,UTC_TIMESTAMP(), 1); 






-- Subscribed Services
INSERT CustomerSubscription (CustomerId, SubscriptionTypeId, IsEnabled, VERSION, LastModifiedGMT, LastModifiedByUserId) VALUES ( (SELECT ID From Customer WHERE Name='Arash Parent Company'), 100, 1, 0, UTC_TIMESTAMP(), 1);
INSERT CustomerSubscription (CustomerId, SubscriptionTypeId, IsEnabled, VERSION, LastModifiedGMT, LastModifiedByUserId) VALUES ( (SELECT ID From Customer WHERE Name='Arash Parent Company'), 200, 1, 0, UTC_TIMESTAMP(), 1);
INSERT CustomerSubscription (CustomerId, SubscriptionTypeId, IsEnabled, VERSION, LastModifiedGMT, LastModifiedByUserId) VALUES ( (SELECT ID From Customer WHERE Name='Arash Parent Company'), 300, 1, 0, UTC_TIMESTAMP(), 1);
INSERT CustomerSubscription (CustomerId, SubscriptionTypeId, IsEnabled, VERSION, LastModifiedGMT, LastModifiedByUserId) VALUES ( (SELECT ID From Customer WHERE Name='Arash Parent Company'), 400, 1, 0, UTC_TIMESTAMP(), 1);
INSERT CustomerSubscription (CustomerId, SubscriptionTypeId, IsEnabled, VERSION, LastModifiedGMT, LastModifiedByUserId) VALUES ( (SELECT ID From Customer WHERE Name='Arash Parent Company'), 500, 1, 0, UTC_TIMESTAMP(), 1);
INSERT CustomerSubscription (CustomerId, SubscriptionTypeId, IsEnabled, VERSION, LastModifiedGMT, LastModifiedByUserId) VALUES ( (SELECT ID From Customer WHERE Name='Arash Parent Company'), 600, 1, 0, UTC_TIMESTAMP(), 1);
INSERT CustomerSubscription (CustomerId, SubscriptionTypeId, IsEnabled, VERSION, LastModifiedGMT, LastModifiedByUserId) VALUES ( (SELECT ID From Customer WHERE Name='Arash Parent Company'), 700, 1, 0, UTC_TIMESTAMP(), 1);
INSERT CustomerSubscription (CustomerId, SubscriptionTypeId, IsEnabled, VERSION, LastModifiedGMT, LastModifiedByUserId) VALUES ( (SELECT ID From Customer WHERE Name='Arash Parent Company'), 800, 1, 0, UTC_TIMESTAMP(), 1);
INSERT CustomerSubscription (CustomerId, SubscriptionTypeId, IsEnabled, VERSION, LastModifiedGMT, LastModifiedByUserId) VALUES ( (SELECT ID From Customer WHERE Name='Arash Parent Company'), 900, 1, 0, UTC_TIMESTAMP(), 1);
INSERT CustomerSubscription (CustomerId, SubscriptionTypeId, IsEnabled, VERSION, LastModifiedGMT, LastModifiedByUserId) VALUES ( (SELECT ID From Customer WHERE Name='Arash Parent Company'), 1000, 1, 0, UTC_TIMESTAMP(), 1);
INSERT CustomerSubscription (CustomerId, SubscriptionTypeId, IsEnabled, VERSION, LastModifiedGMT, LastModifiedByUserId) VALUES ( (SELECT ID From Customer WHERE Name='Arash Parent Company'), 1100, 1, 0, UTC_TIMESTAMP(), 1);
INSERT CustomerSubscription (CustomerId, SubscriptionTypeId, IsEnabled, VERSION, LastModifiedGMT, LastModifiedByUserId) VALUES ( (SELECT ID From Customer WHERE Name='Arash Parent Company'), 1200, 1, 0, UTC_TIMESTAMP(), 1);
INSERT CustomerSubscription (CustomerId, SubscriptionTypeId, IsEnabled, VERSION, LastModifiedGMT, LastModifiedByUserId) VALUES ( (SELECT ID From Customer WHERE Name='Arash Parent Company'), 1600, 1, 0, UTC_TIMESTAMP(), 1);

-- Customer Properties
INSERT CustomerProperty (CustomerId,CustomerPropertyTypeId,PropertyValue,VERSION,LastModifiedGMT,LastModifiedByUserId) VALUES ( (SELECT ID From Customer WHERE Name='Arash Parent Company'), 1, 'US/Pacific' , 0,UTC_TIMESTAMP(),1 );
INSERT CustomerProperty (CustomerId,CustomerPropertyTypeId,PropertyValue,VERSION,LastModifiedGMT,LastModifiedByUserId) VALUES ( (SELECT ID From Customer WHERE Name='Arash Parent Company'), 2, 'Customer' , 0,UTC_TIMESTAMP(),1 );
INSERT CustomerProperty (CustomerId,CustomerPropertyTypeId,PropertyValue,VERSION,LastModifiedGMT,LastModifiedByUserId) VALUES ( (SELECT ID From Customer WHERE Name='Arash Parent Company'), 3, '6' , 0,UTC_TIMESTAMP(),1 );
INSERT CustomerProperty (CustomerId,CustomerPropertyTypeId,PropertyValue,VERSION,LastModifiedGMT,LastModifiedByUserId) VALUES ( (SELECT ID From Customer WHERE Name='Arash Parent Company'), 4, '3' , 0,UTC_TIMESTAMP(),1 );
INSERT CustomerProperty (CustomerId,CustomerPropertyTypeId,PropertyValue,VERSION,LastModifiedGMT,LastModifiedByUserId) VALUES ( (SELECT ID From Customer WHERE Name='Arash Parent Company'), 5, '3' , 0,UTC_TIMESTAMP(),1 );
INSERT CustomerProperty (CustomerId,CustomerPropertyTypeId,PropertyValue,VERSION,LastModifiedGMT,LastModifiedByUserId) VALUES ( (SELECT ID From Customer WHERE Name='Arash Parent Company'), 6, '58' , 0,UTC_TIMESTAMP(),1 );
INSERT CustomerProperty (CustomerId,CustomerPropertyTypeId,PropertyValue,VERSION,LastModifiedGMT,LastModifiedByUserId) VALUES ( (SELECT ID From Customer WHERE Name='Arash Parent Company'), 7, '2' , 0,UTC_TIMESTAMP(),1 );
INSERT CustomerProperty (CustomerId,CustomerPropertyTypeId,PropertyValue,VERSION,LastModifiedGMT,LastModifiedByUserId) VALUES ( (SELECT ID From Customer WHERE Name='Arash Parent Company'), 8, 'no' , 0,UTC_TIMESTAMP(),1 );
INSERT CustomerProperty (CustomerId,CustomerPropertyTypeId,PropertyValue,VERSION,LastModifiedGMT,LastModifiedByUserId) VALUES ( (SELECT ID From Customer WHERE Name='Arash Parent Company'), 9, '47.615777' , 0,UTC_TIMESTAMP(),1 );
INSERT CustomerProperty (CustomerId,CustomerPropertyTypeId,PropertyValue,VERSION,LastModifiedGMT,LastModifiedByUserId) VALUES ( (SELECT ID From Customer WHERE Name='Arash Parent Company'), 10, '-122.204947' , 0,UTC_TIMESTAMP(),1 );

-- Locations


INSERT Location (CustomerId,ParentLocationId,Name,NumberOfSpaces,TargetMonthlyRevenue,Description,IsParent,IsUnassigned,IsDeleted,VERSION,LastModifiedGMT,LastModifiedByUserId) VALUES ((SELECT ID From Customer WHERE Name='Arash Parent Company'),  NULL, 'Unassigned',0,15000,NULL,0,1,0,0,UTC_TIMESTAMP(),1);CALL sp_InsertLocationDayAndOpen( (SELECT Id From Location WHERE Name='Unassigned' AND CustomerId=(SELECT Id From Customer WHERE Name='Arash Parent Company')), 1, 0,95,0,0);CALL sp_InsertLocationDayAndOpen( (SELECT Id From Location WHERE Name='Unassigned' AND CustomerId=(SELECT Id From Customer WHERE Name='Arash Parent Company')), 2, 0,95,0,0);CALL sp_InsertLocationDayAndOpen( (SELECT Id From Location WHERE Name='Unassigned' AND CustomerId=(SELECT Id From Customer WHERE Name='Arash Parent Company')), 3, 0,95,0,0);CALL sp_InsertLocationDayAndOpen( (SELECT Id From Location WHERE Name='Unassigned' AND CustomerId=(SELECT Id From Customer WHERE Name='Arash Parent Company')), 4, 0,95,0,0);CALL sp_InsertLocationDayAndOpen( (SELECT Id From Location WHERE Name='Unassigned' AND CustomerId=(SELECT Id From Customer WHERE Name='Arash Parent Company')), 5, 0,95,0,0);CALL sp_InsertLocationDayAndOpen( (SELECT Id From Location WHERE Name='Unassigned' AND CustomerId=(SELECT Id From Customer WHERE Name='Arash Parent Company')), 6, 0,95,0,0);CALL sp_InsertLocationDayAndOpen( (SELECT Id From Location WHERE Name='Unassigned' AND CustomerId=(SELECT Id From Customer WHERE Name='Arash Parent Company')), 7, 0,95,0,0);




-- Pay Stations





















-- Roles

-- Custom Roles

INSERT Role (CustomerTypeId, RoleStatusTypeId, Name, IsAdmin, IsLocked, ClonedRoleId, VERSION, LastModifiedGMT, LastModifiedByUserId) VALUES (2, 1, 'Finance', 0, 0, null, 0, UTC_TIMESTAMP(), 1) ;INSERT CustomerRole (CustomerId, RoleId, VERSION, LastModifiedGMT, LastModifiedByUserId) VALUES ( (SELECT Id FROM Customer WHERE Name='Arash Parent Company'), (SELECT LAST_INSERT_ID()), 0, UTC_TIMESTAMP(), 1);
INSERT Role (CustomerTypeId, RoleStatusTypeId, Name, IsAdmin, IsLocked, ClonedRoleId, VERSION, LastModifiedGMT, LastModifiedByUserId) VALUES (2, 1, 'Collections', 0, 0, null, 0, UTC_TIMESTAMP(), 1) ;INSERT CustomerRole (CustomerId, RoleId, VERSION, LastModifiedGMT, LastModifiedByUserId) VALUES ( (SELECT Id FROM Customer WHERE Name='Arash Parent Company'), (SELECT LAST_INSERT_ID()), 0, UTC_TIMESTAMP(), 1);
INSERT Role (CustomerTypeId, RoleStatusTypeId, Name, IsAdmin, IsLocked, ClonedRoleId, VERSION, LastModifiedGMT, LastModifiedByUserId) VALUES (2, 1, 'Maintenance', 0, 0, null, 0, UTC_TIMESTAMP(), 1) ;INSERT CustomerRole (CustomerId, RoleId, VERSION, LastModifiedGMT, LastModifiedByUserId) VALUES ( (SELECT Id FROM Customer WHERE Name='Arash Parent Company'), (SELECT LAST_INSERT_ID()), 0, UTC_TIMESTAMP(), 1);
INSERT Role (CustomerTypeId, RoleStatusTypeId, Name, IsAdmin, IsLocked, ClonedRoleId, VERSION, LastModifiedGMT, LastModifiedByUserId) VALUES (2, 1, 'Enforcement', 0, 0, null, 0, UTC_TIMESTAMP(), 1) ;INSERT CustomerRole (CustomerId, RoleId, VERSION, LastModifiedGMT, LastModifiedByUserId) VALUES ( (SELECT Id FROM Customer WHERE Name='Arash Parent Company'), (SELECT LAST_INSERT_ID()), 0, UTC_TIMESTAMP(), 1);
INSERT Role (CustomerTypeId, RoleStatusTypeId, Name, IsAdmin, IsLocked, ClonedRoleId, VERSION, LastModifiedGMT, LastModifiedByUserId) VALUES (2, 1, 'Other', 0, 0, null, 0, UTC_TIMESTAMP(), 1) ;INSERT CustomerRole (CustomerId, RoleId, VERSION, LastModifiedGMT, LastModifiedByUserId) VALUES ( (SELECT Id FROM Customer WHERE Name='Arash Parent Company'), (SELECT LAST_INSERT_ID()), 0, UTC_TIMESTAMP(), 1);
-- Permissions


INSERT RolePermission (RoleId, PermissionId, VERSION, LastModifiedGMT, LastModifiedByUserId) VALUES ( (SELECT r.Id FROM Role r, CustomerRole c WHERE c.RoleID=r.Id AND c.CustomerId=(SELECT Id FROM Customer WHERE Name='Arash Parent Company') AND r.Name='Finance'), 100, 0, UTC_TIMESTAMP(), 1);
INSERT RolePermission (RoleId, PermissionId, VERSION, LastModifiedGMT, LastModifiedByUserId) VALUES ( (SELECT r.Id FROM Role r, CustomerRole c WHERE c.RoleID=r.Id AND c.CustomerId=(SELECT Id FROM Customer WHERE Name='Arash Parent Company') AND r.Name='Finance'), 200, 0, UTC_TIMESTAMP(), 1);
INSERT RolePermission (RoleId, PermissionId, VERSION, LastModifiedGMT, LastModifiedByUserId) VALUES ( (SELECT r.Id FROM Role r, CustomerRole c WHERE c.RoleID=r.Id AND c.CustomerId=(SELECT Id FROM Customer WHERE Name='Arash Parent Company') AND r.Name='Finance'), 201, 0, UTC_TIMESTAMP(), 1);INSERT RolePermission (RoleId, PermissionId, VERSION, LastModifiedGMT, LastModifiedByUserId) VALUES ( (SELECT r.Id FROM Role r, CustomerRole c WHERE c.RoleID=r.Id AND c.CustomerId=(SELECT Id FROM Customer WHERE Name='Arash Parent Company') AND r.Name='Collections'), 201, 0, UTC_TIMESTAMP(), 1);INSERT RolePermission (RoleId, PermissionId, VERSION, LastModifiedGMT, LastModifiedByUserId) VALUES ( (SELECT r.Id FROM Role r, CustomerRole c WHERE c.RoleID=r.Id AND c.CustomerId=(SELECT Id FROM Customer WHERE Name='Arash Parent Company') AND r.Name='Maintenance'), 201, 0, UTC_TIMESTAMP(), 1);
INSERT RolePermission (RoleId, PermissionId, VERSION, LastModifiedGMT, LastModifiedByUserId) VALUES ( (SELECT r.Id FROM Role r, CustomerRole c WHERE c.RoleID=r.Id AND c.CustomerId=(SELECT Id FROM Customer WHERE Name='Arash Parent Company') AND r.Name='Finance'), 202, 0, UTC_TIMESTAMP(), 1);
INSERT RolePermission (RoleId, PermissionId, VERSION, LastModifiedGMT, LastModifiedByUserId) VALUES ( (SELECT r.Id FROM Role r, CustomerRole c WHERE c.RoleID=r.Id AND c.CustomerId=(SELECT Id FROM Customer WHERE Name='Arash Parent Company') AND r.Name='Finance'), 300, 0, UTC_TIMESTAMP(), 1);INSERT RolePermission (RoleId, PermissionId, VERSION, LastModifiedGMT, LastModifiedByUserId) VALUES ( (SELECT r.Id FROM Role r, CustomerRole c WHERE c.RoleID=r.Id AND c.CustomerId=(SELECT Id FROM Customer WHERE Name='Arash Parent Company') AND r.Name='Collections'), 300, 0, UTC_TIMESTAMP(), 1);
INSERT RolePermission (RoleId, PermissionId, VERSION, LastModifiedGMT, LastModifiedByUserId) VALUES ( (SELECT r.Id FROM Role r, CustomerRole c WHERE c.RoleID=r.Id AND c.CustomerId=(SELECT Id FROM Customer WHERE Name='Arash Parent Company') AND r.Name='Finance'), 301, 0, UTC_TIMESTAMP(), 1);INSERT RolePermission (RoleId, PermissionId, VERSION, LastModifiedGMT, LastModifiedByUserId) VALUES ( (SELECT r.Id FROM Role r, CustomerRole c WHERE c.RoleID=r.Id AND c.CustomerId=(SELECT Id FROM Customer WHERE Name='Arash Parent Company') AND r.Name='Collections'), 301, 0, UTC_TIMESTAMP(), 1);
INSERT RolePermission (RoleId, PermissionId, VERSION, LastModifiedGMT, LastModifiedByUserId) VALUES ( (SELECT r.Id FROM Role r, CustomerRole c WHERE c.RoleID=r.Id AND c.CustomerId=(SELECT Id FROM Customer WHERE Name='Arash Parent Company') AND r.Name='Finance'), 400, 0, UTC_TIMESTAMP(), 1);
INSERT RolePermission (RoleId, PermissionId, VERSION, LastModifiedGMT, LastModifiedByUserId) VALUES ( (SELECT r.Id FROM Role r, CustomerRole c WHERE c.RoleID=r.Id AND c.CustomerId=(SELECT Id FROM Customer WHERE Name='Arash Parent Company') AND r.Name='Finance'), 401, 0, UTC_TIMESTAMP(), 1);
INSERT RolePermission (RoleId, PermissionId, VERSION, LastModifiedGMT, LastModifiedByUserId) VALUES ( (SELECT r.Id FROM Role r, CustomerRole c WHERE c.RoleID=r.Id AND c.CustomerId=(SELECT Id FROM Customer WHERE Name='Arash Parent Company') AND r.Name='Finance'), 402, 0, UTC_TIMESTAMP(), 1);
INSERT RolePermission (RoleId, PermissionId, VERSION, LastModifiedGMT, LastModifiedByUserId) VALUES ( (SELECT r.Id FROM Role r, CustomerRole c WHERE c.RoleID=r.Id AND c.CustomerId=(SELECT Id FROM Customer WHERE Name='Arash Parent Company') AND r.Name='Finance'), 403, 0, UTC_TIMESTAMP(), 1);
INSERT RolePermission (RoleId, PermissionId, VERSION, LastModifiedGMT, LastModifiedByUserId) VALUES ( (SELECT r.Id FROM Role r, CustomerRole c WHERE c.RoleID=r.Id AND c.CustomerId=(SELECT Id FROM Customer WHERE Name='Arash Parent Company') AND r.Name='Finance'), 404, 0, UTC_TIMESTAMP(), 1);
INSERT RolePermission (RoleId, PermissionId, VERSION, LastModifiedGMT, LastModifiedByUserId) VALUES ( (SELECT r.Id FROM Role r, CustomerRole c WHERE c.RoleID=r.Id AND c.CustomerId=(SELECT Id FROM Customer WHERE Name='Arash Parent Company') AND r.Name='Finance'), 405, 0, UTC_TIMESTAMP(), 1);
INSERT RolePermission (RoleId, PermissionId, VERSION, LastModifiedGMT, LastModifiedByUserId) VALUES ( (SELECT r.Id FROM Role r, CustomerRole c WHERE c.RoleID=r.Id AND c.CustomerId=(SELECT Id FROM Customer WHERE Name='Arash Parent Company') AND r.Name='Finance'), 406, 0, UTC_TIMESTAMP(), 1);
INSERT RolePermission (RoleId, PermissionId, VERSION, LastModifiedGMT, LastModifiedByUserId) VALUES ( (SELECT r.Id FROM Role r, CustomerRole c WHERE c.RoleID=r.Id AND c.CustomerId=(SELECT Id FROM Customer WHERE Name='Arash Parent Company') AND r.Name='Finance'), 407, 0, UTC_TIMESTAMP(), 1);
INSERT RolePermission (RoleId, PermissionId, VERSION, LastModifiedGMT, LastModifiedByUserId) VALUES ( (SELECT r.Id FROM Role r, CustomerRole c WHERE c.RoleID=r.Id AND c.CustomerId=(SELECT Id FROM Customer WHERE Name='Arash Parent Company') AND r.Name='Finance'), 408, 0, UTC_TIMESTAMP(), 1);
INSERT RolePermission (RoleId, PermissionId, VERSION, LastModifiedGMT, LastModifiedByUserId) VALUES ( (SELECT r.Id FROM Role r, CustomerRole c WHERE c.RoleID=r.Id AND c.CustomerId=(SELECT Id FROM Customer WHERE Name='Arash Parent Company') AND r.Name='Finance'), 500, 0, UTC_TIMESTAMP(), 1);
INSERT RolePermission (RoleId, PermissionId, VERSION, LastModifiedGMT, LastModifiedByUserId) VALUES ( (SELECT r.Id FROM Role r, CustomerRole c WHERE c.RoleID=r.Id AND c.CustomerId=(SELECT Id FROM Customer WHERE Name='Arash Parent Company') AND r.Name='Finance'), 501, 0, UTC_TIMESTAMP(), 1);
INSERT RolePermission (RoleId, PermissionId, VERSION, LastModifiedGMT, LastModifiedByUserId) VALUES ( (SELECT r.Id FROM Role r, CustomerRole c WHERE c.RoleID=r.Id AND c.CustomerId=(SELECT Id FROM Customer WHERE Name='Arash Parent Company') AND r.Name='Finance'), 502, 0, UTC_TIMESTAMP(), 1);
INSERT RolePermission (RoleId, PermissionId, VERSION, LastModifiedGMT, LastModifiedByUserId) VALUES ( (SELECT r.Id FROM Role r, CustomerRole c WHERE c.RoleID=r.Id AND c.CustomerId=(SELECT Id FROM Customer WHERE Name='Arash Parent Company') AND r.Name='Finance'), 503, 0, UTC_TIMESTAMP(), 1);
INSERT RolePermission (RoleId, PermissionId, VERSION, LastModifiedGMT, LastModifiedByUserId) VALUES ( (SELECT r.Id FROM Role r, CustomerRole c WHERE c.RoleID=r.Id AND c.CustomerId=(SELECT Id FROM Customer WHERE Name='Arash Parent Company') AND r.Name='Finance'), 504, 0, UTC_TIMESTAMP(), 1);
INSERT RolePermission (RoleId, PermissionId, VERSION, LastModifiedGMT, LastModifiedByUserId) VALUES ( (SELECT r.Id FROM Role r, CustomerRole c WHERE c.RoleID=r.Id AND c.CustomerId=(SELECT Id FROM Customer WHERE Name='Arash Parent Company') AND r.Name='Finance'), 505, 0, UTC_TIMESTAMP(), 1);
INSERT RolePermission (RoleId, PermissionId, VERSION, LastModifiedGMT, LastModifiedByUserId) VALUES ( (SELECT r.Id FROM Role r, CustomerRole c WHERE c.RoleID=r.Id AND c.CustomerId=(SELECT Id FROM Customer WHERE Name='Arash Parent Company') AND r.Name='Finance'), 506, 0, UTC_TIMESTAMP(), 1);
INSERT RolePermission (RoleId, PermissionId, VERSION, LastModifiedGMT, LastModifiedByUserId) VALUES ( (SELECT r.Id FROM Role r, CustomerRole c WHERE c.RoleID=r.Id AND c.CustomerId=(SELECT Id FROM Customer WHERE Name='Arash Parent Company') AND r.Name='Finance'), 507, 0, UTC_TIMESTAMP(), 1);
INSERT RolePermission (RoleId, PermissionId, VERSION, LastModifiedGMT, LastModifiedByUserId) VALUES ( (SELECT r.Id FROM Role r, CustomerRole c WHERE c.RoleID=r.Id AND c.CustomerId=(SELECT Id FROM Customer WHERE Name='Arash Parent Company') AND r.Name='Finance'), 600, 0, UTC_TIMESTAMP(), 1);
INSERT RolePermission (RoleId, PermissionId, VERSION, LastModifiedGMT, LastModifiedByUserId) VALUES ( (SELECT r.Id FROM Role r, CustomerRole c WHERE c.RoleID=r.Id AND c.CustomerId=(SELECT Id FROM Customer WHERE Name='Arash Parent Company') AND r.Name='Finance'), 601, 0, UTC_TIMESTAMP(), 1);
INSERT RolePermission (RoleId, PermissionId, VERSION, LastModifiedGMT, LastModifiedByUserId) VALUES ( (SELECT r.Id FROM Role r, CustomerRole c WHERE c.RoleID=r.Id AND c.CustomerId=(SELECT Id FROM Customer WHERE Name='Arash Parent Company') AND r.Name='Finance'), 602, 0, UTC_TIMESTAMP(), 1);
INSERT RolePermission (RoleId, PermissionId, VERSION, LastModifiedGMT, LastModifiedByUserId) VALUES ( (SELECT r.Id FROM Role r, CustomerRole c WHERE c.RoleID=r.Id AND c.CustomerId=(SELECT Id FROM Customer WHERE Name='Arash Parent Company') AND r.Name='Finance'), 700, 0, UTC_TIMESTAMP(), 1);
INSERT RolePermission (RoleId, PermissionId, VERSION, LastModifiedGMT, LastModifiedByUserId) VALUES ( (SELECT r.Id FROM Role r, CustomerRole c WHERE c.RoleID=r.Id AND c.CustomerId=(SELECT Id FROM Customer WHERE Name='Arash Parent Company') AND r.Name='Finance'), 701, 0, UTC_TIMESTAMP(), 1);
INSERT RolePermission (RoleId, PermissionId, VERSION, LastModifiedGMT, LastModifiedByUserId) VALUES ( (SELECT r.Id FROM Role r, CustomerRole c WHERE c.RoleID=r.Id AND c.CustomerId=(SELECT Id FROM Customer WHERE Name='Arash Parent Company') AND r.Name='Finance'), 702, 0, UTC_TIMESTAMP(), 1);
INSERT RolePermission (RoleId, PermissionId, VERSION, LastModifiedGMT, LastModifiedByUserId) VALUES ( (SELECT r.Id FROM Role r, CustomerRole c WHERE c.RoleID=r.Id AND c.CustomerId=(SELECT Id FROM Customer WHERE Name='Arash Parent Company') AND r.Name='Finance'), 800, 0, UTC_TIMESTAMP(), 1);
INSERT RolePermission (RoleId, PermissionId, VERSION, LastModifiedGMT, LastModifiedByUserId) VALUES ( (SELECT r.Id FROM Role r, CustomerRole c WHERE c.RoleID=r.Id AND c.CustomerId=(SELECT Id FROM Customer WHERE Name='Arash Parent Company') AND r.Name='Finance'), 801, 0, UTC_TIMESTAMP(), 1);
INSERT RolePermission (RoleId, PermissionId, VERSION, LastModifiedGMT, LastModifiedByUserId) VALUES ( (SELECT r.Id FROM Role r, CustomerRole c WHERE c.RoleID=r.Id AND c.CustomerId=(SELECT Id FROM Customer WHERE Name='Arash Parent Company') AND r.Name='Finance'), 900, 0, UTC_TIMESTAMP(), 1);
INSERT RolePermission (RoleId, PermissionId, VERSION, LastModifiedGMT, LastModifiedByUserId) VALUES ( (SELECT r.Id FROM Role r, CustomerRole c WHERE c.RoleID=r.Id AND c.CustomerId=(SELECT Id FROM Customer WHERE Name='Arash Parent Company') AND r.Name='Finance'), 901, 0, UTC_TIMESTAMP(), 1);

INSERT RolePermission (RoleId, PermissionId, VERSION, LastModifiedGMT, LastModifiedByUserId) VALUES ( (SELECT r.Id FROM Role r, CustomerRole c WHERE c.RoleID=r.Id AND c.CustomerId=(SELECT Id FROM Customer WHERE Name='Arash Parent Company') AND r.Name='Collections'), 1001, 0, UTC_TIMESTAMP(), 1);INSERT RolePermission (RoleId, PermissionId, VERSION, LastModifiedGMT, LastModifiedByUserId) VALUES ( (SELECT r.Id FROM Role r, CustomerRole c WHERE c.RoleID=r.Id AND c.CustomerId=(SELECT Id FROM Customer WHERE Name='Arash Parent Company') AND r.Name='Maintenance'), 1001, 0, UTC_TIMESTAMP(), 1);INSERT RolePermission (RoleId, PermissionId, VERSION, LastModifiedGMT, LastModifiedByUserId) VALUES ( (SELECT r.Id FROM Role r, CustomerRole c WHERE c.RoleID=r.Id AND c.CustomerId=(SELECT Id FROM Customer WHERE Name='Arash Parent Company') AND r.Name='Enforcement'), 1001, 0, UTC_TIMESTAMP(), 1);INSERT RolePermission (RoleId, PermissionId, VERSION, LastModifiedGMT, LastModifiedByUserId) VALUES ( (SELECT r.Id FROM Role r, CustomerRole c WHERE c.RoleID=r.Id AND c.CustomerId=(SELECT Id FROM Customer WHERE Name='Arash Parent Company') AND r.Name='Other'), 1001, 0, UTC_TIMESTAMP(), 1);

INSERT RolePermission (RoleId, PermissionId, VERSION, LastModifiedGMT, LastModifiedByUserId) VALUES ( (SELECT r.Id FROM Role r, CustomerRole c WHERE c.RoleID=r.Id AND c.CustomerId=(SELECT Id FROM Customer WHERE Name='Arash Parent Company') AND r.Name='Collections'), 1003, 0, UTC_TIMESTAMP(), 1);INSERT RolePermission (RoleId, PermissionId, VERSION, LastModifiedGMT, LastModifiedByUserId) VALUES ( (SELECT r.Id FROM Role r, CustomerRole c WHERE c.RoleID=r.Id AND c.CustomerId=(SELECT Id FROM Customer WHERE Name='Arash Parent Company') AND r.Name='Maintenance'), 1003, 0, UTC_TIMESTAMP(), 1);INSERT RolePermission (RoleId, PermissionId, VERSION, LastModifiedGMT, LastModifiedByUserId) VALUES ( (SELECT r.Id FROM Role r, CustomerRole c WHERE c.RoleID=r.Id AND c.CustomerId=(SELECT Id FROM Customer WHERE Name='Arash Parent Company') AND r.Name='Enforcement'), 1003, 0, UTC_TIMESTAMP(), 1);INSERT RolePermission (RoleId, PermissionId, VERSION, LastModifiedGMT, LastModifiedByUserId) VALUES ( (SELECT r.Id FROM Role r, CustomerRole c WHERE c.RoleID=r.Id AND c.CustomerId=(SELECT Id FROM Customer WHERE Name='Arash Parent Company') AND r.Name='Other'), 1003, 0, UTC_TIMESTAMP(), 1);

INSERT RolePermission (RoleId, PermissionId, VERSION, LastModifiedGMT, LastModifiedByUserId) VALUES ( (SELECT r.Id FROM Role r, CustomerRole c WHERE c.RoleID=r.Id AND c.CustomerId=(SELECT Id FROM Customer WHERE Name='Arash Parent Company') AND r.Name='Collections'), 1005, 0, UTC_TIMESTAMP(), 1);INSERT RolePermission (RoleId, PermissionId, VERSION, LastModifiedGMT, LastModifiedByUserId) VALUES ( (SELECT r.Id FROM Role r, CustomerRole c WHERE c.RoleID=r.Id AND c.CustomerId=(SELECT Id FROM Customer WHERE Name='Arash Parent Company') AND r.Name='Maintenance'), 1005, 0, UTC_TIMESTAMP(), 1);INSERT RolePermission (RoleId, PermissionId, VERSION, LastModifiedGMT, LastModifiedByUserId) VALUES ( (SELECT r.Id FROM Role r, CustomerRole c WHERE c.RoleID=r.Id AND c.CustomerId=(SELECT Id FROM Customer WHERE Name='Arash Parent Company') AND r.Name='Enforcement'), 1005, 0, UTC_TIMESTAMP(), 1);INSERT RolePermission (RoleId, PermissionId, VERSION, LastModifiedGMT, LastModifiedByUserId) VALUES ( (SELECT r.Id FROM Role r, CustomerRole c WHERE c.RoleID=r.Id AND c.CustomerId=(SELECT Id FROM Customer WHERE Name='Arash Parent Company') AND r.Name='Other'), 1005, 0, UTC_TIMESTAMP(), 1);


INSERT RolePermission (RoleId, PermissionId, VERSION, LastModifiedGMT, LastModifiedByUserId) VALUES ( (SELECT r.Id FROM Role r, CustomerRole c WHERE c.RoleID=r.Id AND c.CustomerId=(SELECT Id FROM Customer WHERE Name='Arash Parent Company') AND r.Name='Enforcement'), 1008, 0, UTC_TIMESTAMP(), 1);INSERT RolePermission (RoleId, PermissionId, VERSION, LastModifiedGMT, LastModifiedByUserId) VALUES ( (SELECT r.Id FROM Role r, CustomerRole c WHERE c.RoleID=r.Id AND c.CustomerId=(SELECT Id FROM Customer WHERE Name='Arash Parent Company') AND r.Name='Other'), 1008, 0, UTC_TIMESTAMP(), 1);



















-- User Accounts

INSERT CustomerEmail (CustomerId, Email, VERSION, LastModifiedGMT, LastModifiedByUserId) VALUES ( (SELECT Id FROM Customer WHERE Name='Arash Parent Company'),'arash.taheri4@digitalpaytech.com', 0, UTC_TIMESTAMP(), 1);INSERT UserAccount (CustomerId, UserStatusTypeId, UserName, CustomerEmailId, FirstName, LastName, Password, PasswordSalt, IsPasswordTemporary, VERSION, LastModifiedGMT, LastModifiedByUserId) VALUES ( (SELECT Id FROM Customer WHERE Name='Arash Parent Company'), 1, 'Arash+Parent+Admin', (SELECT Id FROM CustomerEmail WHERE Email='arash.taheri4@digitalpaytech.com'), 'Parent Admin', 'Admin', '1e9a106ae96e7efe83ba4a5aad1911be42a7bcbe', 'salt', 0, 0, UTC_TIMESTAMP(), 1);INSERT UserDefaultDashboard (UserAccountId, IsDefaultDashboard, VERSION, LastModifiedGMT, LastModifiedByUserId) VALUES ((SELECT Id FROM UserAccount WHERE Username='Arash+Parent+Admin'), 1, 0, UTC_TIMESTAMP(), 1);INSERT UserRole (UserAccountId, RoleId, VERSION, LastModifiedGMT, LastModifiedByUserId) VALUES ((SELECT Id FROM UserAccount WHERE Username='Arash+Parent+Admin'), 2, 0, UTC_TIMESTAMP(), 1);
INSERT CustomerEmail (CustomerId, Email, VERSION, LastModifiedGMT, LastModifiedByUserId) VALUES ( (SELECT Id FROM Customer WHERE Name='Arash Parent Company'),'arash.taheri5@digitalpaytech.com', 0, UTC_TIMESTAMP(), 1);INSERT UserAccount (CustomerId, UserStatusTypeId, UserName, CustomerEmailId, FirstName, LastName, Password, PasswordSalt, IsPasswordTemporary, VERSION, LastModifiedGMT, LastModifiedByUserId) VALUES ( (SELECT Id FROM Customer WHERE Name='Arash Parent Company'), 1, 'Arash+Parent+Collection', (SELECT Id FROM CustomerEmail WHERE Email='arash.taheri5@digitalpaytech.com'), 'Parent Non Ad Coll', 'Collection', '1e9a106ae96e7efe83ba4a5aad1911be42a7bcbe', 'salt', 0, 0, UTC_TIMESTAMP(), 1);INSERT UserDefaultDashboard (UserAccountId, IsDefaultDashboard, VERSION, LastModifiedGMT, LastModifiedByUserId) VALUES ((SELECT Id FROM UserAccount WHERE Username='Arash+Parent+Collection'), 1, 0, UTC_TIMESTAMP(), 1);INSERT UserRole (UserAccountId, RoleId, VERSION, LastModifiedGMT, LastModifiedByUserId) VALUES ((SELECT Id FROM UserAccount WHERE Username='Arash+Parent+Collection'), (SELECT r.Id FROM Role r, CustomerRole c WHERE c.RoleID=r.Id AND c.CustomerId=(SELECT Id FROM Customer WHERE Name='Arash Parent Company') AND r.Name='Collections'), 0, UTC_TIMESTAMP(), 1);
INSERT CustomerEmail (CustomerId, Email, VERSION, LastModifiedGMT, LastModifiedByUserId) VALUES ( (SELECT Id FROM Customer WHERE Name='Arash Parent Company'),'arash.taheri6@digitalpaytech.com', 0, UTC_TIMESTAMP(), 1);INSERT UserAccount (CustomerId, UserStatusTypeId, UserName, CustomerEmailId, FirstName, LastName, Password, PasswordSalt, IsPasswordTemporary, VERSION, LastModifiedGMT, LastModifiedByUserId) VALUES ( (SELECT Id FROM Customer WHERE Name='Arash Parent Company'), 1, 'Arash+Parent+Maintenance', (SELECT Id FROM CustomerEmail WHERE Email='arash.taheri6@digitalpaytech.com'), 'Parent Non Ad Maint', 'Maintenance', '1e9a106ae96e7efe83ba4a5aad1911be42a7bcbe', 'salt', 0, 0, UTC_TIMESTAMP(), 1);INSERT UserDefaultDashboard (UserAccountId, IsDefaultDashboard, VERSION, LastModifiedGMT, LastModifiedByUserId) VALUES ((SELECT Id FROM UserAccount WHERE Username='Arash+Parent+Maintenance'), 1, 0, UTC_TIMESTAMP(), 1);INSERT UserRole (UserAccountId, RoleId, VERSION, LastModifiedGMT, LastModifiedByUserId) VALUES ((SELECT Id FROM UserAccount WHERE Username='Arash+Parent+Maintenance'), (SELECT r.Id FROM Role r, CustomerRole c WHERE c.RoleID=r.Id AND c.CustomerId=(SELECT Id FROM Customer WHERE Name='Arash Parent Company') AND r.Name='Maintenance'), 0, UTC_TIMESTAMP(), 1);
INSERT CustomerEmail (CustomerId, Email, VERSION, LastModifiedGMT, LastModifiedByUserId) VALUES ( (SELECT Id FROM Customer WHERE Name='Arash Parent Company'),'arash.taheri7@digitalpaytech.com', 0, UTC_TIMESTAMP(), 1);INSERT UserAccount (CustomerId, UserStatusTypeId, UserName, CustomerEmailId, FirstName, LastName, Password, PasswordSalt, IsPasswordTemporary, VERSION, LastModifiedGMT, LastModifiedByUserId) VALUES ( (SELECT Id FROM Customer WHERE Name='Arash Parent Company'), 1, 'Arash+Parent+Finance', (SELECT Id FROM CustomerEmail WHERE Email='arash.taheri7@digitalpaytech.com'), 'Parent Non Ad Fin', 'Finance', '1e9a106ae96e7efe83ba4a5aad1911be42a7bcbe', 'salt', 0, 0, UTC_TIMESTAMP(), 1);INSERT UserDefaultDashboard (UserAccountId, IsDefaultDashboard, VERSION, LastModifiedGMT, LastModifiedByUserId) VALUES ((SELECT Id FROM UserAccount WHERE Username='Arash+Parent+Finance'), 1, 0, UTC_TIMESTAMP(), 1);INSERT UserRole (UserAccountId, RoleId, VERSION, LastModifiedGMT, LastModifiedByUserId) VALUES ((SELECT Id FROM UserAccount WHERE Username='Arash+Parent+Finance'), (SELECT r.Id FROM Role r, CustomerRole c WHERE c.RoleID=r.Id AND c.CustomerId=(SELECT Id FROM Customer WHERE Name='Arash Parent Company') AND r.Name='Finance'), 0, UTC_TIMESTAMP(), 1);
INSERT CustomerEmail (CustomerId, Email, VERSION, LastModifiedGMT, LastModifiedByUserId) VALUES ( (SELECT Id FROM Customer WHERE Name='Arash Parent Company'),'arash.taheri8@digitalpaytech.com', 0, UTC_TIMESTAMP(), 1);INSERT UserAccount (CustomerId, UserStatusTypeId, UserName, CustomerEmailId, FirstName, LastName, Password, PasswordSalt, IsPasswordTemporary, VERSION, LastModifiedGMT, LastModifiedByUserId) VALUES ( (SELECT Id FROM Customer WHERE Name='Arash Parent Company'), 1, 'Arash+Parent+Enforcement', (SELECT Id FROM CustomerEmail WHERE Email='arash.taheri8@digitalpaytech.com'), 'Parent Non Ad Enf', 'Enforcement', '1e9a106ae96e7efe83ba4a5aad1911be42a7bcbe', 'salt', 0, 0, UTC_TIMESTAMP(), 1);INSERT UserDefaultDashboard (UserAccountId, IsDefaultDashboard, VERSION, LastModifiedGMT, LastModifiedByUserId) VALUES ((SELECT Id FROM UserAccount WHERE Username='Arash+Parent+Enforcement'), 1, 0, UTC_TIMESTAMP(), 1);INSERT UserRole (UserAccountId, RoleId, VERSION, LastModifiedGMT, LastModifiedByUserId) VALUES ((SELECT Id FROM UserAccount WHERE Username='Arash+Parent+Enforcement'), (SELECT r.Id FROM Role r, CustomerRole c WHERE c.RoleID=r.Id AND c.CustomerId=(SELECT Id FROM Customer WHERE Name='Arash Parent Company') AND r.Name='Enforcement'), 0, UTC_TIMESTAMP(), 1);
INSERT CustomerEmail (CustomerId, Email, VERSION, LastModifiedGMT, LastModifiedByUserId) VALUES ( (SELECT Id FROM Customer WHERE Name='Arash Parent Company'),'arash.taheri9@digitalpaytech.com', 0, UTC_TIMESTAMP(), 1);INSERT UserAccount (CustomerId, UserStatusTypeId, UserName, CustomerEmailId, FirstName, LastName, Password, PasswordSalt, IsPasswordTemporary, VERSION, LastModifiedGMT, LastModifiedByUserId) VALUES ( (SELECT Id FROM Customer WHERE Name='Arash Parent Company'), 1, 'Arash+Parent+Other', (SELECT Id FROM CustomerEmail WHERE Email='arash.taheri9@digitalpaytech.com'), 'Parent non Ad Other', 'Other', '1e9a106ae96e7efe83ba4a5aad1911be42a7bcbe', 'salt', 0, 0, UTC_TIMESTAMP(), 1);INSERT UserDefaultDashboard (UserAccountId, IsDefaultDashboard, VERSION, LastModifiedGMT, LastModifiedByUserId) VALUES ((SELECT Id FROM UserAccount WHERE Username='Arash+Parent+Other'), 1, 0, UTC_TIMESTAMP(), 1);INSERT UserRole (UserAccountId, RoleId, VERSION, LastModifiedGMT, LastModifiedByUserId) VALUES ((SELECT Id FROM UserAccount WHERE Username='Arash+Parent+Other'), (SELECT r.Id FROM Role r, CustomerRole c WHERE c.RoleID=r.Id AND c.CustomerId=(SELECT Id FROM Customer WHERE Name='Arash Parent Company') AND r.Name='Other'), 0, UTC_TIMESTAMP(), 1);



-- *** Arash Child Company 1 ***
-- Customer
INSERT Customer (CustomerTypeId, CustomerStatusTypeId, ParentCustomerId, Name, IsParent, VERSION, LastModifiedGMT, LastModifiedByUserId) VALUES (3, 1, (SELECT Id From (SELECT * FROM Customer) AS x WHERE Name ='Arash Parent Company'), 'Arash Child Company 1', 0, 0, UTC_TIMESTAMP(), 1);


INSERT CustomerAgreement (CustomerId, ServiceAgreementId, Name, Title, Organization, AgreedGMT, IsOverride, VERSION, LastModifiedGMT, LastModifiedByUserId) VALUES ((SELECT Id From Customer WHERE Name='Arash Child Company 1'), 1, 'John Smith','QA','Arash Child Company 1','1900-01-00',1,1,UTC_TIMESTAMP(), 1); 






-- Subscribed Services
INSERT CustomerSubscription (CustomerId, SubscriptionTypeId, IsEnabled, VERSION, LastModifiedGMT, LastModifiedByUserId) VALUES ( (SELECT ID From Customer WHERE Name='Arash Child Company 1'), 100, 1, 0, UTC_TIMESTAMP(), 1);
INSERT CustomerSubscription (CustomerId, SubscriptionTypeId, IsEnabled, VERSION, LastModifiedGMT, LastModifiedByUserId) VALUES ( (SELECT ID From Customer WHERE Name='Arash Child Company 1'), 200, 1, 0, UTC_TIMESTAMP(), 1);
INSERT CustomerSubscription (CustomerId, SubscriptionTypeId, IsEnabled, VERSION, LastModifiedGMT, LastModifiedByUserId) VALUES ( (SELECT ID From Customer WHERE Name='Arash Child Company 1'), 300, 1, 0, UTC_TIMESTAMP(), 1);
INSERT CustomerSubscription (CustomerId, SubscriptionTypeId, IsEnabled, VERSION, LastModifiedGMT, LastModifiedByUserId) VALUES ( (SELECT ID From Customer WHERE Name='Arash Child Company 1'), 400, 1, 0, UTC_TIMESTAMP(), 1);
INSERT CustomerSubscription (CustomerId, SubscriptionTypeId, IsEnabled, VERSION, LastModifiedGMT, LastModifiedByUserId) VALUES ( (SELECT ID From Customer WHERE Name='Arash Child Company 1'), 500, 1, 0, UTC_TIMESTAMP(), 1);
INSERT CustomerSubscription (CustomerId, SubscriptionTypeId, IsEnabled, VERSION, LastModifiedGMT, LastModifiedByUserId) VALUES ( (SELECT ID From Customer WHERE Name='Arash Child Company 1'), 600, 1, 0, UTC_TIMESTAMP(), 1);
INSERT CustomerSubscription (CustomerId, SubscriptionTypeId, IsEnabled, VERSION, LastModifiedGMT, LastModifiedByUserId) VALUES ( (SELECT ID From Customer WHERE Name='Arash Child Company 1'), 700, 1, 0, UTC_TIMESTAMP(), 1);
INSERT CustomerSubscription (CustomerId, SubscriptionTypeId, IsEnabled, VERSION, LastModifiedGMT, LastModifiedByUserId) VALUES ( (SELECT ID From Customer WHERE Name='Arash Child Company 1'), 800, 1, 0, UTC_TIMESTAMP(), 1);
INSERT CustomerSubscription (CustomerId, SubscriptionTypeId, IsEnabled, VERSION, LastModifiedGMT, LastModifiedByUserId) VALUES ( (SELECT ID From Customer WHERE Name='Arash Child Company 1'), 900, 1, 0, UTC_TIMESTAMP(), 1);
INSERT CustomerSubscription (CustomerId, SubscriptionTypeId, IsEnabled, VERSION, LastModifiedGMT, LastModifiedByUserId) VALUES ( (SELECT ID From Customer WHERE Name='Arash Child Company 1'), 1000, 1, 0, UTC_TIMESTAMP(), 1);
INSERT CustomerSubscription (CustomerId, SubscriptionTypeId, IsEnabled, VERSION, LastModifiedGMT, LastModifiedByUserId) VALUES ( (SELECT ID From Customer WHERE Name='Arash Child Company 1'), 1100, 1, 0, UTC_TIMESTAMP(), 1);
INSERT CustomerSubscription (CustomerId, SubscriptionTypeId, IsEnabled, VERSION, LastModifiedGMT, LastModifiedByUserId) VALUES ( (SELECT ID From Customer WHERE Name='Arash Child Company 1'), 1200, 1, 0, UTC_TIMESTAMP(), 1);
INSERT CustomerSubscription (CustomerId, SubscriptionTypeId, IsEnabled, VERSION, LastModifiedGMT, LastModifiedByUserId) VALUES ( (SELECT ID From Customer WHERE Name='Arash Child Company 1'), 1600, 1, 0, UTC_TIMESTAMP(), 1);

-- Customer Properties
INSERT CustomerProperty (CustomerId,CustomerPropertyTypeId,PropertyValue,VERSION,LastModifiedGMT,LastModifiedByUserId) VALUES ( (SELECT ID From Customer WHERE Name='Arash Child Company 1'), 1, 'US/Pacific' , 0,UTC_TIMESTAMP(),1 );
INSERT CustomerProperty (CustomerId,CustomerPropertyTypeId,PropertyValue,VERSION,LastModifiedGMT,LastModifiedByUserId) VALUES ( (SELECT ID From Customer WHERE Name='Arash Child Company 1'), 2, 'Region' , 0,UTC_TIMESTAMP(),1 );
INSERT CustomerProperty (CustomerId,CustomerPropertyTypeId,PropertyValue,VERSION,LastModifiedGMT,LastModifiedByUserId) VALUES ( (SELECT ID From Customer WHERE Name='Arash Child Company 1'), 3, '6' , 0,UTC_TIMESTAMP(),1 );
INSERT CustomerProperty (CustomerId,CustomerPropertyTypeId,PropertyValue,VERSION,LastModifiedGMT,LastModifiedByUserId) VALUES ( (SELECT ID From Customer WHERE Name='Arash Child Company 1'), 4, 'on' , 0,UTC_TIMESTAMP(),1 );
INSERT CustomerProperty (CustomerId,CustomerPropertyTypeId,PropertyValue,VERSION,LastModifiedGMT,LastModifiedByUserId) VALUES ( (SELECT ID From Customer WHERE Name='Arash Child Company 1'), 5, '3' , 0,UTC_TIMESTAMP(),1 );
INSERT CustomerProperty (CustomerId,CustomerPropertyTypeId,PropertyValue,VERSION,LastModifiedGMT,LastModifiedByUserId) VALUES ( (SELECT ID From Customer WHERE Name='Arash Child Company 1'), 6, '59' , 0,UTC_TIMESTAMP(),1 );
INSERT CustomerProperty (CustomerId,CustomerPropertyTypeId,PropertyValue,VERSION,LastModifiedGMT,LastModifiedByUserId) VALUES ( (SELECT ID From Customer WHERE Name='Arash Child Company 1'), 7, '?' , 0,UTC_TIMESTAMP(),1 );
INSERT CustomerProperty (CustomerId,CustomerPropertyTypeId,PropertyValue,VERSION,LastModifiedGMT,LastModifiedByUserId) VALUES ( (SELECT ID From Customer WHERE Name='Arash Child Company 1'), 8, 'no' , 0,UTC_TIMESTAMP(),1 );
INSERT CustomerProperty (CustomerId,CustomerPropertyTypeId,PropertyValue,VERSION,LastModifiedGMT,LastModifiedByUserId) VALUES ( (SELECT ID From Customer WHERE Name='Arash Child Company 1'), 9, '49.25' , 0,UTC_TIMESTAMP(),1 );
INSERT CustomerProperty (CustomerId,CustomerPropertyTypeId,PropertyValue,VERSION,LastModifiedGMT,LastModifiedByUserId) VALUES ( (SELECT ID From Customer WHERE Name='Arash Child Company 1'), 10, '-123.133056' , 0,UTC_TIMESTAMP(),1 );

-- Locations


INSERT Location (CustomerId,ParentLocationId,Name,NumberOfSpaces,TargetMonthlyRevenue,Description,IsParent,IsUnassigned,IsDeleted,VERSION,LastModifiedGMT,LastModifiedByUserId) VALUES ((SELECT ID From Customer WHERE Name='Arash Child Company 1'),  NULL, 'Unassigned',100,15000,NULL,0,1,0,0,UTC_TIMESTAMP(),1);CALL sp_InsertLocationDayAndOpen( (SELECT Id From Location WHERE Name='Unassigned' AND CustomerId=(SELECT Id From Customer WHERE Name='Arash Child Company 1')), 1, 0,95,0,0);CALL sp_InsertLocationDayAndOpen( (SELECT Id From Location WHERE Name='Unassigned' AND CustomerId=(SELECT Id From Customer WHERE Name='Arash Child Company 1')), 2, 0,95,0,0);CALL sp_InsertLocationDayAndOpen( (SELECT Id From Location WHERE Name='Unassigned' AND CustomerId=(SELECT Id From Customer WHERE Name='Arash Child Company 1')), 3, 0,95,0,0);CALL sp_InsertLocationDayAndOpen( (SELECT Id From Location WHERE Name='Unassigned' AND CustomerId=(SELECT Id From Customer WHERE Name='Arash Child Company 1')), 4, 0,95,0,0);CALL sp_InsertLocationDayAndOpen( (SELECT Id From Location WHERE Name='Unassigned' AND CustomerId=(SELECT Id From Customer WHERE Name='Arash Child Company 1')), 5, 0,95,0,0);CALL sp_InsertLocationDayAndOpen( (SELECT Id From Location WHERE Name='Unassigned' AND CustomerId=(SELECT Id From Customer WHERE Name='Arash Child Company 1')), 6, 0,95,0,0);CALL sp_InsertLocationDayAndOpen( (SELECT Id From Location WHERE Name='Unassigned' AND CustomerId=(SELECT Id From Customer WHERE Name='Arash Child Company 1')), 7, 0,95,0,0);
INSERT Location (CustomerId,ParentLocationId,Name,NumberOfSpaces,TargetMonthlyRevenue,Description,IsParent,IsUnassigned,IsDeleted,VERSION,LastModifiedGMT,LastModifiedByUserId) VALUES ((SELECT ID From Customer WHERE Name='Arash Child Company 1'),  NULL, 'Empty Region',10,15000,'Region Without Paystations',0,0,0,0,UTC_TIMESTAMP(),1);CALL sp_InsertLocationDayAndOpen( (SELECT Id From Location WHERE Name='Empty Region' AND CustomerId=(SELECT Id From Customer WHERE Name='Arash Child Company 1')), 1, 0,95,0,0);CALL sp_InsertLocationDayAndOpen( (SELECT Id From Location WHERE Name='Empty Region' AND CustomerId=(SELECT Id From Customer WHERE Name='Arash Child Company 1')), 2, 0,95,0,0);CALL sp_InsertLocationDayAndOpen( (SELECT Id From Location WHERE Name='Empty Region' AND CustomerId=(SELECT Id From Customer WHERE Name='Arash Child Company 1')), 3, 0,95,0,0);CALL sp_InsertLocationDayAndOpen( (SELECT Id From Location WHERE Name='Empty Region' AND CustomerId=(SELECT Id From Customer WHERE Name='Arash Child Company 1')), 4, 0,95,0,0);CALL sp_InsertLocationDayAndOpen( (SELECT Id From Location WHERE Name='Empty Region' AND CustomerId=(SELECT Id From Customer WHERE Name='Arash Child Company 1')), 5, 0,95,0,0);CALL sp_InsertLocationDayAndOpen( (SELECT Id From Location WHERE Name='Empty Region' AND CustomerId=(SELECT Id From Customer WHERE Name='Arash Child Company 1')), 6, 0,95,0,0);CALL sp_InsertLocationDayAndOpen( (SELECT Id From Location WHERE Name='Empty Region' AND CustomerId=(SELECT Id From Customer WHERE Name='Arash Child Company 1')), 7, 0,95,0,0);
INSERT Location (CustomerId,ParentLocationId,Name,NumberOfSpaces,TargetMonthlyRevenue,Description,IsParent,IsUnassigned,IsDeleted,VERSION,LastModifiedGMT,LastModifiedByUserId) VALUES ((SELECT ID From Customer WHERE Name='Arash Child Company 1'),  NULL, 'Region 1',150,10000,'parent',0,0,0,0,UTC_TIMESTAMP(),1);CALL sp_InsertLocationDayAndOpen( (SELECT Id From Location WHERE Name='Region 1' AND CustomerId=(SELECT Id From Customer WHERE Name='Arash Child Company 1')), 1, 0,95,0,0);CALL sp_InsertLocationDayAndOpen( (SELECT Id From Location WHERE Name='Region 1' AND CustomerId=(SELECT Id From Customer WHERE Name='Arash Child Company 1')), 2, 0,95,0,0);CALL sp_InsertLocationDayAndOpen( (SELECT Id From Location WHERE Name='Region 1' AND CustomerId=(SELECT Id From Customer WHERE Name='Arash Child Company 1')), 3, 0,95,0,0);CALL sp_InsertLocationDayAndOpen( (SELECT Id From Location WHERE Name='Region 1' AND CustomerId=(SELECT Id From Customer WHERE Name='Arash Child Company 1')), 4, 0,95,0,0);CALL sp_InsertLocationDayAndOpen( (SELECT Id From Location WHERE Name='Region 1' AND CustomerId=(SELECT Id From Customer WHERE Name='Arash Child Company 1')), 5, 0,95,0,0);CALL sp_InsertLocationDayAndOpen( (SELECT Id From Location WHERE Name='Region 1' AND CustomerId=(SELECT Id From Customer WHERE Name='Arash Child Company 1')), 6, 0,95,0,0);CALL sp_InsertLocationDayAndOpen( (SELECT Id From Location WHERE Name='Region 1' AND CustomerId=(SELECT Id From Customer WHERE Name='Arash Child Company 1')), 7, 0,95,0,0);
INSERT Location (CustomerId,ParentLocationId,Name,NumberOfSpaces,TargetMonthlyRevenue,Description,IsParent,IsUnassigned,IsDeleted,VERSION,LastModifiedGMT,LastModifiedByUserId) VALUES ((SELECT ID From Customer WHERE Name='Arash Child Company 1'),  (SELECT Id From (SELECT * FROM Location) AS x WHERE Name='Region 1' AND CustomerId=(SELECT ID From Customer WHERE Name='Arash Child Company 1')),'Region 11',150,15000,'first child',1,0,0,0,UTC_TIMESTAMP(),1);CALL sp_InsertLocationDayAndOpen( (SELECT Id From Location WHERE Name='Region 11' AND CustomerId=(SELECT Id From Customer WHERE Name='Arash Child Company 1')), 1, 0,95,0,0);CALL sp_InsertLocationDayAndOpen( (SELECT Id From Location WHERE Name='Region 11' AND CustomerId=(SELECT Id From Customer WHERE Name='Arash Child Company 1')), 2, 0,95,0,0);CALL sp_InsertLocationDayAndOpen( (SELECT Id From Location WHERE Name='Region 11' AND CustomerId=(SELECT Id From Customer WHERE Name='Arash Child Company 1')), 3, 0,95,0,0);CALL sp_InsertLocationDayAndOpen( (SELECT Id From Location WHERE Name='Region 11' AND CustomerId=(SELECT Id From Customer WHERE Name='Arash Child Company 1')), 4, 0,95,0,0);CALL sp_InsertLocationDayAndOpen( (SELECT Id From Location WHERE Name='Region 11' AND CustomerId=(SELECT Id From Customer WHERE Name='Arash Child Company 1')), 5, 0,95,0,0);CALL sp_InsertLocationDayAndOpen( (SELECT Id From Location WHERE Name='Region 11' AND CustomerId=(SELECT Id From Customer WHERE Name='Arash Child Company 1')), 6, 0,95,0,0);CALL sp_InsertLocationDayAndOpen( (SELECT Id From Location WHERE Name='Region 11' AND CustomerId=(SELECT Id From Customer WHERE Name='Arash Child Company 1')), 7, 0,95,0,0);
INSERT Location (CustomerId,ParentLocationId,Name,NumberOfSpaces,TargetMonthlyRevenue,Description,IsParent,IsUnassigned,IsDeleted,VERSION,LastModifiedGMT,LastModifiedByUserId) VALUES ((SELECT ID From Customer WHERE Name='Arash Child Company 1'),  NULL, 'Region 2',150,20000,'parent',0,0,0,0,UTC_TIMESTAMP(),1);CALL sp_InsertLocationDayAndOpen( (SELECT Id From Location WHERE Name='Region 2' AND CustomerId=(SELECT Id From Customer WHERE Name='Arash Child Company 1')), 1, 0,95,0,0);CALL sp_InsertLocationDayAndOpen( (SELECT Id From Location WHERE Name='Region 2' AND CustomerId=(SELECT Id From Customer WHERE Name='Arash Child Company 1')), 2, 0,95,0,0);CALL sp_InsertLocationDayAndOpen( (SELECT Id From Location WHERE Name='Region 2' AND CustomerId=(SELECT Id From Customer WHERE Name='Arash Child Company 1')), 3, 0,95,0,0);CALL sp_InsertLocationDayAndOpen( (SELECT Id From Location WHERE Name='Region 2' AND CustomerId=(SELECT Id From Customer WHERE Name='Arash Child Company 1')), 4, 0,95,0,0);CALL sp_InsertLocationDayAndOpen( (SELECT Id From Location WHERE Name='Region 2' AND CustomerId=(SELECT Id From Customer WHERE Name='Arash Child Company 1')), 5, 0,95,0,0);CALL sp_InsertLocationDayAndOpen( (SELECT Id From Location WHERE Name='Region 2' AND CustomerId=(SELECT Id From Customer WHERE Name='Arash Child Company 1')), 6, 0,95,0,0);CALL sp_InsertLocationDayAndOpen( (SELECT Id From Location WHERE Name='Region 2' AND CustomerId=(SELECT Id From Customer WHERE Name='Arash Child Company 1')), 7, 0,95,0,0);
INSERT Location (CustomerId,ParentLocationId,Name,NumberOfSpaces,TargetMonthlyRevenue,Description,IsParent,IsUnassigned,IsDeleted,VERSION,LastModifiedGMT,LastModifiedByUserId) VALUES ((SELECT ID From Customer WHERE Name='Arash Child Company 1'),  (SELECT Id From (SELECT * FROM Location) AS x WHERE Name='Region 2' AND CustomerId=(SELECT ID From Customer WHERE Name='Arash Child Company 1')),'Region 21',150,20000,'first child',1,0,0,0,UTC_TIMESTAMP(),1);CALL sp_InsertLocationDayAndOpen( (SELECT Id From Location WHERE Name='Region 21' AND CustomerId=(SELECT Id From Customer WHERE Name='Arash Child Company 1')), 1, 0,95,0,0);CALL sp_InsertLocationDayAndOpen( (SELECT Id From Location WHERE Name='Region 21' AND CustomerId=(SELECT Id From Customer WHERE Name='Arash Child Company 1')), 2, 0,95,0,0);CALL sp_InsertLocationDayAndOpen( (SELECT Id From Location WHERE Name='Region 21' AND CustomerId=(SELECT Id From Customer WHERE Name='Arash Child Company 1')), 3, 0,95,0,0);CALL sp_InsertLocationDayAndOpen( (SELECT Id From Location WHERE Name='Region 21' AND CustomerId=(SELECT Id From Customer WHERE Name='Arash Child Company 1')), 4, 0,95,0,0);CALL sp_InsertLocationDayAndOpen( (SELECT Id From Location WHERE Name='Region 21' AND CustomerId=(SELECT Id From Customer WHERE Name='Arash Child Company 1')), 5, 0,95,0,0);CALL sp_InsertLocationDayAndOpen( (SELECT Id From Location WHERE Name='Region 21' AND CustomerId=(SELECT Id From Customer WHERE Name='Arash Child Company 1')), 6, 0,95,0,0);CALL sp_InsertLocationDayAndOpen( (SELECT Id From Location WHERE Name='Region 21' AND CustomerId=(SELECT Id From Customer WHERE Name='Arash Child Company 1')), 7, 0,95,0,0);
INSERT Location (CustomerId,ParentLocationId,Name,NumberOfSpaces,TargetMonthlyRevenue,Description,IsParent,IsUnassigned,IsDeleted,VERSION,LastModifiedGMT,LastModifiedByUserId) VALUES ((SELECT ID From Customer WHERE Name='Arash Child Company 1'),  (SELECT Id From (SELECT * FROM Location) AS x WHERE Name='Region 21' AND CustomerId=(SELECT ID From Customer WHERE Name='Arash Child Company 1')),'Region 211',150,20000,'second child',1,0,0,0,UTC_TIMESTAMP(),1);CALL sp_InsertLocationDayAndOpen( (SELECT Id From Location WHERE Name='Region 211' AND CustomerId=(SELECT Id From Customer WHERE Name='Arash Child Company 1')), 1, 0,95,0,0);CALL sp_InsertLocationDayAndOpen( (SELECT Id From Location WHERE Name='Region 211' AND CustomerId=(SELECT Id From Customer WHERE Name='Arash Child Company 1')), 2, 0,95,0,0);CALL sp_InsertLocationDayAndOpen( (SELECT Id From Location WHERE Name='Region 211' AND CustomerId=(SELECT Id From Customer WHERE Name='Arash Child Company 1')), 3, 0,95,0,0);CALL sp_InsertLocationDayAndOpen( (SELECT Id From Location WHERE Name='Region 211' AND CustomerId=(SELECT Id From Customer WHERE Name='Arash Child Company 1')), 4, 0,95,0,0);CALL sp_InsertLocationDayAndOpen( (SELECT Id From Location WHERE Name='Region 211' AND CustomerId=(SELECT Id From Customer WHERE Name='Arash Child Company 1')), 5, 0,95,0,0);CALL sp_InsertLocationDayAndOpen( (SELECT Id From Location WHERE Name='Region 211' AND CustomerId=(SELECT Id From Customer WHERE Name='Arash Child Company 1')), 6, 0,95,0,0);CALL sp_InsertLocationDayAndOpen( (SELECT Id From Location WHERE Name='Region 211' AND CustomerId=(SELECT Id From Customer WHERE Name='Arash Child Company 1')), 7, 0,95,0,0);
INSERT Location (CustomerId,ParentLocationId,Name,NumberOfSpaces,TargetMonthlyRevenue,Description,IsParent,IsUnassigned,IsDeleted,VERSION,LastModifiedGMT,LastModifiedByUserId) VALUES ((SELECT ID From Customer WHERE Name='Arash Child Company 1'),  NULL, 'Region All.,-1',300,15000,'parent',0,0,0,0,UTC_TIMESTAMP(),1);CALL sp_InsertLocationDayAndOpen( (SELECT Id From Location WHERE Name='Region All.,-1' AND CustomerId=(SELECT Id From Customer WHERE Name='Arash Child Company 1')), 1, 0,95,0,0);CALL sp_InsertLocationDayAndOpen( (SELECT Id From Location WHERE Name='Region All.,-1' AND CustomerId=(SELECT Id From Customer WHERE Name='Arash Child Company 1')), 2, 0,95,0,0);CALL sp_InsertLocationDayAndOpen( (SELECT Id From Location WHERE Name='Region All.,-1' AND CustomerId=(SELECT Id From Customer WHERE Name='Arash Child Company 1')), 3, 0,95,0,0);CALL sp_InsertLocationDayAndOpen( (SELECT Id From Location WHERE Name='Region All.,-1' AND CustomerId=(SELECT Id From Customer WHERE Name='Arash Child Company 1')), 4, 0,95,0,0);CALL sp_InsertLocationDayAndOpen( (SELECT Id From Location WHERE Name='Region All.,-1' AND CustomerId=(SELECT Id From Customer WHERE Name='Arash Child Company 1')), 5, 0,95,0,0);CALL sp_InsertLocationDayAndOpen( (SELECT Id From Location WHERE Name='Region All.,-1' AND CustomerId=(SELECT Id From Customer WHERE Name='Arash Child Company 1')), 6, 0,95,0,0);CALL sp_InsertLocationDayAndOpen( (SELECT Id From Location WHERE Name='Region All.,-1' AND CustomerId=(SELECT Id From Customer WHERE Name='Arash Child Company 1')), 7, 0,95,0,0);
INSERT Location (CustomerId,ParentLocationId,Name,NumberOfSpaces,TargetMonthlyRevenue,Description,IsParent,IsUnassigned,IsDeleted,VERSION,LastModifiedGMT,LastModifiedByUserId) VALUES ((SELECT ID From Customer WHERE Name='Arash Child Company 1'),  NULL, 'Region Space',300,15000,'parent',0,0,0,0,UTC_TIMESTAMP(),1);CALL sp_InsertLocationDayAndOpen( (SELECT Id From Location WHERE Name='Region Space' AND CustomerId=(SELECT Id From Customer WHERE Name='Arash Child Company 1')), 1, 0,95,0,0);CALL sp_InsertLocationDayAndOpen( (SELECT Id From Location WHERE Name='Region Space' AND CustomerId=(SELECT Id From Customer WHERE Name='Arash Child Company 1')), 2, 0,95,0,0);CALL sp_InsertLocationDayAndOpen( (SELECT Id From Location WHERE Name='Region Space' AND CustomerId=(SELECT Id From Customer WHERE Name='Arash Child Company 1')), 3, 0,95,0,0);CALL sp_InsertLocationDayAndOpen( (SELECT Id From Location WHERE Name='Region Space' AND CustomerId=(SELECT Id From Customer WHERE Name='Arash Child Company 1')), 4, 0,95,0,0);CALL sp_InsertLocationDayAndOpen( (SELECT Id From Location WHERE Name='Region Space' AND CustomerId=(SELECT Id From Customer WHERE Name='Arash Child Company 1')), 5, 0,95,0,0);CALL sp_InsertLocationDayAndOpen( (SELECT Id From Location WHERE Name='Region Space' AND CustomerId=(SELECT Id From Customer WHERE Name='Arash Child Company 1')), 6, 0,95,0,0);CALL sp_InsertLocationDayAndOpen( (SELECT Id From Location WHERE Name='Region Space' AND CustomerId=(SELECT Id From Customer WHERE Name='Arash Child Company 1')), 7, 0,95,0,0);
INSERT Location (CustomerId,ParentLocationId,Name,NumberOfSpaces,TargetMonthlyRevenue,Description,IsParent,IsUnassigned,IsDeleted,VERSION,LastModifiedGMT,LastModifiedByUserId) VALUES ((SELECT ID From Customer WHERE Name='Arash Child Company 1'),  NULL, 'Region,Comma',300,15000,'parent',0,0,0,0,UTC_TIMESTAMP(),1);CALL sp_InsertLocationDayAndOpen( (SELECT Id From Location WHERE Name='Region,Comma' AND CustomerId=(SELECT Id From Customer WHERE Name='Arash Child Company 1')), 1, 0,95,0,0);CALL sp_InsertLocationDayAndOpen( (SELECT Id From Location WHERE Name='Region,Comma' AND CustomerId=(SELECT Id From Customer WHERE Name='Arash Child Company 1')), 2, 0,95,0,0);CALL sp_InsertLocationDayAndOpen( (SELECT Id From Location WHERE Name='Region,Comma' AND CustomerId=(SELECT Id From Customer WHERE Name='Arash Child Company 1')), 3, 0,95,0,0);CALL sp_InsertLocationDayAndOpen( (SELECT Id From Location WHERE Name='Region,Comma' AND CustomerId=(SELECT Id From Customer WHERE Name='Arash Child Company 1')), 4, 0,95,0,0);CALL sp_InsertLocationDayAndOpen( (SELECT Id From Location WHERE Name='Region,Comma' AND CustomerId=(SELECT Id From Customer WHERE Name='Arash Child Company 1')), 5, 0,95,0,0);CALL sp_InsertLocationDayAndOpen( (SELECT Id From Location WHERE Name='Region,Comma' AND CustomerId=(SELECT Id From Customer WHERE Name='Arash Child Company 1')), 6, 0,95,0,0);CALL sp_InsertLocationDayAndOpen( (SELECT Id From Location WHERE Name='Region,Comma' AND CustomerId=(SELECT Id From Customer WHERE Name='Arash Child Company 1')), 7, 0,95,0,0);
INSERT Location (CustomerId,ParentLocationId,Name,NumberOfSpaces,TargetMonthlyRevenue,Description,IsParent,IsUnassigned,IsDeleted,VERSION,LastModifiedGMT,LastModifiedByUserId) VALUES ((SELECT ID From Customer WHERE Name='Arash Child Company 1'),  NULL, 'Region-Dash',300,15000,'parent',0,0,0,0,UTC_TIMESTAMP(),1);CALL sp_InsertLocationDayAndOpen( (SELECT Id From Location WHERE Name='Region-Dash' AND CustomerId=(SELECT Id From Customer WHERE Name='Arash Child Company 1')), 1, 0,95,0,0);CALL sp_InsertLocationDayAndOpen( (SELECT Id From Location WHERE Name='Region-Dash' AND CustomerId=(SELECT Id From Customer WHERE Name='Arash Child Company 1')), 2, 0,95,0,0);CALL sp_InsertLocationDayAndOpen( (SELECT Id From Location WHERE Name='Region-Dash' AND CustomerId=(SELECT Id From Customer WHERE Name='Arash Child Company 1')), 3, 0,95,0,0);CALL sp_InsertLocationDayAndOpen( (SELECT Id From Location WHERE Name='Region-Dash' AND CustomerId=(SELECT Id From Customer WHERE Name='Arash Child Company 1')), 4, 0,95,0,0);CALL sp_InsertLocationDayAndOpen( (SELECT Id From Location WHERE Name='Region-Dash' AND CustomerId=(SELECT Id From Customer WHERE Name='Arash Child Company 1')), 5, 0,95,0,0);CALL sp_InsertLocationDayAndOpen( (SELECT Id From Location WHERE Name='Region-Dash' AND CustomerId=(SELECT Id From Customer WHERE Name='Arash Child Company 1')), 6, 0,95,0,0);CALL sp_InsertLocationDayAndOpen( (SELECT Id From Location WHERE Name='Region-Dash' AND CustomerId=(SELECT Id From Customer WHERE Name='Arash Child Company 1')), 7, 0,95,0,0);
INSERT Location (CustomerId,ParentLocationId,Name,NumberOfSpaces,TargetMonthlyRevenue,Description,IsParent,IsUnassigned,IsDeleted,VERSION,LastModifiedGMT,LastModifiedByUserId) VALUES ((SELECT ID From Customer WHERE Name='Arash Child Company 1'),  NULL, 'Region.Dot',300,15000,'parent',0,0,0,0,UTC_TIMESTAMP(),1);CALL sp_InsertLocationDayAndOpen( (SELECT Id From Location WHERE Name='Region.Dot' AND CustomerId=(SELECT Id From Customer WHERE Name='Arash Child Company 1')), 1, 0,95,0,0);CALL sp_InsertLocationDayAndOpen( (SELECT Id From Location WHERE Name='Region.Dot' AND CustomerId=(SELECT Id From Customer WHERE Name='Arash Child Company 1')), 2, 0,95,0,0);CALL sp_InsertLocationDayAndOpen( (SELECT Id From Location WHERE Name='Region.Dot' AND CustomerId=(SELECT Id From Customer WHERE Name='Arash Child Company 1')), 3, 0,95,0,0);CALL sp_InsertLocationDayAndOpen( (SELECT Id From Location WHERE Name='Region.Dot' AND CustomerId=(SELECT Id From Customer WHERE Name='Arash Child Company 1')), 4, 0,95,0,0);CALL sp_InsertLocationDayAndOpen( (SELECT Id From Location WHERE Name='Region.Dot' AND CustomerId=(SELECT Id From Customer WHERE Name='Arash Child Company 1')), 5, 0,95,0,0);CALL sp_InsertLocationDayAndOpen( (SELECT Id From Location WHERE Name='Region.Dot' AND CustomerId=(SELECT Id From Customer WHERE Name='Arash Child Company 1')), 6, 0,95,0,0);CALL sp_InsertLocationDayAndOpen( (SELECT Id From Location WHERE Name='Region.Dot' AND CustomerId=(SELECT Id From Customer WHERE Name='Arash Child Company 1')), 7, 0,95,0,0);
INSERT Location (CustomerId,ParentLocationId,Name,NumberOfSpaces,TargetMonthlyRevenue,Description,IsParent,IsUnassigned,IsDeleted,VERSION,LastModifiedGMT,LastModifiedByUserId) VALUES ((SELECT ID From Customer WHERE Name='Arash Child Company 1'),  NULL, 'This is the maximumnumber',300,15000,'parent',0,0,0,0,UTC_TIMESTAMP(),1);CALL sp_InsertLocationDayAndOpen( (SELECT Id From Location WHERE Name='This is the maximumnumber' AND CustomerId=(SELECT Id From Customer WHERE Name='Arash Child Company 1')), 1, 0,95,0,0);CALL sp_InsertLocationDayAndOpen( (SELECT Id From Location WHERE Name='This is the maximumnumber' AND CustomerId=(SELECT Id From Customer WHERE Name='Arash Child Company 1')), 2, 0,95,0,0);CALL sp_InsertLocationDayAndOpen( (SELECT Id From Location WHERE Name='This is the maximumnumber' AND CustomerId=(SELECT Id From Customer WHERE Name='Arash Child Company 1')), 3, 0,95,0,0);CALL sp_InsertLocationDayAndOpen( (SELECT Id From Location WHERE Name='This is the maximumnumber' AND CustomerId=(SELECT Id From Customer WHERE Name='Arash Child Company 1')), 4, 0,95,0,0);CALL sp_InsertLocationDayAndOpen( (SELECT Id From Location WHERE Name='This is the maximumnumber' AND CustomerId=(SELECT Id From Customer WHERE Name='Arash Child Company 1')), 5, 0,95,0,0);CALL sp_InsertLocationDayAndOpen( (SELECT Id From Location WHERE Name='This is the maximumnumber' AND CustomerId=(SELECT Id From Customer WHERE Name='Arash Child Company 1')), 6, 0,95,0,0);CALL sp_InsertLocationDayAndOpen( (SELECT Id From Location WHERE Name='This is the maximumnumber' AND CustomerId=(SELECT Id From Customer WHERE Name='Arash Child Company 1')), 7, 0,95,0,0);
INSERT Location (CustomerId,ParentLocationId,Name,NumberOfSpaces,TargetMonthlyRevenue,Description,IsParent,IsUnassigned,IsDeleted,VERSION,LastModifiedGMT,LastModifiedByUserId) VALUES ((SELECT ID From Customer WHERE Name='Arash Child Company 1'),  NULL, 'This.is,the-maximu number',300,15000,'123456789012345678901234567890123456789012345678901234567890123456789012345678901234567890abcdefghij',0,0,0,0,UTC_TIMESTAMP(),1);CALL sp_InsertLocationDayAndOpen( (SELECT Id From Location WHERE Name='This.is,the-maximu number' AND CustomerId=(SELECT Id From Customer WHERE Name='Arash Child Company 1')), 1, 0,95,0,0);CALL sp_InsertLocationDayAndOpen( (SELECT Id From Location WHERE Name='This.is,the-maximu number' AND CustomerId=(SELECT Id From Customer WHERE Name='Arash Child Company 1')), 2, 0,95,0,0);CALL sp_InsertLocationDayAndOpen( (SELECT Id From Location WHERE Name='This.is,the-maximu number' AND CustomerId=(SELECT Id From Customer WHERE Name='Arash Child Company 1')), 3, 0,95,0,0);CALL sp_InsertLocationDayAndOpen( (SELECT Id From Location WHERE Name='This.is,the-maximu number' AND CustomerId=(SELECT Id From Customer WHERE Name='Arash Child Company 1')), 4, 0,95,0,0);CALL sp_InsertLocationDayAndOpen( (SELECT Id From Location WHERE Name='This.is,the-maximu number' AND CustomerId=(SELECT Id From Customer WHERE Name='Arash Child Company 1')), 5, 0,95,0,0);CALL sp_InsertLocationDayAndOpen( (SELECT Id From Location WHERE Name='This.is,the-maximu number' AND CustomerId=(SELECT Id From Customer WHERE Name='Arash Child Company 1')), 6, 0,95,0,0);CALL sp_InsertLocationDayAndOpen( (SELECT Id From Location WHERE Name='This.is,the-maximu number' AND CustomerId=(SELECT Id From Customer WHERE Name='Arash Child Company 1')), 7, 0,95,0,0);




-- Pay Stations

INSERT Paystation (PaystationTypeId,ModemTypeId,SerialNumber,IsDeleted,VERSION,LastModifiedGMT,LastModifiedByUserId) VALUES (2, 3, '198219829000', 0, 0, UTC_TIMESTAMP(), 1);INSERT PointOfSale (CustomerId,PaystationId,LocationId,PointOfSaleTypeId,Name,SerialNumber,ProvisionedGMT,Latitude,Longitude,AltitudeOrLevel,VERSION,LastModifiedGMT,LastModifiedByUserId) VALUES ((SELECT Id FROM Customer WHERE Name='Arash Child Company 1'),(SELECT Id FROM Paystation WHERE SerialNumber='198219829000'),(SELECT Id FROM Location WHERE Name='Region 11' AND CustomerId=(SELECT Id FROM Customer WHERE Name='Arash Child Company 1')),1,'Name_198219829000','198219829000',UTC_TIMESTAMP(),0,0,0,0,UTC_TIMESTAMP(),1);INSERT POSHeartbeat (PointOfSaleId, LastHeartbeatGMT) VALUES ((SELECT Id FROM PointOfSale WHERE (CustomerID = (SELECT Id FROM Customer WHERE Name='Arash Child Company 1') AND PaystationId=(SELECT Id FROM Paystation WHERE SerialNumber='198219829000'))),'2012-11-15 13:01:53');INSERT POSBalance (PointOfSaleId ,CollectionLockId ,ClusterId ,PrevCollectionLockId ,PrevPrevCollectionLockId ,CashAmount ,CoinCount ,CoinAmount ,BillCount ,BillAmount ,UnsettledCreditCardCount ,UnsettledCreditCardAmount ,TotalAmount ,LastCashCollectionGMT ,LastCoinCollectionGMT ,LastBillCollectionGMT ,LastCardCollectionGMT ,LastRecalcGMT  ,CollectionRecalcGMT ,CollectionRecalcTransactions ,HasRecentCollection ,IsRecalcable ,LastCollectionTypeId ,NextRecalcGMT) VALUES       ((SELECT Id FROM PointOfSale WHERE (CustomerID = (SELECT Id FROM Customer WHERE Name='Arash Child Company 1') AND PaystationId=(SELECT Id FROM Paystation WHERE SerialNumber='198219829000'))),NULL,NULL,NULL,NULL,0,0,0,0,0,0,0,0,UTC_TIMESTAMP(),UTC_TIMESTAMP(),UTC_TIMESTAMP() ,UTC_TIMESTAMP(),UTC_TIMESTAMP(),UTC_TIMESTAMP(),0,0,0,0,UTC_TIMESTAMP());
INSERT Paystation (PaystationTypeId,ModemTypeId,SerialNumber,IsDeleted,VERSION,LastModifiedGMT,LastModifiedByUserId) VALUES (2, 3, '198219829001', 0, 0, UTC_TIMESTAMP(), 1);INSERT PointOfSale (CustomerId,PaystationId,LocationId,PointOfSaleTypeId,Name,SerialNumber,ProvisionedGMT,Latitude,Longitude,AltitudeOrLevel,VERSION,LastModifiedGMT,LastModifiedByUserId) VALUES ((SELECT Id FROM Customer WHERE Name='Arash Child Company 1'),(SELECT Id FROM Paystation WHERE SerialNumber='198219829001'),(SELECT Id FROM Location WHERE Name='Region 211' AND CustomerId=(SELECT Id FROM Customer WHERE Name='Arash Child Company 1')),1,'Name_198219829001','198219829001',UTC_TIMESTAMP(),0,0,0,0,UTC_TIMESTAMP(),1);INSERT POSHeartbeat (PointOfSaleId, LastHeartbeatGMT) VALUES ((SELECT Id FROM PointOfSale WHERE (CustomerID = (SELECT Id FROM Customer WHERE Name='Arash Child Company 1') AND PaystationId=(SELECT Id FROM Paystation WHERE SerialNumber='198219829001'))),'2012-11-15 13:01:53');INSERT POSBalance (PointOfSaleId ,CollectionLockId ,ClusterId ,PrevCollectionLockId ,PrevPrevCollectionLockId ,CashAmount ,CoinCount ,CoinAmount ,BillCount ,BillAmount ,UnsettledCreditCardCount ,UnsettledCreditCardAmount ,TotalAmount ,LastCashCollectionGMT ,LastCoinCollectionGMT ,LastBillCollectionGMT ,LastCardCollectionGMT ,LastRecalcGMT  ,CollectionRecalcGMT ,CollectionRecalcTransactions ,HasRecentCollection ,IsRecalcable ,LastCollectionTypeId ,NextRecalcGMT) VALUES       ((SELECT Id FROM PointOfSale WHERE (CustomerID = (SELECT Id FROM Customer WHERE Name='Arash Child Company 1') AND PaystationId=(SELECT Id FROM Paystation WHERE SerialNumber='198219829001'))),NULL,NULL,NULL,NULL,0,0,0,0,0,0,0,0,UTC_TIMESTAMP(),UTC_TIMESTAMP(),UTC_TIMESTAMP() ,UTC_TIMESTAMP(),UTC_TIMESTAMP(),UTC_TIMESTAMP(),0,0,0,0,UTC_TIMESTAMP());
INSERT Paystation (PaystationTypeId,ModemTypeId,SerialNumber,IsDeleted,VERSION,LastModifiedGMT,LastModifiedByUserId) VALUES (2, 3, '198219829002', 0, 0, UTC_TIMESTAMP(), 1);INSERT PointOfSale (CustomerId,PaystationId,LocationId,PointOfSaleTypeId,Name,SerialNumber,ProvisionedGMT,Latitude,Longitude,AltitudeOrLevel,VERSION,LastModifiedGMT,LastModifiedByUserId) VALUES ((SELECT Id FROM Customer WHERE Name='Arash Child Company 1'),(SELECT Id FROM Paystation WHERE SerialNumber='198219829002'),(SELECT Id FROM Location WHERE Name='Region All.,-1' AND CustomerId=(SELECT Id FROM Customer WHERE Name='Arash Child Company 1')),1,'Name_198219829002','198219829002',UTC_TIMESTAMP(),0,0,0,0,UTC_TIMESTAMP(),1);INSERT POSHeartbeat (PointOfSaleId, LastHeartbeatGMT) VALUES ((SELECT Id FROM PointOfSale WHERE (CustomerID = (SELECT Id FROM Customer WHERE Name='Arash Child Company 1') AND PaystationId=(SELECT Id FROM Paystation WHERE SerialNumber='198219829002'))),'2012-11-15 13:01:53');INSERT POSBalance (PointOfSaleId ,CollectionLockId ,ClusterId ,PrevCollectionLockId ,PrevPrevCollectionLockId ,CashAmount ,CoinCount ,CoinAmount ,BillCount ,BillAmount ,UnsettledCreditCardCount ,UnsettledCreditCardAmount ,TotalAmount ,LastCashCollectionGMT ,LastCoinCollectionGMT ,LastBillCollectionGMT ,LastCardCollectionGMT ,LastRecalcGMT  ,CollectionRecalcGMT ,CollectionRecalcTransactions ,HasRecentCollection ,IsRecalcable ,LastCollectionTypeId ,NextRecalcGMT) VALUES       ((SELECT Id FROM PointOfSale WHERE (CustomerID = (SELECT Id FROM Customer WHERE Name='Arash Child Company 1') AND PaystationId=(SELECT Id FROM Paystation WHERE SerialNumber='198219829002'))),NULL,NULL,NULL,NULL,0,0,0,0,0,0,0,0,UTC_TIMESTAMP(),UTC_TIMESTAMP(),UTC_TIMESTAMP() ,UTC_TIMESTAMP(),UTC_TIMESTAMP(),UTC_TIMESTAMP(),0,0,0,0,UTC_TIMESTAMP());
INSERT Paystation (PaystationTypeId,ModemTypeId,SerialNumber,IsDeleted,VERSION,LastModifiedGMT,LastModifiedByUserId) VALUES (2, 3, '198219829003', 0, 0, UTC_TIMESTAMP(), 1);INSERT PointOfSale (CustomerId,PaystationId,LocationId,PointOfSaleTypeId,Name,SerialNumber,ProvisionedGMT,Latitude,Longitude,AltitudeOrLevel,VERSION,LastModifiedGMT,LastModifiedByUserId) VALUES ((SELECT Id FROM Customer WHERE Name='Arash Child Company 1'),(SELECT Id FROM Paystation WHERE SerialNumber='198219829003'),(SELECT Id FROM Location WHERE Name='Region Space' AND CustomerId=(SELECT Id FROM Customer WHERE Name='Arash Child Company 1')),1,'Name_198219829003','198219829003',UTC_TIMESTAMP(),0,0,0,0,UTC_TIMESTAMP(),1);INSERT POSHeartbeat (PointOfSaleId, LastHeartbeatGMT) VALUES ((SELECT Id FROM PointOfSale WHERE (CustomerID = (SELECT Id FROM Customer WHERE Name='Arash Child Company 1') AND PaystationId=(SELECT Id FROM Paystation WHERE SerialNumber='198219829003'))),'2012-11-15 13:01:53');INSERT POSBalance (PointOfSaleId ,CollectionLockId ,ClusterId ,PrevCollectionLockId ,PrevPrevCollectionLockId ,CashAmount ,CoinCount ,CoinAmount ,BillCount ,BillAmount ,UnsettledCreditCardCount ,UnsettledCreditCardAmount ,TotalAmount ,LastCashCollectionGMT ,LastCoinCollectionGMT ,LastBillCollectionGMT ,LastCardCollectionGMT ,LastRecalcGMT  ,CollectionRecalcGMT ,CollectionRecalcTransactions ,HasRecentCollection ,IsRecalcable ,LastCollectionTypeId ,NextRecalcGMT) VALUES       ((SELECT Id FROM PointOfSale WHERE (CustomerID = (SELECT Id FROM Customer WHERE Name='Arash Child Company 1') AND PaystationId=(SELECT Id FROM Paystation WHERE SerialNumber='198219829003'))),NULL,NULL,NULL,NULL,0,0,0,0,0,0,0,0,UTC_TIMESTAMP(),UTC_TIMESTAMP(),UTC_TIMESTAMP() ,UTC_TIMESTAMP(),UTC_TIMESTAMP(),UTC_TIMESTAMP(),0,0,0,0,UTC_TIMESTAMP());
INSERT Paystation (PaystationTypeId,ModemTypeId,SerialNumber,IsDeleted,VERSION,LastModifiedGMT,LastModifiedByUserId) VALUES (2, 3, '198219829004', 0, 0, UTC_TIMESTAMP(), 1);INSERT PointOfSale (CustomerId,PaystationId,LocationId,PointOfSaleTypeId,Name,SerialNumber,ProvisionedGMT,Latitude,Longitude,AltitudeOrLevel,VERSION,LastModifiedGMT,LastModifiedByUserId) VALUES ((SELECT Id FROM Customer WHERE Name='Arash Child Company 1'),(SELECT Id FROM Paystation WHERE SerialNumber='198219829004'),(SELECT Id FROM Location WHERE Name='Region,Comma' AND CustomerId=(SELECT Id FROM Customer WHERE Name='Arash Child Company 1')),1,'Name_198219829004','198219829004',UTC_TIMESTAMP(),0,0,0,0,UTC_TIMESTAMP(),1);INSERT POSHeartbeat (PointOfSaleId, LastHeartbeatGMT) VALUES ((SELECT Id FROM PointOfSale WHERE (CustomerID = (SELECT Id FROM Customer WHERE Name='Arash Child Company 1') AND PaystationId=(SELECT Id FROM Paystation WHERE SerialNumber='198219829004'))),'2012-11-15 13:01:53');INSERT POSBalance (PointOfSaleId ,CollectionLockId ,ClusterId ,PrevCollectionLockId ,PrevPrevCollectionLockId ,CashAmount ,CoinCount ,CoinAmount ,BillCount ,BillAmount ,UnsettledCreditCardCount ,UnsettledCreditCardAmount ,TotalAmount ,LastCashCollectionGMT ,LastCoinCollectionGMT ,LastBillCollectionGMT ,LastCardCollectionGMT ,LastRecalcGMT  ,CollectionRecalcGMT ,CollectionRecalcTransactions ,HasRecentCollection ,IsRecalcable ,LastCollectionTypeId ,NextRecalcGMT) VALUES       ((SELECT Id FROM PointOfSale WHERE (CustomerID = (SELECT Id FROM Customer WHERE Name='Arash Child Company 1') AND PaystationId=(SELECT Id FROM Paystation WHERE SerialNumber='198219829004'))),NULL,NULL,NULL,NULL,0,0,0,0,0,0,0,0,UTC_TIMESTAMP(),UTC_TIMESTAMP(),UTC_TIMESTAMP() ,UTC_TIMESTAMP(),UTC_TIMESTAMP(),UTC_TIMESTAMP(),0,0,0,0,UTC_TIMESTAMP());
INSERT Paystation (PaystationTypeId,ModemTypeId,SerialNumber,IsDeleted,VERSION,LastModifiedGMT,LastModifiedByUserId) VALUES (2, 3, '198219829005', 0, 0, UTC_TIMESTAMP(), 1);INSERT PointOfSale (CustomerId,PaystationId,LocationId,PointOfSaleTypeId,Name,SerialNumber,ProvisionedGMT,Latitude,Longitude,AltitudeOrLevel,VERSION,LastModifiedGMT,LastModifiedByUserId) VALUES ((SELECT Id FROM Customer WHERE Name='Arash Child Company 1'),(SELECT Id FROM Paystation WHERE SerialNumber='198219829005'),(SELECT Id FROM Location WHERE Name='Region-Dash' AND CustomerId=(SELECT Id FROM Customer WHERE Name='Arash Child Company 1')),1,'Name_198219829005','198219829005',UTC_TIMESTAMP(),0,0,0,0,UTC_TIMESTAMP(),1);INSERT POSHeartbeat (PointOfSaleId, LastHeartbeatGMT) VALUES ((SELECT Id FROM PointOfSale WHERE (CustomerID = (SELECT Id FROM Customer WHERE Name='Arash Child Company 1') AND PaystationId=(SELECT Id FROM Paystation WHERE SerialNumber='198219829005'))),'2012-11-15 13:01:53');INSERT POSBalance (PointOfSaleId ,CollectionLockId ,ClusterId ,PrevCollectionLockId ,PrevPrevCollectionLockId ,CashAmount ,CoinCount ,CoinAmount ,BillCount ,BillAmount ,UnsettledCreditCardCount ,UnsettledCreditCardAmount ,TotalAmount ,LastCashCollectionGMT ,LastCoinCollectionGMT ,LastBillCollectionGMT ,LastCardCollectionGMT ,LastRecalcGMT  ,CollectionRecalcGMT ,CollectionRecalcTransactions ,HasRecentCollection ,IsRecalcable ,LastCollectionTypeId ,NextRecalcGMT) VALUES       ((SELECT Id FROM PointOfSale WHERE (CustomerID = (SELECT Id FROM Customer WHERE Name='Arash Child Company 1') AND PaystationId=(SELECT Id FROM Paystation WHERE SerialNumber='198219829005'))),NULL,NULL,NULL,NULL,0,0,0,0,0,0,0,0,UTC_TIMESTAMP(),UTC_TIMESTAMP(),UTC_TIMESTAMP() ,UTC_TIMESTAMP(),UTC_TIMESTAMP(),UTC_TIMESTAMP(),0,0,0,0,UTC_TIMESTAMP());
INSERT Paystation (PaystationTypeId,ModemTypeId,SerialNumber,IsDeleted,VERSION,LastModifiedGMT,LastModifiedByUserId) VALUES (2, 3, '198219829006', 0, 0, UTC_TIMESTAMP(), 1);INSERT PointOfSale (CustomerId,PaystationId,LocationId,PointOfSaleTypeId,Name,SerialNumber,ProvisionedGMT,Latitude,Longitude,AltitudeOrLevel,VERSION,LastModifiedGMT,LastModifiedByUserId) VALUES ((SELECT Id FROM Customer WHERE Name='Arash Child Company 1'),(SELECT Id FROM Paystation WHERE SerialNumber='198219829006'),(SELECT Id FROM Location WHERE Name='Region.Dot' AND CustomerId=(SELECT Id FROM Customer WHERE Name='Arash Child Company 1')),1,'Name_198219829006','198219829006',UTC_TIMESTAMP(),0,0,0,0,UTC_TIMESTAMP(),1);INSERT POSHeartbeat (PointOfSaleId, LastHeartbeatGMT) VALUES ((SELECT Id FROM PointOfSale WHERE (CustomerID = (SELECT Id FROM Customer WHERE Name='Arash Child Company 1') AND PaystationId=(SELECT Id FROM Paystation WHERE SerialNumber='198219829006'))),'2012-11-15 13:01:53');INSERT POSBalance (PointOfSaleId ,CollectionLockId ,ClusterId ,PrevCollectionLockId ,PrevPrevCollectionLockId ,CashAmount ,CoinCount ,CoinAmount ,BillCount ,BillAmount ,UnsettledCreditCardCount ,UnsettledCreditCardAmount ,TotalAmount ,LastCashCollectionGMT ,LastCoinCollectionGMT ,LastBillCollectionGMT ,LastCardCollectionGMT ,LastRecalcGMT  ,CollectionRecalcGMT ,CollectionRecalcTransactions ,HasRecentCollection ,IsRecalcable ,LastCollectionTypeId ,NextRecalcGMT) VALUES       ((SELECT Id FROM PointOfSale WHERE (CustomerID = (SELECT Id FROM Customer WHERE Name='Arash Child Company 1') AND PaystationId=(SELECT Id FROM Paystation WHERE SerialNumber='198219829006'))),NULL,NULL,NULL,NULL,0,0,0,0,0,0,0,0,UTC_TIMESTAMP(),UTC_TIMESTAMP(),UTC_TIMESTAMP() ,UTC_TIMESTAMP(),UTC_TIMESTAMP(),UTC_TIMESTAMP(),0,0,0,0,UTC_TIMESTAMP());
INSERT Paystation (PaystationTypeId,ModemTypeId,SerialNumber,IsDeleted,VERSION,LastModifiedGMT,LastModifiedByUserId) VALUES (2, 3, '198219829007', 0, 0, UTC_TIMESTAMP(), 1);INSERT PointOfSale (CustomerId,PaystationId,LocationId,PointOfSaleTypeId,Name,SerialNumber,ProvisionedGMT,Latitude,Longitude,AltitudeOrLevel,VERSION,LastModifiedGMT,LastModifiedByUserId) VALUES ((SELECT Id FROM Customer WHERE Name='Arash Child Company 1'),(SELECT Id FROM Paystation WHERE SerialNumber='198219829007'),(SELECT Id FROM Location WHERE Name='This is the maximumnumber' AND CustomerId=(SELECT Id FROM Customer WHERE Name='Arash Child Company 1')),1,'Name_198219829007','198219829007',UTC_TIMESTAMP(),0,0,0,0,UTC_TIMESTAMP(),1);INSERT POSHeartbeat (PointOfSaleId, LastHeartbeatGMT) VALUES ((SELECT Id FROM PointOfSale WHERE (CustomerID = (SELECT Id FROM Customer WHERE Name='Arash Child Company 1') AND PaystationId=(SELECT Id FROM Paystation WHERE SerialNumber='198219829007'))),'2012-11-15 13:01:53');INSERT POSBalance (PointOfSaleId ,CollectionLockId ,ClusterId ,PrevCollectionLockId ,PrevPrevCollectionLockId ,CashAmount ,CoinCount ,CoinAmount ,BillCount ,BillAmount ,UnsettledCreditCardCount ,UnsettledCreditCardAmount ,TotalAmount ,LastCashCollectionGMT ,LastCoinCollectionGMT ,LastBillCollectionGMT ,LastCardCollectionGMT ,LastRecalcGMT  ,CollectionRecalcGMT ,CollectionRecalcTransactions ,HasRecentCollection ,IsRecalcable ,LastCollectionTypeId ,NextRecalcGMT) VALUES       ((SELECT Id FROM PointOfSale WHERE (CustomerID = (SELECT Id FROM Customer WHERE Name='Arash Child Company 1') AND PaystationId=(SELECT Id FROM Paystation WHERE SerialNumber='198219829007'))),NULL,NULL,NULL,NULL,0,0,0,0,0,0,0,0,UTC_TIMESTAMP(),UTC_TIMESTAMP(),UTC_TIMESTAMP() ,UTC_TIMESTAMP(),UTC_TIMESTAMP(),UTC_TIMESTAMP(),0,0,0,0,UTC_TIMESTAMP());
INSERT Paystation (PaystationTypeId,ModemTypeId,SerialNumber,IsDeleted,VERSION,LastModifiedGMT,LastModifiedByUserId) VALUES (2, 3, '198219829008', 0, 0, UTC_TIMESTAMP(), 1);INSERT PointOfSale (CustomerId,PaystationId,LocationId,PointOfSaleTypeId,Name,SerialNumber,ProvisionedGMT,Latitude,Longitude,AltitudeOrLevel,VERSION,LastModifiedGMT,LastModifiedByUserId) VALUES ((SELECT Id FROM Customer WHERE Name='Arash Child Company 1'),(SELECT Id FROM Paystation WHERE SerialNumber='198219829008'),(SELECT Id FROM Location WHERE Name='This.is,the-maximu number' AND CustomerId=(SELECT Id FROM Customer WHERE Name='Arash Child Company 1')),1,'Name_198219829008','198219829008',UTC_TIMESTAMP(),0,0,0,0,UTC_TIMESTAMP(),1);INSERT POSHeartbeat (PointOfSaleId, LastHeartbeatGMT) VALUES ((SELECT Id FROM PointOfSale WHERE (CustomerID = (SELECT Id FROM Customer WHERE Name='Arash Child Company 1') AND PaystationId=(SELECT Id FROM Paystation WHERE SerialNumber='198219829008'))),'2012-11-15 13:01:53');INSERT POSBalance (PointOfSaleId ,CollectionLockId ,ClusterId ,PrevCollectionLockId ,PrevPrevCollectionLockId ,CashAmount ,CoinCount ,CoinAmount ,BillCount ,BillAmount ,UnsettledCreditCardCount ,UnsettledCreditCardAmount ,TotalAmount ,LastCashCollectionGMT ,LastCoinCollectionGMT ,LastBillCollectionGMT ,LastCardCollectionGMT ,LastRecalcGMT  ,CollectionRecalcGMT ,CollectionRecalcTransactions ,HasRecentCollection ,IsRecalcable ,LastCollectionTypeId ,NextRecalcGMT) VALUES       ((SELECT Id FROM PointOfSale WHERE (CustomerID = (SELECT Id FROM Customer WHERE Name='Arash Child Company 1') AND PaystationId=(SELECT Id FROM Paystation WHERE SerialNumber='198219829008'))),NULL,NULL,NULL,NULL,0,0,0,0,0,0,0,0,UTC_TIMESTAMP(),UTC_TIMESTAMP(),UTC_TIMESTAMP() ,UTC_TIMESTAMP(),UTC_TIMESTAMP(),UTC_TIMESTAMP(),0,0,0,0,UTC_TIMESTAMP());
INSERT Paystation (PaystationTypeId,ModemTypeId,SerialNumber,IsDeleted,VERSION,LastModifiedGMT,LastModifiedByUserId) VALUES (2, 3, '198219829009', 0, 0, UTC_TIMESTAMP(), 1);INSERT PointOfSale (CustomerId,PaystationId,LocationId,PointOfSaleTypeId,Name,SerialNumber,ProvisionedGMT,Latitude,Longitude,AltitudeOrLevel,VERSION,LastModifiedGMT,LastModifiedByUserId) VALUES ((SELECT Id FROM Customer WHERE Name='Arash Child Company 1'),(SELECT Id FROM Paystation WHERE SerialNumber='198219829009'),(SELECT Id FROM Location WHERE Name='Unassigned' AND CustomerId=(SELECT Id FROM Customer WHERE Name='Arash Child Company 1')),1,'Name_198219829009','198219829009',UTC_TIMESTAMP(),0,0,0,0,UTC_TIMESTAMP(),1);INSERT POSHeartbeat (PointOfSaleId, LastHeartbeatGMT) VALUES ((SELECT Id FROM PointOfSale WHERE (CustomerID = (SELECT Id FROM Customer WHERE Name='Arash Child Company 1') AND PaystationId=(SELECT Id FROM Paystation WHERE SerialNumber='198219829009'))),'2012-11-15 13:01:53');INSERT POSBalance (PointOfSaleId ,CollectionLockId ,ClusterId ,PrevCollectionLockId ,PrevPrevCollectionLockId ,CashAmount ,CoinCount ,CoinAmount ,BillCount ,BillAmount ,UnsettledCreditCardCount ,UnsettledCreditCardAmount ,TotalAmount ,LastCashCollectionGMT ,LastCoinCollectionGMT ,LastBillCollectionGMT ,LastCardCollectionGMT ,LastRecalcGMT  ,CollectionRecalcGMT ,CollectionRecalcTransactions ,HasRecentCollection ,IsRecalcable ,LastCollectionTypeId ,NextRecalcGMT) VALUES       ((SELECT Id FROM PointOfSale WHERE (CustomerID = (SELECT Id FROM Customer WHERE Name='Arash Child Company 1') AND PaystationId=(SELECT Id FROM Paystation WHERE SerialNumber='198219829009'))),NULL,NULL,NULL,NULL,0,0,0,0,0,0,0,0,UTC_TIMESTAMP(),UTC_TIMESTAMP(),UTC_TIMESTAMP() ,UTC_TIMESTAMP(),UTC_TIMESTAMP(),UTC_TIMESTAMP(),0,0,0,0,UTC_TIMESTAMP());
INSERT Paystation (PaystationTypeId,ModemTypeId,SerialNumber,IsDeleted,VERSION,LastModifiedGMT,LastModifiedByUserId) VALUES (2, 3, '198219829010', 0, 0, UTC_TIMESTAMP(), 1);INSERT PointOfSale (CustomerId,PaystationId,LocationId,PointOfSaleTypeId,Name,SerialNumber,ProvisionedGMT,Latitude,Longitude,AltitudeOrLevel,VERSION,LastModifiedGMT,LastModifiedByUserId) VALUES ((SELECT Id FROM Customer WHERE Name='Arash Child Company 1'),(SELECT Id FROM Paystation WHERE SerialNumber='198219829010'),(SELECT Id FROM Location WHERE Name='Unassigned' AND CustomerId=(SELECT Id FROM Customer WHERE Name='Arash Child Company 1')),1,'Name_198219829010','198219829010',UTC_TIMESTAMP(),0,0,0,0,UTC_TIMESTAMP(),1);INSERT POSHeartbeat (PointOfSaleId, LastHeartbeatGMT) VALUES ((SELECT Id FROM PointOfSale WHERE (CustomerID = (SELECT Id FROM Customer WHERE Name='Arash Child Company 1') AND PaystationId=(SELECT Id FROM Paystation WHERE SerialNumber='198219829010'))),'2012-11-15 13:01:53');INSERT POSBalance (PointOfSaleId ,CollectionLockId ,ClusterId ,PrevCollectionLockId ,PrevPrevCollectionLockId ,CashAmount ,CoinCount ,CoinAmount ,BillCount ,BillAmount ,UnsettledCreditCardCount ,UnsettledCreditCardAmount ,TotalAmount ,LastCashCollectionGMT ,LastCoinCollectionGMT ,LastBillCollectionGMT ,LastCardCollectionGMT ,LastRecalcGMT  ,CollectionRecalcGMT ,CollectionRecalcTransactions ,HasRecentCollection ,IsRecalcable ,LastCollectionTypeId ,NextRecalcGMT) VALUES       ((SELECT Id FROM PointOfSale WHERE (CustomerID = (SELECT Id FROM Customer WHERE Name='Arash Child Company 1') AND PaystationId=(SELECT Id FROM Paystation WHERE SerialNumber='198219829010'))),NULL,NULL,NULL,NULL,0,0,0,0,0,0,0,0,UTC_TIMESTAMP(),UTC_TIMESTAMP(),UTC_TIMESTAMP() ,UTC_TIMESTAMP(),UTC_TIMESTAMP(),UTC_TIMESTAMP(),0,0,0,0,UTC_TIMESTAMP());
INSERT Paystation (PaystationTypeId,ModemTypeId,SerialNumber,IsDeleted,VERSION,LastModifiedGMT,LastModifiedByUserId) VALUES (2, 3, '198219829011', 0, 0, UTC_TIMESTAMP(), 1);INSERT PointOfSale (CustomerId,PaystationId,LocationId,PointOfSaleTypeId,Name,SerialNumber,ProvisionedGMT,Latitude,Longitude,AltitudeOrLevel,VERSION,LastModifiedGMT,LastModifiedByUserId) VALUES ((SELECT Id FROM Customer WHERE Name='Arash Child Company 1'),(SELECT Id FROM Paystation WHERE SerialNumber='198219829011'),(SELECT Id FROM Location WHERE Name='Unassigned' AND CustomerId=(SELECT Id FROM Customer WHERE Name='Arash Child Company 1')),1,'Name_198219829011','198219829011',UTC_TIMESTAMP(),0,0,0,0,UTC_TIMESTAMP(),1);INSERT POSHeartbeat (PointOfSaleId, LastHeartbeatGMT) VALUES ((SELECT Id FROM PointOfSale WHERE (CustomerID = (SELECT Id FROM Customer WHERE Name='Arash Child Company 1') AND PaystationId=(SELECT Id FROM Paystation WHERE SerialNumber='198219829011'))),'2012-11-15 13:01:53');INSERT POSBalance (PointOfSaleId ,CollectionLockId ,ClusterId ,PrevCollectionLockId ,PrevPrevCollectionLockId ,CashAmount ,CoinCount ,CoinAmount ,BillCount ,BillAmount ,UnsettledCreditCardCount ,UnsettledCreditCardAmount ,TotalAmount ,LastCashCollectionGMT ,LastCoinCollectionGMT ,LastBillCollectionGMT ,LastCardCollectionGMT ,LastRecalcGMT  ,CollectionRecalcGMT ,CollectionRecalcTransactions ,HasRecentCollection ,IsRecalcable ,LastCollectionTypeId ,NextRecalcGMT) VALUES       ((SELECT Id FROM PointOfSale WHERE (CustomerID = (SELECT Id FROM Customer WHERE Name='Arash Child Company 1') AND PaystationId=(SELECT Id FROM Paystation WHERE SerialNumber='198219829011'))),NULL,NULL,NULL,NULL,0,0,0,0,0,0,0,0,UTC_TIMESTAMP(),UTC_TIMESTAMP(),UTC_TIMESTAMP() ,UTC_TIMESTAMP(),UTC_TIMESTAMP(),UTC_TIMESTAMP(),0,0,0,0,UTC_TIMESTAMP());
INSERT Paystation (PaystationTypeId,ModemTypeId,SerialNumber,IsDeleted,VERSION,LastModifiedGMT,LastModifiedByUserId) VALUES (2, 3, '198219829012', 0, 0, UTC_TIMESTAMP(), 1);INSERT PointOfSale (CustomerId,PaystationId,LocationId,PointOfSaleTypeId,Name,SerialNumber,ProvisionedGMT,Latitude,Longitude,AltitudeOrLevel,VERSION,LastModifiedGMT,LastModifiedByUserId) VALUES ((SELECT Id FROM Customer WHERE Name='Arash Child Company 1'),(SELECT Id FROM Paystation WHERE SerialNumber='198219829012'),(SELECT Id FROM Location WHERE Name='Unassigned' AND CustomerId=(SELECT Id FROM Customer WHERE Name='Arash Child Company 1')),1,'Name_198219829012','198219829012',UTC_TIMESTAMP(),0,0,0,0,UTC_TIMESTAMP(),1);INSERT POSHeartbeat (PointOfSaleId, LastHeartbeatGMT) VALUES ((SELECT Id FROM PointOfSale WHERE (CustomerID = (SELECT Id FROM Customer WHERE Name='Arash Child Company 1') AND PaystationId=(SELECT Id FROM Paystation WHERE SerialNumber='198219829012'))),'2012-11-15 13:01:53');INSERT POSBalance (PointOfSaleId ,CollectionLockId ,ClusterId ,PrevCollectionLockId ,PrevPrevCollectionLockId ,CashAmount ,CoinCount ,CoinAmount ,BillCount ,BillAmount ,UnsettledCreditCardCount ,UnsettledCreditCardAmount ,TotalAmount ,LastCashCollectionGMT ,LastCoinCollectionGMT ,LastBillCollectionGMT ,LastCardCollectionGMT ,LastRecalcGMT  ,CollectionRecalcGMT ,CollectionRecalcTransactions ,HasRecentCollection ,IsRecalcable ,LastCollectionTypeId ,NextRecalcGMT) VALUES       ((SELECT Id FROM PointOfSale WHERE (CustomerID = (SELECT Id FROM Customer WHERE Name='Arash Child Company 1') AND PaystationId=(SELECT Id FROM Paystation WHERE SerialNumber='198219829012'))),NULL,NULL,NULL,NULL,0,0,0,0,0,0,0,0,UTC_TIMESTAMP(),UTC_TIMESTAMP(),UTC_TIMESTAMP() ,UTC_TIMESTAMP(),UTC_TIMESTAMP(),UTC_TIMESTAMP(),0,0,0,0,UTC_TIMESTAMP());

















-- Roles

-- Custom Roles

INSERT Role (CustomerTypeId, RoleStatusTypeId, Name, IsAdmin, IsLocked, ClonedRoleId, VERSION, LastModifiedGMT, LastModifiedByUserId) VALUES (3, 1, 'Finance', 0, 0, null, 0, UTC_TIMESTAMP(), 1) ;INSERT CustomerRole (CustomerId, RoleId, VERSION, LastModifiedGMT, LastModifiedByUserId) VALUES ( (SELECT Id FROM Customer WHERE Name='Arash Child Company 1'), (SELECT LAST_INSERT_ID()), 0, UTC_TIMESTAMP(), 1);
INSERT Role (CustomerTypeId, RoleStatusTypeId, Name, IsAdmin, IsLocked, ClonedRoleId, VERSION, LastModifiedGMT, LastModifiedByUserId) VALUES (3, 1, 'Collections', 0, 0, null, 0, UTC_TIMESTAMP(), 1) ;INSERT CustomerRole (CustomerId, RoleId, VERSION, LastModifiedGMT, LastModifiedByUserId) VALUES ( (SELECT Id FROM Customer WHERE Name='Arash Child Company 1'), (SELECT LAST_INSERT_ID()), 0, UTC_TIMESTAMP(), 1);
INSERT Role (CustomerTypeId, RoleStatusTypeId, Name, IsAdmin, IsLocked, ClonedRoleId, VERSION, LastModifiedGMT, LastModifiedByUserId) VALUES (3, 1, 'Maintenance', 0, 0, null, 0, UTC_TIMESTAMP(), 1) ;INSERT CustomerRole (CustomerId, RoleId, VERSION, LastModifiedGMT, LastModifiedByUserId) VALUES ( (SELECT Id FROM Customer WHERE Name='Arash Child Company 1'), (SELECT LAST_INSERT_ID()), 0, UTC_TIMESTAMP(), 1);
INSERT Role (CustomerTypeId, RoleStatusTypeId, Name, IsAdmin, IsLocked, ClonedRoleId, VERSION, LastModifiedGMT, LastModifiedByUserId) VALUES (3, 1, 'Enforcement', 0, 0, null, 0, UTC_TIMESTAMP(), 1) ;INSERT CustomerRole (CustomerId, RoleId, VERSION, LastModifiedGMT, LastModifiedByUserId) VALUES ( (SELECT Id FROM Customer WHERE Name='Arash Child Company 1'), (SELECT LAST_INSERT_ID()), 0, UTC_TIMESTAMP(), 1);
INSERT Role (CustomerTypeId, RoleStatusTypeId, Name, IsAdmin, IsLocked, ClonedRoleId, VERSION, LastModifiedGMT, LastModifiedByUserId) VALUES (3, 1, 'Other', 0, 0, null, 0, UTC_TIMESTAMP(), 1) ;INSERT CustomerRole (CustomerId, RoleId, VERSION, LastModifiedGMT, LastModifiedByUserId) VALUES ( (SELECT Id FROM Customer WHERE Name='Arash Child Company 1'), (SELECT LAST_INSERT_ID()), 0, UTC_TIMESTAMP(), 1);
-- Permissions


INSERT RolePermission (RoleId, PermissionId, VERSION, LastModifiedGMT, LastModifiedByUserId) VALUES ( (SELECT r.Id FROM Role r, CustomerRole c WHERE c.RoleID=r.Id AND c.CustomerId=(SELECT Id FROM Customer WHERE Name='Arash Child Company 1') AND r.Name='Finance'), 100, 0, UTC_TIMESTAMP(), 1);
INSERT RolePermission (RoleId, PermissionId, VERSION, LastModifiedGMT, LastModifiedByUserId) VALUES ( (SELECT r.Id FROM Role r, CustomerRole c WHERE c.RoleID=r.Id AND c.CustomerId=(SELECT Id FROM Customer WHERE Name='Arash Child Company 1') AND r.Name='Finance'), 200, 0, UTC_TIMESTAMP(), 1);
INSERT RolePermission (RoleId, PermissionId, VERSION, LastModifiedGMT, LastModifiedByUserId) VALUES ( (SELECT r.Id FROM Role r, CustomerRole c WHERE c.RoleID=r.Id AND c.CustomerId=(SELECT Id FROM Customer WHERE Name='Arash Child Company 1') AND r.Name='Finance'), 201, 0, UTC_TIMESTAMP(), 1);INSERT RolePermission (RoleId, PermissionId, VERSION, LastModifiedGMT, LastModifiedByUserId) VALUES ( (SELECT r.Id FROM Role r, CustomerRole c WHERE c.RoleID=r.Id AND c.CustomerId=(SELECT Id FROM Customer WHERE Name='Arash Child Company 1') AND r.Name='Collections'), 201, 0, UTC_TIMESTAMP(), 1);INSERT RolePermission (RoleId, PermissionId, VERSION, LastModifiedGMT, LastModifiedByUserId) VALUES ( (SELECT r.Id FROM Role r, CustomerRole c WHERE c.RoleID=r.Id AND c.CustomerId=(SELECT Id FROM Customer WHERE Name='Arash Child Company 1') AND r.Name='Maintenance'), 201, 0, UTC_TIMESTAMP(), 1);
INSERT RolePermission (RoleId, PermissionId, VERSION, LastModifiedGMT, LastModifiedByUserId) VALUES ( (SELECT r.Id FROM Role r, CustomerRole c WHERE c.RoleID=r.Id AND c.CustomerId=(SELECT Id FROM Customer WHERE Name='Arash Child Company 1') AND r.Name='Finance'), 202, 0, UTC_TIMESTAMP(), 1);
INSERT RolePermission (RoleId, PermissionId, VERSION, LastModifiedGMT, LastModifiedByUserId) VALUES ( (SELECT r.Id FROM Role r, CustomerRole c WHERE c.RoleID=r.Id AND c.CustomerId=(SELECT Id FROM Customer WHERE Name='Arash Child Company 1') AND r.Name='Finance'), 300, 0, UTC_TIMESTAMP(), 1);INSERT RolePermission (RoleId, PermissionId, VERSION, LastModifiedGMT, LastModifiedByUserId) VALUES ( (SELECT r.Id FROM Role r, CustomerRole c WHERE c.RoleID=r.Id AND c.CustomerId=(SELECT Id FROM Customer WHERE Name='Arash Child Company 1') AND r.Name='Collections'), 300, 0, UTC_TIMESTAMP(), 1);
INSERT RolePermission (RoleId, PermissionId, VERSION, LastModifiedGMT, LastModifiedByUserId) VALUES ( (SELECT r.Id FROM Role r, CustomerRole c WHERE c.RoleID=r.Id AND c.CustomerId=(SELECT Id FROM Customer WHERE Name='Arash Child Company 1') AND r.Name='Finance'), 301, 0, UTC_TIMESTAMP(), 1);INSERT RolePermission (RoleId, PermissionId, VERSION, LastModifiedGMT, LastModifiedByUserId) VALUES ( (SELECT r.Id FROM Role r, CustomerRole c WHERE c.RoleID=r.Id AND c.CustomerId=(SELECT Id FROM Customer WHERE Name='Arash Child Company 1') AND r.Name='Collections'), 301, 0, UTC_TIMESTAMP(), 1);
INSERT RolePermission (RoleId, PermissionId, VERSION, LastModifiedGMT, LastModifiedByUserId) VALUES ( (SELECT r.Id FROM Role r, CustomerRole c WHERE c.RoleID=r.Id AND c.CustomerId=(SELECT Id FROM Customer WHERE Name='Arash Child Company 1') AND r.Name='Finance'), 400, 0, UTC_TIMESTAMP(), 1);
INSERT RolePermission (RoleId, PermissionId, VERSION, LastModifiedGMT, LastModifiedByUserId) VALUES ( (SELECT r.Id FROM Role r, CustomerRole c WHERE c.RoleID=r.Id AND c.CustomerId=(SELECT Id FROM Customer WHERE Name='Arash Child Company 1') AND r.Name='Finance'), 401, 0, UTC_TIMESTAMP(), 1);
INSERT RolePermission (RoleId, PermissionId, VERSION, LastModifiedGMT, LastModifiedByUserId) VALUES ( (SELECT r.Id FROM Role r, CustomerRole c WHERE c.RoleID=r.Id AND c.CustomerId=(SELECT Id FROM Customer WHERE Name='Arash Child Company 1') AND r.Name='Finance'), 402, 0, UTC_TIMESTAMP(), 1);
INSERT RolePermission (RoleId, PermissionId, VERSION, LastModifiedGMT, LastModifiedByUserId) VALUES ( (SELECT r.Id FROM Role r, CustomerRole c WHERE c.RoleID=r.Id AND c.CustomerId=(SELECT Id FROM Customer WHERE Name='Arash Child Company 1') AND r.Name='Finance'), 403, 0, UTC_TIMESTAMP(), 1);
INSERT RolePermission (RoleId, PermissionId, VERSION, LastModifiedGMT, LastModifiedByUserId) VALUES ( (SELECT r.Id FROM Role r, CustomerRole c WHERE c.RoleID=r.Id AND c.CustomerId=(SELECT Id FROM Customer WHERE Name='Arash Child Company 1') AND r.Name='Finance'), 404, 0, UTC_TIMESTAMP(), 1);
INSERT RolePermission (RoleId, PermissionId, VERSION, LastModifiedGMT, LastModifiedByUserId) VALUES ( (SELECT r.Id FROM Role r, CustomerRole c WHERE c.RoleID=r.Id AND c.CustomerId=(SELECT Id FROM Customer WHERE Name='Arash Child Company 1') AND r.Name='Finance'), 405, 0, UTC_TIMESTAMP(), 1);
INSERT RolePermission (RoleId, PermissionId, VERSION, LastModifiedGMT, LastModifiedByUserId) VALUES ( (SELECT r.Id FROM Role r, CustomerRole c WHERE c.RoleID=r.Id AND c.CustomerId=(SELECT Id FROM Customer WHERE Name='Arash Child Company 1') AND r.Name='Finance'), 406, 0, UTC_TIMESTAMP(), 1);
INSERT RolePermission (RoleId, PermissionId, VERSION, LastModifiedGMT, LastModifiedByUserId) VALUES ( (SELECT r.Id FROM Role r, CustomerRole c WHERE c.RoleID=r.Id AND c.CustomerId=(SELECT Id FROM Customer WHERE Name='Arash Child Company 1') AND r.Name='Finance'), 407, 0, UTC_TIMESTAMP(), 1);
INSERT RolePermission (RoleId, PermissionId, VERSION, LastModifiedGMT, LastModifiedByUserId) VALUES ( (SELECT r.Id FROM Role r, CustomerRole c WHERE c.RoleID=r.Id AND c.CustomerId=(SELECT Id FROM Customer WHERE Name='Arash Child Company 1') AND r.Name='Finance'), 408, 0, UTC_TIMESTAMP(), 1);
INSERT RolePermission (RoleId, PermissionId, VERSION, LastModifiedGMT, LastModifiedByUserId) VALUES ( (SELECT r.Id FROM Role r, CustomerRole c WHERE c.RoleID=r.Id AND c.CustomerId=(SELECT Id FROM Customer WHERE Name='Arash Child Company 1') AND r.Name='Finance'), 500, 0, UTC_TIMESTAMP(), 1);
INSERT RolePermission (RoleId, PermissionId, VERSION, LastModifiedGMT, LastModifiedByUserId) VALUES ( (SELECT r.Id FROM Role r, CustomerRole c WHERE c.RoleID=r.Id AND c.CustomerId=(SELECT Id FROM Customer WHERE Name='Arash Child Company 1') AND r.Name='Finance'), 501, 0, UTC_TIMESTAMP(), 1);
INSERT RolePermission (RoleId, PermissionId, VERSION, LastModifiedGMT, LastModifiedByUserId) VALUES ( (SELECT r.Id FROM Role r, CustomerRole c WHERE c.RoleID=r.Id AND c.CustomerId=(SELECT Id FROM Customer WHERE Name='Arash Child Company 1') AND r.Name='Finance'), 502, 0, UTC_TIMESTAMP(), 1);
INSERT RolePermission (RoleId, PermissionId, VERSION, LastModifiedGMT, LastModifiedByUserId) VALUES ( (SELECT r.Id FROM Role r, CustomerRole c WHERE c.RoleID=r.Id AND c.CustomerId=(SELECT Id FROM Customer WHERE Name='Arash Child Company 1') AND r.Name='Finance'), 503, 0, UTC_TIMESTAMP(), 1);
INSERT RolePermission (RoleId, PermissionId, VERSION, LastModifiedGMT, LastModifiedByUserId) VALUES ( (SELECT r.Id FROM Role r, CustomerRole c WHERE c.RoleID=r.Id AND c.CustomerId=(SELECT Id FROM Customer WHERE Name='Arash Child Company 1') AND r.Name='Finance'), 504, 0, UTC_TIMESTAMP(), 1);
INSERT RolePermission (RoleId, PermissionId, VERSION, LastModifiedGMT, LastModifiedByUserId) VALUES ( (SELECT r.Id FROM Role r, CustomerRole c WHERE c.RoleID=r.Id AND c.CustomerId=(SELECT Id FROM Customer WHERE Name='Arash Child Company 1') AND r.Name='Finance'), 505, 0, UTC_TIMESTAMP(), 1);
INSERT RolePermission (RoleId, PermissionId, VERSION, LastModifiedGMT, LastModifiedByUserId) VALUES ( (SELECT r.Id FROM Role r, CustomerRole c WHERE c.RoleID=r.Id AND c.CustomerId=(SELECT Id FROM Customer WHERE Name='Arash Child Company 1') AND r.Name='Finance'), 506, 0, UTC_TIMESTAMP(), 1);
INSERT RolePermission (RoleId, PermissionId, VERSION, LastModifiedGMT, LastModifiedByUserId) VALUES ( (SELECT r.Id FROM Role r, CustomerRole c WHERE c.RoleID=r.Id AND c.CustomerId=(SELECT Id FROM Customer WHERE Name='Arash Child Company 1') AND r.Name='Finance'), 507, 0, UTC_TIMESTAMP(), 1);
INSERT RolePermission (RoleId, PermissionId, VERSION, LastModifiedGMT, LastModifiedByUserId) VALUES ( (SELECT r.Id FROM Role r, CustomerRole c WHERE c.RoleID=r.Id AND c.CustomerId=(SELECT Id FROM Customer WHERE Name='Arash Child Company 1') AND r.Name='Finance'), 600, 0, UTC_TIMESTAMP(), 1);
INSERT RolePermission (RoleId, PermissionId, VERSION, LastModifiedGMT, LastModifiedByUserId) VALUES ( (SELECT r.Id FROM Role r, CustomerRole c WHERE c.RoleID=r.Id AND c.CustomerId=(SELECT Id FROM Customer WHERE Name='Arash Child Company 1') AND r.Name='Finance'), 601, 0, UTC_TIMESTAMP(), 1);
INSERT RolePermission (RoleId, PermissionId, VERSION, LastModifiedGMT, LastModifiedByUserId) VALUES ( (SELECT r.Id FROM Role r, CustomerRole c WHERE c.RoleID=r.Id AND c.CustomerId=(SELECT Id FROM Customer WHERE Name='Arash Child Company 1') AND r.Name='Finance'), 602, 0, UTC_TIMESTAMP(), 1);
INSERT RolePermission (RoleId, PermissionId, VERSION, LastModifiedGMT, LastModifiedByUserId) VALUES ( (SELECT r.Id FROM Role r, CustomerRole c WHERE c.RoleID=r.Id AND c.CustomerId=(SELECT Id FROM Customer WHERE Name='Arash Child Company 1') AND r.Name='Finance'), 700, 0, UTC_TIMESTAMP(), 1);
INSERT RolePermission (RoleId, PermissionId, VERSION, LastModifiedGMT, LastModifiedByUserId) VALUES ( (SELECT r.Id FROM Role r, CustomerRole c WHERE c.RoleID=r.Id AND c.CustomerId=(SELECT Id FROM Customer WHERE Name='Arash Child Company 1') AND r.Name='Finance'), 701, 0, UTC_TIMESTAMP(), 1);
INSERT RolePermission (RoleId, PermissionId, VERSION, LastModifiedGMT, LastModifiedByUserId) VALUES ( (SELECT r.Id FROM Role r, CustomerRole c WHERE c.RoleID=r.Id AND c.CustomerId=(SELECT Id FROM Customer WHERE Name='Arash Child Company 1') AND r.Name='Finance'), 702, 0, UTC_TIMESTAMP(), 1);
INSERT RolePermission (RoleId, PermissionId, VERSION, LastModifiedGMT, LastModifiedByUserId) VALUES ( (SELECT r.Id FROM Role r, CustomerRole c WHERE c.RoleID=r.Id AND c.CustomerId=(SELECT Id FROM Customer WHERE Name='Arash Child Company 1') AND r.Name='Finance'), 800, 0, UTC_TIMESTAMP(), 1);
INSERT RolePermission (RoleId, PermissionId, VERSION, LastModifiedGMT, LastModifiedByUserId) VALUES ( (SELECT r.Id FROM Role r, CustomerRole c WHERE c.RoleID=r.Id AND c.CustomerId=(SELECT Id FROM Customer WHERE Name='Arash Child Company 1') AND r.Name='Finance'), 801, 0, UTC_TIMESTAMP(), 1);
INSERT RolePermission (RoleId, PermissionId, VERSION, LastModifiedGMT, LastModifiedByUserId) VALUES ( (SELECT r.Id FROM Role r, CustomerRole c WHERE c.RoleID=r.Id AND c.CustomerId=(SELECT Id FROM Customer WHERE Name='Arash Child Company 1') AND r.Name='Finance'), 900, 0, UTC_TIMESTAMP(), 1);
INSERT RolePermission (RoleId, PermissionId, VERSION, LastModifiedGMT, LastModifiedByUserId) VALUES ( (SELECT r.Id FROM Role r, CustomerRole c WHERE c.RoleID=r.Id AND c.CustomerId=(SELECT Id FROM Customer WHERE Name='Arash Child Company 1') AND r.Name='Finance'), 901, 0, UTC_TIMESTAMP(), 1);

INSERT RolePermission (RoleId, PermissionId, VERSION, LastModifiedGMT, LastModifiedByUserId) VALUES ( (SELECT r.Id FROM Role r, CustomerRole c WHERE c.RoleID=r.Id AND c.CustomerId=(SELECT Id FROM Customer WHERE Name='Arash Child Company 1') AND r.Name='Collections'), 1001, 0, UTC_TIMESTAMP(), 1);INSERT RolePermission (RoleId, PermissionId, VERSION, LastModifiedGMT, LastModifiedByUserId) VALUES ( (SELECT r.Id FROM Role r, CustomerRole c WHERE c.RoleID=r.Id AND c.CustomerId=(SELECT Id FROM Customer WHERE Name='Arash Child Company 1') AND r.Name='Maintenance'), 1001, 0, UTC_TIMESTAMP(), 1);INSERT RolePermission (RoleId, PermissionId, VERSION, LastModifiedGMT, LastModifiedByUserId) VALUES ( (SELECT r.Id FROM Role r, CustomerRole c WHERE c.RoleID=r.Id AND c.CustomerId=(SELECT Id FROM Customer WHERE Name='Arash Child Company 1') AND r.Name='Enforcement'), 1001, 0, UTC_TIMESTAMP(), 1);INSERT RolePermission (RoleId, PermissionId, VERSION, LastModifiedGMT, LastModifiedByUserId) VALUES ( (SELECT r.Id FROM Role r, CustomerRole c WHERE c.RoleID=r.Id AND c.CustomerId=(SELECT Id FROM Customer WHERE Name='Arash Child Company 1') AND r.Name='Other'), 1001, 0, UTC_TIMESTAMP(), 1);

INSERT RolePermission (RoleId, PermissionId, VERSION, LastModifiedGMT, LastModifiedByUserId) VALUES ( (SELECT r.Id FROM Role r, CustomerRole c WHERE c.RoleID=r.Id AND c.CustomerId=(SELECT Id FROM Customer WHERE Name='Arash Child Company 1') AND r.Name='Collections'), 1003, 0, UTC_TIMESTAMP(), 1);INSERT RolePermission (RoleId, PermissionId, VERSION, LastModifiedGMT, LastModifiedByUserId) VALUES ( (SELECT r.Id FROM Role r, CustomerRole c WHERE c.RoleID=r.Id AND c.CustomerId=(SELECT Id FROM Customer WHERE Name='Arash Child Company 1') AND r.Name='Maintenance'), 1003, 0, UTC_TIMESTAMP(), 1);INSERT RolePermission (RoleId, PermissionId, VERSION, LastModifiedGMT, LastModifiedByUserId) VALUES ( (SELECT r.Id FROM Role r, CustomerRole c WHERE c.RoleID=r.Id AND c.CustomerId=(SELECT Id FROM Customer WHERE Name='Arash Child Company 1') AND r.Name='Enforcement'), 1003, 0, UTC_TIMESTAMP(), 1);INSERT RolePermission (RoleId, PermissionId, VERSION, LastModifiedGMT, LastModifiedByUserId) VALUES ( (SELECT r.Id FROM Role r, CustomerRole c WHERE c.RoleID=r.Id AND c.CustomerId=(SELECT Id FROM Customer WHERE Name='Arash Child Company 1') AND r.Name='Other'), 1003, 0, UTC_TIMESTAMP(), 1);

INSERT RolePermission (RoleId, PermissionId, VERSION, LastModifiedGMT, LastModifiedByUserId) VALUES ( (SELECT r.Id FROM Role r, CustomerRole c WHERE c.RoleID=r.Id AND c.CustomerId=(SELECT Id FROM Customer WHERE Name='Arash Child Company 1') AND r.Name='Collections'), 1005, 0, UTC_TIMESTAMP(), 1);INSERT RolePermission (RoleId, PermissionId, VERSION, LastModifiedGMT, LastModifiedByUserId) VALUES ( (SELECT r.Id FROM Role r, CustomerRole c WHERE c.RoleID=r.Id AND c.CustomerId=(SELECT Id FROM Customer WHERE Name='Arash Child Company 1') AND r.Name='Maintenance'), 1005, 0, UTC_TIMESTAMP(), 1);INSERT RolePermission (RoleId, PermissionId, VERSION, LastModifiedGMT, LastModifiedByUserId) VALUES ( (SELECT r.Id FROM Role r, CustomerRole c WHERE c.RoleID=r.Id AND c.CustomerId=(SELECT Id FROM Customer WHERE Name='Arash Child Company 1') AND r.Name='Enforcement'), 1005, 0, UTC_TIMESTAMP(), 1);INSERT RolePermission (RoleId, PermissionId, VERSION, LastModifiedGMT, LastModifiedByUserId) VALUES ( (SELECT r.Id FROM Role r, CustomerRole c WHERE c.RoleID=r.Id AND c.CustomerId=(SELECT Id FROM Customer WHERE Name='Arash Child Company 1') AND r.Name='Other'), 1005, 0, UTC_TIMESTAMP(), 1);


INSERT RolePermission (RoleId, PermissionId, VERSION, LastModifiedGMT, LastModifiedByUserId) VALUES ( (SELECT r.Id FROM Role r, CustomerRole c WHERE c.RoleID=r.Id AND c.CustomerId=(SELECT Id FROM Customer WHERE Name='Arash Child Company 1') AND r.Name='Enforcement'), 1008, 0, UTC_TIMESTAMP(), 1);INSERT RolePermission (RoleId, PermissionId, VERSION, LastModifiedGMT, LastModifiedByUserId) VALUES ( (SELECT r.Id FROM Role r, CustomerRole c WHERE c.RoleID=r.Id AND c.CustomerId=(SELECT Id FROM Customer WHERE Name='Arash Child Company 1') AND r.Name='Other'), 1008, 0, UTC_TIMESTAMP(), 1);



















-- User Accounts

INSERT CustomerEmail (CustomerId, Email, VERSION, LastModifiedGMT, LastModifiedByUserId) VALUES ( (SELECT Id FROM Customer WHERE Name='Arash Child Company 1'),'arash.taheri10@digitalpaytech.com', 0, UTC_TIMESTAMP(), 1);INSERT UserAccount (CustomerId, UserStatusTypeId, UserName, CustomerEmailId, FirstName, LastName, Password, PasswordSalt, IsPasswordTemporary, VERSION, LastModifiedGMT, LastModifiedByUserId) VALUES ( (SELECT Id FROM Customer WHERE Name='Arash Child Company 1'), 1, 'Arash+Child+1+Admin', (SELECT Id FROM CustomerEmail WHERE Email='arash.taheri10@digitalpaytech.com'), 'Child Admin', 'Admin', '1e9a106ae96e7efe83ba4a5aad1911be42a7bcbe', 'salt', 0, 0, UTC_TIMESTAMP(), 1);INSERT UserDefaultDashboard (UserAccountId, IsDefaultDashboard, VERSION, LastModifiedGMT, LastModifiedByUserId) VALUES ((SELECT Id FROM UserAccount WHERE Username='Arash+Child+1+Admin'), 1, 0, UTC_TIMESTAMP(), 1);INSERT UserRole (UserAccountId, RoleId, VERSION, LastModifiedGMT, LastModifiedByUserId) VALUES ((SELECT Id FROM UserAccount WHERE Username='Arash+Child+1+Admin'), 3, 0, UTC_TIMESTAMP(), 1);
INSERT CustomerEmail (CustomerId, Email, VERSION, LastModifiedGMT, LastModifiedByUserId) VALUES ( (SELECT Id FROM Customer WHERE Name='Arash Child Company 1'),'arash.taheri11@digitalpaytech.com', 0, UTC_TIMESTAMP(), 1);INSERT UserAccount (CustomerId, UserStatusTypeId, UserName, CustomerEmailId, FirstName, LastName, Password, PasswordSalt, IsPasswordTemporary, VERSION, LastModifiedGMT, LastModifiedByUserId) VALUES ( (SELECT Id FROM Customer WHERE Name='Arash Child Company 1'), 1, 'Arash+Child+1+Collection', (SELECT Id FROM CustomerEmail WHERE Email='arash.taheri11@digitalpaytech.com'), 'Child Non Ad Coll', 'Collection', '1e9a106ae96e7efe83ba4a5aad1911be42a7bcbe', 'salt', 0, 0, UTC_TIMESTAMP(), 1);INSERT UserDefaultDashboard (UserAccountId, IsDefaultDashboard, VERSION, LastModifiedGMT, LastModifiedByUserId) VALUES ((SELECT Id FROM UserAccount WHERE Username='Arash+Child+1+Collection'), 1, 0, UTC_TIMESTAMP(), 1);INSERT UserRole (UserAccountId, RoleId, VERSION, LastModifiedGMT, LastModifiedByUserId) VALUES ((SELECT Id FROM UserAccount WHERE Username='Arash+Child+1+Collection'), (SELECT r.Id FROM Role r, CustomerRole c WHERE c.RoleID=r.Id AND c.CustomerId=(SELECT Id FROM Customer WHERE Name='Arash Child Company 1') AND r.Name='Collections'), 0, UTC_TIMESTAMP(), 1);
INSERT CustomerEmail (CustomerId, Email, VERSION, LastModifiedGMT, LastModifiedByUserId) VALUES ( (SELECT Id FROM Customer WHERE Name='Arash Child Company 1'),'arash.taheri12@digitalpaytech.com', 0, UTC_TIMESTAMP(), 1);INSERT UserAccount (CustomerId, UserStatusTypeId, UserName, CustomerEmailId, FirstName, LastName, Password, PasswordSalt, IsPasswordTemporary, VERSION, LastModifiedGMT, LastModifiedByUserId) VALUES ( (SELECT Id FROM Customer WHERE Name='Arash Child Company 1'), 1, 'Arash+Child+1+Maintenance', (SELECT Id FROM CustomerEmail WHERE Email='arash.taheri12@digitalpaytech.com'), 'Child Non Ad Maint', 'Maintenance', '1e9a106ae96e7efe83ba4a5aad1911be42a7bcbe', 'salt', 0, 0, UTC_TIMESTAMP(), 1);INSERT UserDefaultDashboard (UserAccountId, IsDefaultDashboard, VERSION, LastModifiedGMT, LastModifiedByUserId) VALUES ((SELECT Id FROM UserAccount WHERE Username='Arash+Child+1+Maintenance'), 1, 0, UTC_TIMESTAMP(), 1);INSERT UserRole (UserAccountId, RoleId, VERSION, LastModifiedGMT, LastModifiedByUserId) VALUES ((SELECT Id FROM UserAccount WHERE Username='Arash+Child+1+Maintenance'), (SELECT r.Id FROM Role r, CustomerRole c WHERE c.RoleID=r.Id AND c.CustomerId=(SELECT Id FROM Customer WHERE Name='Arash Child Company 1') AND r.Name='Maintenance'), 0, UTC_TIMESTAMP(), 1);
INSERT CustomerEmail (CustomerId, Email, VERSION, LastModifiedGMT, LastModifiedByUserId) VALUES ( (SELECT Id FROM Customer WHERE Name='Arash Child Company 1'),'arash.taheri13@digitalpaytech.com', 0, UTC_TIMESTAMP(), 1);INSERT UserAccount (CustomerId, UserStatusTypeId, UserName, CustomerEmailId, FirstName, LastName, Password, PasswordSalt, IsPasswordTemporary, VERSION, LastModifiedGMT, LastModifiedByUserId) VALUES ( (SELECT Id FROM Customer WHERE Name='Arash Child Company 1'), 1, 'Arash+Child+1+Finance', (SELECT Id FROM CustomerEmail WHERE Email='arash.taheri13@digitalpaytech.com'), 'Child Non Ad Fin', 'Finance', '1e9a106ae96e7efe83ba4a5aad1911be42a7bcbe', 'salt', 0, 0, UTC_TIMESTAMP(), 1);INSERT UserDefaultDashboard (UserAccountId, IsDefaultDashboard, VERSION, LastModifiedGMT, LastModifiedByUserId) VALUES ((SELECT Id FROM UserAccount WHERE Username='Arash+Child+1+Finance'), 1, 0, UTC_TIMESTAMP(), 1);INSERT UserRole (UserAccountId, RoleId, VERSION, LastModifiedGMT, LastModifiedByUserId) VALUES ((SELECT Id FROM UserAccount WHERE Username='Arash+Child+1+Finance'), (SELECT r.Id FROM Role r, CustomerRole c WHERE c.RoleID=r.Id AND c.CustomerId=(SELECT Id FROM Customer WHERE Name='Arash Child Company 1') AND r.Name='Finance'), 0, UTC_TIMESTAMP(), 1);
INSERT CustomerEmail (CustomerId, Email, VERSION, LastModifiedGMT, LastModifiedByUserId) VALUES ( (SELECT Id FROM Customer WHERE Name='Arash Child Company 1'),'arash.taheri14@digitalpaytech.com', 0, UTC_TIMESTAMP(), 1);INSERT UserAccount (CustomerId, UserStatusTypeId, UserName, CustomerEmailId, FirstName, LastName, Password, PasswordSalt, IsPasswordTemporary, VERSION, LastModifiedGMT, LastModifiedByUserId) VALUES ( (SELECT Id FROM Customer WHERE Name='Arash Child Company 1'), 1, 'Arash+Child+1+Enforcement', (SELECT Id FROM CustomerEmail WHERE Email='arash.taheri14@digitalpaytech.com'), 'Child Non Ad Enf', 'Enforcement', '1e9a106ae96e7efe83ba4a5aad1911be42a7bcbe', 'salt', 0, 0, UTC_TIMESTAMP(), 1);INSERT UserDefaultDashboard (UserAccountId, IsDefaultDashboard, VERSION, LastModifiedGMT, LastModifiedByUserId) VALUES ((SELECT Id FROM UserAccount WHERE Username='Arash+Child+1+Enforcement'), 1, 0, UTC_TIMESTAMP(), 1);INSERT UserRole (UserAccountId, RoleId, VERSION, LastModifiedGMT, LastModifiedByUserId) VALUES ((SELECT Id FROM UserAccount WHERE Username='Arash+Child+1+Enforcement'), (SELECT r.Id FROM Role r, CustomerRole c WHERE c.RoleID=r.Id AND c.CustomerId=(SELECT Id FROM Customer WHERE Name='Arash Child Company 1') AND r.Name='Enforcement'), 0, UTC_TIMESTAMP(), 1);
INSERT CustomerEmail (CustomerId, Email, VERSION, LastModifiedGMT, LastModifiedByUserId) VALUES ( (SELECT Id FROM Customer WHERE Name='Arash Child Company 1'),'arash.taheri15@digitalpaytech.com', 0, UTC_TIMESTAMP(), 1);INSERT UserAccount (CustomerId, UserStatusTypeId, UserName, CustomerEmailId, FirstName, LastName, Password, PasswordSalt, IsPasswordTemporary, VERSION, LastModifiedGMT, LastModifiedByUserId) VALUES ( (SELECT Id FROM Customer WHERE Name='Arash Child Company 1'), 1, 'Arash+Child+1+Other', (SELECT Id FROM CustomerEmail WHERE Email='arash.taheri15@digitalpaytech.com'), 'Child non Ad Other', 'Other', '1e9a106ae96e7efe83ba4a5aad1911be42a7bcbe', 'salt', 0, 0, UTC_TIMESTAMP(), 1);INSERT UserDefaultDashboard (UserAccountId, IsDefaultDashboard, VERSION, LastModifiedGMT, LastModifiedByUserId) VALUES ((SELECT Id FROM UserAccount WHERE Username='Arash+Child+1+Other'), 1, 0, UTC_TIMESTAMP(), 1);INSERT UserRole (UserAccountId, RoleId, VERSION, LastModifiedGMT, LastModifiedByUserId) VALUES ((SELECT Id FROM UserAccount WHERE Username='Arash+Child+1+Other'), (SELECT r.Id FROM Role r, CustomerRole c WHERE c.RoleID=r.Id AND c.CustomerId=(SELECT Id FROM Customer WHERE Name='Arash Child Company 1') AND r.Name='Other'), 0, UTC_TIMESTAMP(), 1);



-- *** Arash SA Company ***
-- Customer
INSERT Customer (CustomerTypeId, CustomerStatusTypeId, ParentCustomerId, Name, IsParent, VERSION, LastModifiedGMT, LastModifiedByUserId) VALUES (3, 1, NULL, 'Arash SA Company', 0, 0, UTC_TIMESTAMP(), 1);


INSERT CustomerAgreement (CustomerId, ServiceAgreementId, Name, Title, Organization, AgreedGMT, IsOverride, VERSION, LastModifiedGMT, LastModifiedByUserId) VALUES ((SELECT Id From Customer WHERE Name='Arash SA Company'), 1, 'John Smith','QA','Arash SA Company','1900-01-00',1,1,UTC_TIMESTAMP(), 1); 






-- Subscribed Services
INSERT CustomerSubscription (CustomerId, SubscriptionTypeId, IsEnabled, VERSION, LastModifiedGMT, LastModifiedByUserId) VALUES ( (SELECT ID From Customer WHERE Name='Arash SA Company'), 100, 1, 0, UTC_TIMESTAMP(), 1);
INSERT CustomerSubscription (CustomerId, SubscriptionTypeId, IsEnabled, VERSION, LastModifiedGMT, LastModifiedByUserId) VALUES ( (SELECT ID From Customer WHERE Name='Arash SA Company'), 200, 1, 0, UTC_TIMESTAMP(), 1);
INSERT CustomerSubscription (CustomerId, SubscriptionTypeId, IsEnabled, VERSION, LastModifiedGMT, LastModifiedByUserId) VALUES ( (SELECT ID From Customer WHERE Name='Arash SA Company'), 300, 1, 0, UTC_TIMESTAMP(), 1);
INSERT CustomerSubscription (CustomerId, SubscriptionTypeId, IsEnabled, VERSION, LastModifiedGMT, LastModifiedByUserId) VALUES ( (SELECT ID From Customer WHERE Name='Arash SA Company'), 400, 1, 0, UTC_TIMESTAMP(), 1);
INSERT CustomerSubscription (CustomerId, SubscriptionTypeId, IsEnabled, VERSION, LastModifiedGMT, LastModifiedByUserId) VALUES ( (SELECT ID From Customer WHERE Name='Arash SA Company'), 500, 1, 0, UTC_TIMESTAMP(), 1);
INSERT CustomerSubscription (CustomerId, SubscriptionTypeId, IsEnabled, VERSION, LastModifiedGMT, LastModifiedByUserId) VALUES ( (SELECT ID From Customer WHERE Name='Arash SA Company'), 600, 1, 0, UTC_TIMESTAMP(), 1);
INSERT CustomerSubscription (CustomerId, SubscriptionTypeId, IsEnabled, VERSION, LastModifiedGMT, LastModifiedByUserId) VALUES ( (SELECT ID From Customer WHERE Name='Arash SA Company'), 700, 1, 0, UTC_TIMESTAMP(), 1);
INSERT CustomerSubscription (CustomerId, SubscriptionTypeId, IsEnabled, VERSION, LastModifiedGMT, LastModifiedByUserId) VALUES ( (SELECT ID From Customer WHERE Name='Arash SA Company'), 800, 1, 0, UTC_TIMESTAMP(), 1);
INSERT CustomerSubscription (CustomerId, SubscriptionTypeId, IsEnabled, VERSION, LastModifiedGMT, LastModifiedByUserId) VALUES ( (SELECT ID From Customer WHERE Name='Arash SA Company'), 900, 1, 0, UTC_TIMESTAMP(), 1);
INSERT CustomerSubscription (CustomerId, SubscriptionTypeId, IsEnabled, VERSION, LastModifiedGMT, LastModifiedByUserId) VALUES ( (SELECT ID From Customer WHERE Name='Arash SA Company'), 1000, 1, 0, UTC_TIMESTAMP(), 1);
INSERT CustomerSubscription (CustomerId, SubscriptionTypeId, IsEnabled, VERSION, LastModifiedGMT, LastModifiedByUserId) VALUES ( (SELECT ID From Customer WHERE Name='Arash SA Company'), 1100, 1, 0, UTC_TIMESTAMP(), 1);
INSERT CustomerSubscription (CustomerId, SubscriptionTypeId, IsEnabled, VERSION, LastModifiedGMT, LastModifiedByUserId) VALUES ( (SELECT ID From Customer WHERE Name='Arash SA Company'), 1200, 1, 0, UTC_TIMESTAMP(), 1);
INSERT CustomerSubscription (CustomerId, SubscriptionTypeId, IsEnabled, VERSION, LastModifiedGMT, LastModifiedByUserId) VALUES ( (SELECT ID From Customer WHERE Name='Arash SA Company'), 1600, 1, 0, UTC_TIMESTAMP(), 1);

-- Customer Properties
INSERT CustomerProperty (CustomerId,CustomerPropertyTypeId,PropertyValue,VERSION,LastModifiedGMT,LastModifiedByUserId) VALUES ( (SELECT ID From Customer WHERE Name='Arash SA Company'), 1, 'US/Pacific' , 0,UTC_TIMESTAMP(),1 );
INSERT CustomerProperty (CustomerId,CustomerPropertyTypeId,PropertyValue,VERSION,LastModifiedGMT,LastModifiedByUserId) VALUES ( (SELECT ID From Customer WHERE Name='Arash SA Company'), 2, 'Region' , 0,UTC_TIMESTAMP(),1 );
INSERT CustomerProperty (CustomerId,CustomerPropertyTypeId,PropertyValue,VERSION,LastModifiedGMT,LastModifiedByUserId) VALUES ( (SELECT ID From Customer WHERE Name='Arash SA Company'), 3, '6' , 0,UTC_TIMESTAMP(),1 );
INSERT CustomerProperty (CustomerId,CustomerPropertyTypeId,PropertyValue,VERSION,LastModifiedGMT,LastModifiedByUserId) VALUES ( (SELECT ID From Customer WHERE Name='Arash SA Company'), 4, 'on' , 0,UTC_TIMESTAMP(),1 );
INSERT CustomerProperty (CustomerId,CustomerPropertyTypeId,PropertyValue,VERSION,LastModifiedGMT,LastModifiedByUserId) VALUES ( (SELECT ID From Customer WHERE Name='Arash SA Company'), 5, '3' , 0,UTC_TIMESTAMP(),1 );
INSERT CustomerProperty (CustomerId,CustomerPropertyTypeId,PropertyValue,VERSION,LastModifiedGMT,LastModifiedByUserId) VALUES ( (SELECT ID From Customer WHERE Name='Arash SA Company'), 6, '59' , 0,UTC_TIMESTAMP(),1 );
INSERT CustomerProperty (CustomerId,CustomerPropertyTypeId,PropertyValue,VERSION,LastModifiedGMT,LastModifiedByUserId) VALUES ( (SELECT ID From Customer WHERE Name='Arash SA Company'), 7, '?' , 0,UTC_TIMESTAMP(),1 );
INSERT CustomerProperty (CustomerId,CustomerPropertyTypeId,PropertyValue,VERSION,LastModifiedGMT,LastModifiedByUserId) VALUES ( (SELECT ID From Customer WHERE Name='Arash SA Company'), 8, 'no' , 0,UTC_TIMESTAMP(),1 );
INSERT CustomerProperty (CustomerId,CustomerPropertyTypeId,PropertyValue,VERSION,LastModifiedGMT,LastModifiedByUserId) VALUES ( (SELECT ID From Customer WHERE Name='Arash SA Company'), 9, '49.25' , 0,UTC_TIMESTAMP(),1 );
INSERT CustomerProperty (CustomerId,CustomerPropertyTypeId,PropertyValue,VERSION,LastModifiedGMT,LastModifiedByUserId) VALUES ( (SELECT ID From Customer WHERE Name='Arash SA Company'), 10, '-123.133056' , 0,UTC_TIMESTAMP(),1 );

-- Locations




















-- Pay Stations































-- Roles

-- Custom Roles

INSERT Role (CustomerTypeId, RoleStatusTypeId, Name, IsAdmin, IsLocked, ClonedRoleId, VERSION, LastModifiedGMT, LastModifiedByUserId) VALUES (3, 1, 'Finance', 0, 0, null, 0, UTC_TIMESTAMP(), 1) ;INSERT CustomerRole (CustomerId, RoleId, VERSION, LastModifiedGMT, LastModifiedByUserId) VALUES ( (SELECT Id FROM Customer WHERE Name='Arash SA Company'), (SELECT LAST_INSERT_ID()), 0, UTC_TIMESTAMP(), 1);
INSERT Role (CustomerTypeId, RoleStatusTypeId, Name, IsAdmin, IsLocked, ClonedRoleId, VERSION, LastModifiedGMT, LastModifiedByUserId) VALUES (3, 1, 'Collections', 0, 0, null, 0, UTC_TIMESTAMP(), 1) ;INSERT CustomerRole (CustomerId, RoleId, VERSION, LastModifiedGMT, LastModifiedByUserId) VALUES ( (SELECT Id FROM Customer WHERE Name='Arash SA Company'), (SELECT LAST_INSERT_ID()), 0, UTC_TIMESTAMP(), 1);
INSERT Role (CustomerTypeId, RoleStatusTypeId, Name, IsAdmin, IsLocked, ClonedRoleId, VERSION, LastModifiedGMT, LastModifiedByUserId) VALUES (3, 1, 'Maintenance', 0, 0, null, 0, UTC_TIMESTAMP(), 1) ;INSERT CustomerRole (CustomerId, RoleId, VERSION, LastModifiedGMT, LastModifiedByUserId) VALUES ( (SELECT Id FROM Customer WHERE Name='Arash SA Company'), (SELECT LAST_INSERT_ID()), 0, UTC_TIMESTAMP(), 1);
INSERT Role (CustomerTypeId, RoleStatusTypeId, Name, IsAdmin, IsLocked, ClonedRoleId, VERSION, LastModifiedGMT, LastModifiedByUserId) VALUES (3, 1, 'Enforcement', 0, 0, null, 0, UTC_TIMESTAMP(), 1) ;INSERT CustomerRole (CustomerId, RoleId, VERSION, LastModifiedGMT, LastModifiedByUserId) VALUES ( (SELECT Id FROM Customer WHERE Name='Arash SA Company'), (SELECT LAST_INSERT_ID()), 0, UTC_TIMESTAMP(), 1);
INSERT Role (CustomerTypeId, RoleStatusTypeId, Name, IsAdmin, IsLocked, ClonedRoleId, VERSION, LastModifiedGMT, LastModifiedByUserId) VALUES (3, 1, 'Other', 0, 0, null, 0, UTC_TIMESTAMP(), 1) ;INSERT CustomerRole (CustomerId, RoleId, VERSION, LastModifiedGMT, LastModifiedByUserId) VALUES ( (SELECT Id FROM Customer WHERE Name='Arash SA Company'), (SELECT LAST_INSERT_ID()), 0, UTC_TIMESTAMP(), 1);
-- Permissions


INSERT RolePermission (RoleId, PermissionId, VERSION, LastModifiedGMT, LastModifiedByUserId) VALUES ( (SELECT r.Id FROM Role r, CustomerRole c WHERE c.RoleID=r.Id AND c.CustomerId=(SELECT Id FROM Customer WHERE Name='Arash SA Company') AND r.Name='Finance'), 100, 0, UTC_TIMESTAMP(), 1);
INSERT RolePermission (RoleId, PermissionId, VERSION, LastModifiedGMT, LastModifiedByUserId) VALUES ( (SELECT r.Id FROM Role r, CustomerRole c WHERE c.RoleID=r.Id AND c.CustomerId=(SELECT Id FROM Customer WHERE Name='Arash SA Company') AND r.Name='Finance'), 200, 0, UTC_TIMESTAMP(), 1);
INSERT RolePermission (RoleId, PermissionId, VERSION, LastModifiedGMT, LastModifiedByUserId) VALUES ( (SELECT r.Id FROM Role r, CustomerRole c WHERE c.RoleID=r.Id AND c.CustomerId=(SELECT Id FROM Customer WHERE Name='Arash SA Company') AND r.Name='Finance'), 201, 0, UTC_TIMESTAMP(), 1);INSERT RolePermission (RoleId, PermissionId, VERSION, LastModifiedGMT, LastModifiedByUserId) VALUES ( (SELECT r.Id FROM Role r, CustomerRole c WHERE c.RoleID=r.Id AND c.CustomerId=(SELECT Id FROM Customer WHERE Name='Arash SA Company') AND r.Name='Collections'), 201, 0, UTC_TIMESTAMP(), 1);INSERT RolePermission (RoleId, PermissionId, VERSION, LastModifiedGMT, LastModifiedByUserId) VALUES ( (SELECT r.Id FROM Role r, CustomerRole c WHERE c.RoleID=r.Id AND c.CustomerId=(SELECT Id FROM Customer WHERE Name='Arash SA Company') AND r.Name='Maintenance'), 201, 0, UTC_TIMESTAMP(), 1);
INSERT RolePermission (RoleId, PermissionId, VERSION, LastModifiedGMT, LastModifiedByUserId) VALUES ( (SELECT r.Id FROM Role r, CustomerRole c WHERE c.RoleID=r.Id AND c.CustomerId=(SELECT Id FROM Customer WHERE Name='Arash SA Company') AND r.Name='Finance'), 202, 0, UTC_TIMESTAMP(), 1);
INSERT RolePermission (RoleId, PermissionId, VERSION, LastModifiedGMT, LastModifiedByUserId) VALUES ( (SELECT r.Id FROM Role r, CustomerRole c WHERE c.RoleID=r.Id AND c.CustomerId=(SELECT Id FROM Customer WHERE Name='Arash SA Company') AND r.Name='Finance'), 300, 0, UTC_TIMESTAMP(), 1);INSERT RolePermission (RoleId, PermissionId, VERSION, LastModifiedGMT, LastModifiedByUserId) VALUES ( (SELECT r.Id FROM Role r, CustomerRole c WHERE c.RoleID=r.Id AND c.CustomerId=(SELECT Id FROM Customer WHERE Name='Arash SA Company') AND r.Name='Collections'), 300, 0, UTC_TIMESTAMP(), 1);
INSERT RolePermission (RoleId, PermissionId, VERSION, LastModifiedGMT, LastModifiedByUserId) VALUES ( (SELECT r.Id FROM Role r, CustomerRole c WHERE c.RoleID=r.Id AND c.CustomerId=(SELECT Id FROM Customer WHERE Name='Arash SA Company') AND r.Name='Finance'), 301, 0, UTC_TIMESTAMP(), 1);INSERT RolePermission (RoleId, PermissionId, VERSION, LastModifiedGMT, LastModifiedByUserId) VALUES ( (SELECT r.Id FROM Role r, CustomerRole c WHERE c.RoleID=r.Id AND c.CustomerId=(SELECT Id FROM Customer WHERE Name='Arash SA Company') AND r.Name='Collections'), 301, 0, UTC_TIMESTAMP(), 1);
INSERT RolePermission (RoleId, PermissionId, VERSION, LastModifiedGMT, LastModifiedByUserId) VALUES ( (SELECT r.Id FROM Role r, CustomerRole c WHERE c.RoleID=r.Id AND c.CustomerId=(SELECT Id FROM Customer WHERE Name='Arash SA Company') AND r.Name='Finance'), 400, 0, UTC_TIMESTAMP(), 1);
INSERT RolePermission (RoleId, PermissionId, VERSION, LastModifiedGMT, LastModifiedByUserId) VALUES ( (SELECT r.Id FROM Role r, CustomerRole c WHERE c.RoleID=r.Id AND c.CustomerId=(SELECT Id FROM Customer WHERE Name='Arash SA Company') AND r.Name='Finance'), 401, 0, UTC_TIMESTAMP(), 1);
INSERT RolePermission (RoleId, PermissionId, VERSION, LastModifiedGMT, LastModifiedByUserId) VALUES ( (SELECT r.Id FROM Role r, CustomerRole c WHERE c.RoleID=r.Id AND c.CustomerId=(SELECT Id FROM Customer WHERE Name='Arash SA Company') AND r.Name='Finance'), 402, 0, UTC_TIMESTAMP(), 1);
INSERT RolePermission (RoleId, PermissionId, VERSION, LastModifiedGMT, LastModifiedByUserId) VALUES ( (SELECT r.Id FROM Role r, CustomerRole c WHERE c.RoleID=r.Id AND c.CustomerId=(SELECT Id FROM Customer WHERE Name='Arash SA Company') AND r.Name='Finance'), 403, 0, UTC_TIMESTAMP(), 1);
INSERT RolePermission (RoleId, PermissionId, VERSION, LastModifiedGMT, LastModifiedByUserId) VALUES ( (SELECT r.Id FROM Role r, CustomerRole c WHERE c.RoleID=r.Id AND c.CustomerId=(SELECT Id FROM Customer WHERE Name='Arash SA Company') AND r.Name='Finance'), 404, 0, UTC_TIMESTAMP(), 1);
INSERT RolePermission (RoleId, PermissionId, VERSION, LastModifiedGMT, LastModifiedByUserId) VALUES ( (SELECT r.Id FROM Role r, CustomerRole c WHERE c.RoleID=r.Id AND c.CustomerId=(SELECT Id FROM Customer WHERE Name='Arash SA Company') AND r.Name='Finance'), 405, 0, UTC_TIMESTAMP(), 1);
INSERT RolePermission (RoleId, PermissionId, VERSION, LastModifiedGMT, LastModifiedByUserId) VALUES ( (SELECT r.Id FROM Role r, CustomerRole c WHERE c.RoleID=r.Id AND c.CustomerId=(SELECT Id FROM Customer WHERE Name='Arash SA Company') AND r.Name='Finance'), 406, 0, UTC_TIMESTAMP(), 1);
INSERT RolePermission (RoleId, PermissionId, VERSION, LastModifiedGMT, LastModifiedByUserId) VALUES ( (SELECT r.Id FROM Role r, CustomerRole c WHERE c.RoleID=r.Id AND c.CustomerId=(SELECT Id FROM Customer WHERE Name='Arash SA Company') AND r.Name='Finance'), 407, 0, UTC_TIMESTAMP(), 1);
INSERT RolePermission (RoleId, PermissionId, VERSION, LastModifiedGMT, LastModifiedByUserId) VALUES ( (SELECT r.Id FROM Role r, CustomerRole c WHERE c.RoleID=r.Id AND c.CustomerId=(SELECT Id FROM Customer WHERE Name='Arash SA Company') AND r.Name='Finance'), 408, 0, UTC_TIMESTAMP(), 1);
INSERT RolePermission (RoleId, PermissionId, VERSION, LastModifiedGMT, LastModifiedByUserId) VALUES ( (SELECT r.Id FROM Role r, CustomerRole c WHERE c.RoleID=r.Id AND c.CustomerId=(SELECT Id FROM Customer WHERE Name='Arash SA Company') AND r.Name='Finance'), 500, 0, UTC_TIMESTAMP(), 1);
INSERT RolePermission (RoleId, PermissionId, VERSION, LastModifiedGMT, LastModifiedByUserId) VALUES ( (SELECT r.Id FROM Role r, CustomerRole c WHERE c.RoleID=r.Id AND c.CustomerId=(SELECT Id FROM Customer WHERE Name='Arash SA Company') AND r.Name='Finance'), 501, 0, UTC_TIMESTAMP(), 1);
INSERT RolePermission (RoleId, PermissionId, VERSION, LastModifiedGMT, LastModifiedByUserId) VALUES ( (SELECT r.Id FROM Role r, CustomerRole c WHERE c.RoleID=r.Id AND c.CustomerId=(SELECT Id FROM Customer WHERE Name='Arash SA Company') AND r.Name='Finance'), 502, 0, UTC_TIMESTAMP(), 1);
INSERT RolePermission (RoleId, PermissionId, VERSION, LastModifiedGMT, LastModifiedByUserId) VALUES ( (SELECT r.Id FROM Role r, CustomerRole c WHERE c.RoleID=r.Id AND c.CustomerId=(SELECT Id FROM Customer WHERE Name='Arash SA Company') AND r.Name='Finance'), 503, 0, UTC_TIMESTAMP(), 1);
INSERT RolePermission (RoleId, PermissionId, VERSION, LastModifiedGMT, LastModifiedByUserId) VALUES ( (SELECT r.Id FROM Role r, CustomerRole c WHERE c.RoleID=r.Id AND c.CustomerId=(SELECT Id FROM Customer WHERE Name='Arash SA Company') AND r.Name='Finance'), 504, 0, UTC_TIMESTAMP(), 1);
INSERT RolePermission (RoleId, PermissionId, VERSION, LastModifiedGMT, LastModifiedByUserId) VALUES ( (SELECT r.Id FROM Role r, CustomerRole c WHERE c.RoleID=r.Id AND c.CustomerId=(SELECT Id FROM Customer WHERE Name='Arash SA Company') AND r.Name='Finance'), 505, 0, UTC_TIMESTAMP(), 1);
INSERT RolePermission (RoleId, PermissionId, VERSION, LastModifiedGMT, LastModifiedByUserId) VALUES ( (SELECT r.Id FROM Role r, CustomerRole c WHERE c.RoleID=r.Id AND c.CustomerId=(SELECT Id FROM Customer WHERE Name='Arash SA Company') AND r.Name='Finance'), 506, 0, UTC_TIMESTAMP(), 1);
INSERT RolePermission (RoleId, PermissionId, VERSION, LastModifiedGMT, LastModifiedByUserId) VALUES ( (SELECT r.Id FROM Role r, CustomerRole c WHERE c.RoleID=r.Id AND c.CustomerId=(SELECT Id FROM Customer WHERE Name='Arash SA Company') AND r.Name='Finance'), 507, 0, UTC_TIMESTAMP(), 1);
INSERT RolePermission (RoleId, PermissionId, VERSION, LastModifiedGMT, LastModifiedByUserId) VALUES ( (SELECT r.Id FROM Role r, CustomerRole c WHERE c.RoleID=r.Id AND c.CustomerId=(SELECT Id FROM Customer WHERE Name='Arash SA Company') AND r.Name='Finance'), 600, 0, UTC_TIMESTAMP(), 1);
INSERT RolePermission (RoleId, PermissionId, VERSION, LastModifiedGMT, LastModifiedByUserId) VALUES ( (SELECT r.Id FROM Role r, CustomerRole c WHERE c.RoleID=r.Id AND c.CustomerId=(SELECT Id FROM Customer WHERE Name='Arash SA Company') AND r.Name='Finance'), 601, 0, UTC_TIMESTAMP(), 1);
INSERT RolePermission (RoleId, PermissionId, VERSION, LastModifiedGMT, LastModifiedByUserId) VALUES ( (SELECT r.Id FROM Role r, CustomerRole c WHERE c.RoleID=r.Id AND c.CustomerId=(SELECT Id FROM Customer WHERE Name='Arash SA Company') AND r.Name='Finance'), 602, 0, UTC_TIMESTAMP(), 1);
INSERT RolePermission (RoleId, PermissionId, VERSION, LastModifiedGMT, LastModifiedByUserId) VALUES ( (SELECT r.Id FROM Role r, CustomerRole c WHERE c.RoleID=r.Id AND c.CustomerId=(SELECT Id FROM Customer WHERE Name='Arash SA Company') AND r.Name='Finance'), 700, 0, UTC_TIMESTAMP(), 1);
INSERT RolePermission (RoleId, PermissionId, VERSION, LastModifiedGMT, LastModifiedByUserId) VALUES ( (SELECT r.Id FROM Role r, CustomerRole c WHERE c.RoleID=r.Id AND c.CustomerId=(SELECT Id FROM Customer WHERE Name='Arash SA Company') AND r.Name='Finance'), 701, 0, UTC_TIMESTAMP(), 1);
INSERT RolePermission (RoleId, PermissionId, VERSION, LastModifiedGMT, LastModifiedByUserId) VALUES ( (SELECT r.Id FROM Role r, CustomerRole c WHERE c.RoleID=r.Id AND c.CustomerId=(SELECT Id FROM Customer WHERE Name='Arash SA Company') AND r.Name='Finance'), 702, 0, UTC_TIMESTAMP(), 1);
INSERT RolePermission (RoleId, PermissionId, VERSION, LastModifiedGMT, LastModifiedByUserId) VALUES ( (SELECT r.Id FROM Role r, CustomerRole c WHERE c.RoleID=r.Id AND c.CustomerId=(SELECT Id FROM Customer WHERE Name='Arash SA Company') AND r.Name='Finance'), 800, 0, UTC_TIMESTAMP(), 1);
INSERT RolePermission (RoleId, PermissionId, VERSION, LastModifiedGMT, LastModifiedByUserId) VALUES ( (SELECT r.Id FROM Role r, CustomerRole c WHERE c.RoleID=r.Id AND c.CustomerId=(SELECT Id FROM Customer WHERE Name='Arash SA Company') AND r.Name='Finance'), 801, 0, UTC_TIMESTAMP(), 1);
INSERT RolePermission (RoleId, PermissionId, VERSION, LastModifiedGMT, LastModifiedByUserId) VALUES ( (SELECT r.Id FROM Role r, CustomerRole c WHERE c.RoleID=r.Id AND c.CustomerId=(SELECT Id FROM Customer WHERE Name='Arash SA Company') AND r.Name='Finance'), 900, 0, UTC_TIMESTAMP(), 1);
INSERT RolePermission (RoleId, PermissionId, VERSION, LastModifiedGMT, LastModifiedByUserId) VALUES ( (SELECT r.Id FROM Role r, CustomerRole c WHERE c.RoleID=r.Id AND c.CustomerId=(SELECT Id FROM Customer WHERE Name='Arash SA Company') AND r.Name='Finance'), 901, 0, UTC_TIMESTAMP(), 1);

INSERT RolePermission (RoleId, PermissionId, VERSION, LastModifiedGMT, LastModifiedByUserId) VALUES ( (SELECT r.Id FROM Role r, CustomerRole c WHERE c.RoleID=r.Id AND c.CustomerId=(SELECT Id FROM Customer WHERE Name='Arash SA Company') AND r.Name='Collections'), 1001, 0, UTC_TIMESTAMP(), 1);INSERT RolePermission (RoleId, PermissionId, VERSION, LastModifiedGMT, LastModifiedByUserId) VALUES ( (SELECT r.Id FROM Role r, CustomerRole c WHERE c.RoleID=r.Id AND c.CustomerId=(SELECT Id FROM Customer WHERE Name='Arash SA Company') AND r.Name='Maintenance'), 1001, 0, UTC_TIMESTAMP(), 1);INSERT RolePermission (RoleId, PermissionId, VERSION, LastModifiedGMT, LastModifiedByUserId) VALUES ( (SELECT r.Id FROM Role r, CustomerRole c WHERE c.RoleID=r.Id AND c.CustomerId=(SELECT Id FROM Customer WHERE Name='Arash SA Company') AND r.Name='Enforcement'), 1001, 0, UTC_TIMESTAMP(), 1);INSERT RolePermission (RoleId, PermissionId, VERSION, LastModifiedGMT, LastModifiedByUserId) VALUES ( (SELECT r.Id FROM Role r, CustomerRole c WHERE c.RoleID=r.Id AND c.CustomerId=(SELECT Id FROM Customer WHERE Name='Arash SA Company') AND r.Name='Other'), 1001, 0, UTC_TIMESTAMP(), 1);

INSERT RolePermission (RoleId, PermissionId, VERSION, LastModifiedGMT, LastModifiedByUserId) VALUES ( (SELECT r.Id FROM Role r, CustomerRole c WHERE c.RoleID=r.Id AND c.CustomerId=(SELECT Id FROM Customer WHERE Name='Arash SA Company') AND r.Name='Collections'), 1003, 0, UTC_TIMESTAMP(), 1);INSERT RolePermission (RoleId, PermissionId, VERSION, LastModifiedGMT, LastModifiedByUserId) VALUES ( (SELECT r.Id FROM Role r, CustomerRole c WHERE c.RoleID=r.Id AND c.CustomerId=(SELECT Id FROM Customer WHERE Name='Arash SA Company') AND r.Name='Maintenance'), 1003, 0, UTC_TIMESTAMP(), 1);INSERT RolePermission (RoleId, PermissionId, VERSION, LastModifiedGMT, LastModifiedByUserId) VALUES ( (SELECT r.Id FROM Role r, CustomerRole c WHERE c.RoleID=r.Id AND c.CustomerId=(SELECT Id FROM Customer WHERE Name='Arash SA Company') AND r.Name='Enforcement'), 1003, 0, UTC_TIMESTAMP(), 1);INSERT RolePermission (RoleId, PermissionId, VERSION, LastModifiedGMT, LastModifiedByUserId) VALUES ( (SELECT r.Id FROM Role r, CustomerRole c WHERE c.RoleID=r.Id AND c.CustomerId=(SELECT Id FROM Customer WHERE Name='Arash SA Company') AND r.Name='Other'), 1003, 0, UTC_TIMESTAMP(), 1);

INSERT RolePermission (RoleId, PermissionId, VERSION, LastModifiedGMT, LastModifiedByUserId) VALUES ( (SELECT r.Id FROM Role r, CustomerRole c WHERE c.RoleID=r.Id AND c.CustomerId=(SELECT Id FROM Customer WHERE Name='Arash SA Company') AND r.Name='Collections'), 1005, 0, UTC_TIMESTAMP(), 1);INSERT RolePermission (RoleId, PermissionId, VERSION, LastModifiedGMT, LastModifiedByUserId) VALUES ( (SELECT r.Id FROM Role r, CustomerRole c WHERE c.RoleID=r.Id AND c.CustomerId=(SELECT Id FROM Customer WHERE Name='Arash SA Company') AND r.Name='Maintenance'), 1005, 0, UTC_TIMESTAMP(), 1);INSERT RolePermission (RoleId, PermissionId, VERSION, LastModifiedGMT, LastModifiedByUserId) VALUES ( (SELECT r.Id FROM Role r, CustomerRole c WHERE c.RoleID=r.Id AND c.CustomerId=(SELECT Id FROM Customer WHERE Name='Arash SA Company') AND r.Name='Enforcement'), 1005, 0, UTC_TIMESTAMP(), 1);INSERT RolePermission (RoleId, PermissionId, VERSION, LastModifiedGMT, LastModifiedByUserId) VALUES ( (SELECT r.Id FROM Role r, CustomerRole c WHERE c.RoleID=r.Id AND c.CustomerId=(SELECT Id FROM Customer WHERE Name='Arash SA Company') AND r.Name='Other'), 1005, 0, UTC_TIMESTAMP(), 1);


INSERT RolePermission (RoleId, PermissionId, VERSION, LastModifiedGMT, LastModifiedByUserId) VALUES ( (SELECT r.Id FROM Role r, CustomerRole c WHERE c.RoleID=r.Id AND c.CustomerId=(SELECT Id FROM Customer WHERE Name='Arash SA Company') AND r.Name='Enforcement'), 1008, 0, UTC_TIMESTAMP(), 1);INSERT RolePermission (RoleId, PermissionId, VERSION, LastModifiedGMT, LastModifiedByUserId) VALUES ( (SELECT r.Id FROM Role r, CustomerRole c WHERE c.RoleID=r.Id AND c.CustomerId=(SELECT Id FROM Customer WHERE Name='Arash SA Company') AND r.Name='Other'), 1008, 0, UTC_TIMESTAMP(), 1);



















-- User Accounts

INSERT CustomerEmail (CustomerId, Email, VERSION, LastModifiedGMT, LastModifiedByUserId) VALUES ( (SELECT Id FROM Customer WHERE Name='Arash SA Company'),'arash.taheri16@digitalpaytech.com', 0, UTC_TIMESTAMP(), 1);INSERT UserAccount (CustomerId, UserStatusTypeId, UserName, CustomerEmailId, FirstName, LastName, Password, PasswordSalt, IsPasswordTemporary, VERSION, LastModifiedGMT, LastModifiedByUserId) VALUES ( (SELECT Id FROM Customer WHERE Name='Arash SA Company'), 1, 'Arash+SA+Admin', (SELECT Id FROM CustomerEmail WHERE Email='arash.taheri16@digitalpaytech.com'), 'SA Admin', 'Admin', '1e9a106ae96e7efe83ba4a5aad1911be42a7bcbe', 'salt', 0, 0, UTC_TIMESTAMP(), 1);INSERT UserDefaultDashboard (UserAccountId, IsDefaultDashboard, VERSION, LastModifiedGMT, LastModifiedByUserId) VALUES ((SELECT Id FROM UserAccount WHERE Username='Arash+SA+Admin'), 1, 0, UTC_TIMESTAMP(), 1);INSERT UserRole (UserAccountId, RoleId, VERSION, LastModifiedGMT, LastModifiedByUserId) VALUES ((SELECT Id FROM UserAccount WHERE Username='Arash+SA+Admin'), 3, 0, UTC_TIMESTAMP(), 1);
INSERT CustomerEmail (CustomerId, Email, VERSION, LastModifiedGMT, LastModifiedByUserId) VALUES ( (SELECT Id FROM Customer WHERE Name='Arash SA Company'),'arash.taheri17@digitalpaytech.com', 0, UTC_TIMESTAMP(), 1);INSERT UserAccount (CustomerId, UserStatusTypeId, UserName, CustomerEmailId, FirstName, LastName, Password, PasswordSalt, IsPasswordTemporary, VERSION, LastModifiedGMT, LastModifiedByUserId) VALUES ( (SELECT Id FROM Customer WHERE Name='Arash SA Company'), 1, 'Arash+SA+Collection', (SELECT Id FROM CustomerEmail WHERE Email='arash.taheri17@digitalpaytech.com'), 'SA Non Ad Coll', 'Collection', '1e9a106ae96e7efe83ba4a5aad1911be42a7bcbe', 'salt', 0, 0, UTC_TIMESTAMP(), 1);INSERT UserDefaultDashboard (UserAccountId, IsDefaultDashboard, VERSION, LastModifiedGMT, LastModifiedByUserId) VALUES ((SELECT Id FROM UserAccount WHERE Username='Arash+SA+Collection'), 1, 0, UTC_TIMESTAMP(), 1);INSERT UserRole (UserAccountId, RoleId, VERSION, LastModifiedGMT, LastModifiedByUserId) VALUES ((SELECT Id FROM UserAccount WHERE Username='Arash+SA+Collection'), (SELECT r.Id FROM Role r, CustomerRole c WHERE c.RoleID=r.Id AND c.CustomerId=(SELECT Id FROM Customer WHERE Name='Arash SA Company') AND r.Name='Collections'), 0, UTC_TIMESTAMP(), 1);
INSERT CustomerEmail (CustomerId, Email, VERSION, LastModifiedGMT, LastModifiedByUserId) VALUES ( (SELECT Id FROM Customer WHERE Name='Arash SA Company'),'arash.taheri18@digitalpaytech.com', 0, UTC_TIMESTAMP(), 1);INSERT UserAccount (CustomerId, UserStatusTypeId, UserName, CustomerEmailId, FirstName, LastName, Password, PasswordSalt, IsPasswordTemporary, VERSION, LastModifiedGMT, LastModifiedByUserId) VALUES ( (SELECT Id FROM Customer WHERE Name='Arash SA Company'), 1, 'Arash+SA+Maintenance', (SELECT Id FROM CustomerEmail WHERE Email='arash.taheri18@digitalpaytech.com'), 'SA Non Ad Maint', 'Maintenance', '1e9a106ae96e7efe83ba4a5aad1911be42a7bcbe', 'salt', 0, 0, UTC_TIMESTAMP(), 1);INSERT UserDefaultDashboard (UserAccountId, IsDefaultDashboard, VERSION, LastModifiedGMT, LastModifiedByUserId) VALUES ((SELECT Id FROM UserAccount WHERE Username='Arash+SA+Maintenance'), 1, 0, UTC_TIMESTAMP(), 1);INSERT UserRole (UserAccountId, RoleId, VERSION, LastModifiedGMT, LastModifiedByUserId) VALUES ((SELECT Id FROM UserAccount WHERE Username='Arash+SA+Maintenance'), (SELECT r.Id FROM Role r, CustomerRole c WHERE c.RoleID=r.Id AND c.CustomerId=(SELECT Id FROM Customer WHERE Name='Arash SA Company') AND r.Name='Maintenance'), 0, UTC_TIMESTAMP(), 1);
INSERT CustomerEmail (CustomerId, Email, VERSION, LastModifiedGMT, LastModifiedByUserId) VALUES ( (SELECT Id FROM Customer WHERE Name='Arash SA Company'),'arash.taheri19@digitalpaytech.com', 0, UTC_TIMESTAMP(), 1);INSERT UserAccount (CustomerId, UserStatusTypeId, UserName, CustomerEmailId, FirstName, LastName, Password, PasswordSalt, IsPasswordTemporary, VERSION, LastModifiedGMT, LastModifiedByUserId) VALUES ( (SELECT Id FROM Customer WHERE Name='Arash SA Company'), 1, 'Arash+SA+Finance', (SELECT Id FROM CustomerEmail WHERE Email='arash.taheri19@digitalpaytech.com'), 'SA Non Ad Fin', 'Finance', '1e9a106ae96e7efe83ba4a5aad1911be42a7bcbe', 'salt', 0, 0, UTC_TIMESTAMP(), 1);INSERT UserDefaultDashboard (UserAccountId, IsDefaultDashboard, VERSION, LastModifiedGMT, LastModifiedByUserId) VALUES ((SELECT Id FROM UserAccount WHERE Username='Arash+SA+Finance'), 1, 0, UTC_TIMESTAMP(), 1);INSERT UserRole (UserAccountId, RoleId, VERSION, LastModifiedGMT, LastModifiedByUserId) VALUES ((SELECT Id FROM UserAccount WHERE Username='Arash+SA+Finance'), (SELECT r.Id FROM Role r, CustomerRole c WHERE c.RoleID=r.Id AND c.CustomerId=(SELECT Id FROM Customer WHERE Name='Arash SA Company') AND r.Name='Finance'), 0, UTC_TIMESTAMP(), 1);
INSERT CustomerEmail (CustomerId, Email, VERSION, LastModifiedGMT, LastModifiedByUserId) VALUES ( (SELECT Id FROM Customer WHERE Name='Arash SA Company'),'arash.taheri20@digitalpaytech.com', 0, UTC_TIMESTAMP(), 1);INSERT UserAccount (CustomerId, UserStatusTypeId, UserName, CustomerEmailId, FirstName, LastName, Password, PasswordSalt, IsPasswordTemporary, VERSION, LastModifiedGMT, LastModifiedByUserId) VALUES ( (SELECT Id FROM Customer WHERE Name='Arash SA Company'), 1, 'Arash+SA+Enforcement', (SELECT Id FROM CustomerEmail WHERE Email='arash.taheri20@digitalpaytech.com'), 'SA Non Ad Enf', 'Enforcement', '1e9a106ae96e7efe83ba4a5aad1911be42a7bcbe', 'salt', 0, 0, UTC_TIMESTAMP(), 1);INSERT UserDefaultDashboard (UserAccountId, IsDefaultDashboard, VERSION, LastModifiedGMT, LastModifiedByUserId) VALUES ((SELECT Id FROM UserAccount WHERE Username='Arash+SA+Enforcement'), 1, 0, UTC_TIMESTAMP(), 1);INSERT UserRole (UserAccountId, RoleId, VERSION, LastModifiedGMT, LastModifiedByUserId) VALUES ((SELECT Id FROM UserAccount WHERE Username='Arash+SA+Enforcement'), (SELECT r.Id FROM Role r, CustomerRole c WHERE c.RoleID=r.Id AND c.CustomerId=(SELECT Id FROM Customer WHERE Name='Arash SA Company') AND r.Name='Enforcement'), 0, UTC_TIMESTAMP(), 1);
INSERT CustomerEmail (CustomerId, Email, VERSION, LastModifiedGMT, LastModifiedByUserId) VALUES ( (SELECT Id FROM Customer WHERE Name='Arash SA Company'),'arash.taheri21@digitalpaytech.com', 0, UTC_TIMESTAMP(), 1);INSERT UserAccount (CustomerId, UserStatusTypeId, UserName, CustomerEmailId, FirstName, LastName, Password, PasswordSalt, IsPasswordTemporary, VERSION, LastModifiedGMT, LastModifiedByUserId) VALUES ( (SELECT Id FROM Customer WHERE Name='Arash SA Company'), 1, 'Arash+SA+Other', (SELECT Id FROM CustomerEmail WHERE Email='arash.taheri21@digitalpaytech.com'), 'SA non Ad Other', 'Other', '1e9a106ae96e7efe83ba4a5aad1911be42a7bcbe', 'salt', 0, 0, UTC_TIMESTAMP(), 1);INSERT UserDefaultDashboard (UserAccountId, IsDefaultDashboard, VERSION, LastModifiedGMT, LastModifiedByUserId) VALUES ((SELECT Id FROM UserAccount WHERE Username='Arash+SA+Other'), 1, 0, UTC_TIMESTAMP(), 1);INSERT UserRole (UserAccountId, RoleId, VERSION, LastModifiedGMT, LastModifiedByUserId) VALUES ((SELECT Id FROM UserAccount WHERE Username='Arash+SA+Other'), (SELECT r.Id FROM Role r, CustomerRole c WHERE c.RoleID=r.Id AND c.CustomerId=(SELECT Id FROM Customer WHERE Name='Arash SA Company') AND r.Name='Other'), 0, UTC_TIMESTAMP(), 1);



-- *** Robs Parking ***
-- Customer
INSERT Customer (CustomerTypeId, CustomerStatusTypeId, ParentCustomerId, Name, IsParent, VERSION, LastModifiedGMT, LastModifiedByUserId) VALUES (3, 1, NULL, 'Robs Parking', 0, 0, UTC_TIMESTAMP(), 1);


-- T&C Not Accepted






-- Subscribed Services
INSERT CustomerSubscription (CustomerId, SubscriptionTypeId, IsEnabled, VERSION, LastModifiedGMT, LastModifiedByUserId) VALUES ( (SELECT ID From Customer WHERE Name='Robs Parking'), 100, 1, 0, UTC_TIMESTAMP(), 1);
INSERT CustomerSubscription (CustomerId, SubscriptionTypeId, IsEnabled, VERSION, LastModifiedGMT, LastModifiedByUserId) VALUES ( (SELECT ID From Customer WHERE Name='Robs Parking'), 200, 1, 0, UTC_TIMESTAMP(), 1);
INSERT CustomerSubscription (CustomerId, SubscriptionTypeId, IsEnabled, VERSION, LastModifiedGMT, LastModifiedByUserId) VALUES ( (SELECT ID From Customer WHERE Name='Robs Parking'), 300, 1, 0, UTC_TIMESTAMP(), 1);
INSERT CustomerSubscription (CustomerId, SubscriptionTypeId, IsEnabled, VERSION, LastModifiedGMT, LastModifiedByUserId) VALUES ( (SELECT ID From Customer WHERE Name='Robs Parking'), 400, 1, 0, UTC_TIMESTAMP(), 1);
INSERT CustomerSubscription (CustomerId, SubscriptionTypeId, IsEnabled, VERSION, LastModifiedGMT, LastModifiedByUserId) VALUES ( (SELECT ID From Customer WHERE Name='Robs Parking'), 500, 1, 0, UTC_TIMESTAMP(), 1);
INSERT CustomerSubscription (CustomerId, SubscriptionTypeId, IsEnabled, VERSION, LastModifiedGMT, LastModifiedByUserId) VALUES ( (SELECT ID From Customer WHERE Name='Robs Parking'), 600, 1, 0, UTC_TIMESTAMP(), 1);
INSERT CustomerSubscription (CustomerId, SubscriptionTypeId, IsEnabled, VERSION, LastModifiedGMT, LastModifiedByUserId) VALUES ( (SELECT ID From Customer WHERE Name='Robs Parking'), 700, 1, 0, UTC_TIMESTAMP(), 1);
INSERT CustomerSubscription (CustomerId, SubscriptionTypeId, IsEnabled, VERSION, LastModifiedGMT, LastModifiedByUserId) VALUES ( (SELECT ID From Customer WHERE Name='Robs Parking'), 800, 1, 0, UTC_TIMESTAMP(), 1);
INSERT CustomerSubscription (CustomerId, SubscriptionTypeId, IsEnabled, VERSION, LastModifiedGMT, LastModifiedByUserId) VALUES ( (SELECT ID From Customer WHERE Name='Robs Parking'), 900, 1, 0, UTC_TIMESTAMP(), 1);
INSERT CustomerSubscription (CustomerId, SubscriptionTypeId, IsEnabled, VERSION, LastModifiedGMT, LastModifiedByUserId) VALUES ( (SELECT ID From Customer WHERE Name='Robs Parking'), 1000, 1, 0, UTC_TIMESTAMP(), 1);
INSERT CustomerSubscription (CustomerId, SubscriptionTypeId, IsEnabled, VERSION, LastModifiedGMT, LastModifiedByUserId) VALUES ( (SELECT ID From Customer WHERE Name='Robs Parking'), 1100, 1, 0, UTC_TIMESTAMP(), 1);
INSERT CustomerSubscription (CustomerId, SubscriptionTypeId, IsEnabled, VERSION, LastModifiedGMT, LastModifiedByUserId) VALUES ( (SELECT ID From Customer WHERE Name='Robs Parking'), 1200, 1, 0, UTC_TIMESTAMP(), 1);
INSERT CustomerSubscription (CustomerId, SubscriptionTypeId, IsEnabled, VERSION, LastModifiedGMT, LastModifiedByUserId) VALUES ( (SELECT ID From Customer WHERE Name='Robs Parking'), 1600, 1, 0, UTC_TIMESTAMP(), 1);

-- Customer Properties
INSERT CustomerProperty (CustomerId,CustomerPropertyTypeId,PropertyValue,VERSION,LastModifiedGMT,LastModifiedByUserId) VALUES ( (SELECT ID From Customer WHERE Name='Robs Parking'), 1, 'US/Pacific' , 0,UTC_TIMESTAMP(),1 );
INSERT CustomerProperty (CustomerId,CustomerPropertyTypeId,PropertyValue,VERSION,LastModifiedGMT,LastModifiedByUserId) VALUES ( (SELECT ID From Customer WHERE Name='Robs Parking'), 2, 'Region' , 0,UTC_TIMESTAMP(),1 );
INSERT CustomerProperty (CustomerId,CustomerPropertyTypeId,PropertyValue,VERSION,LastModifiedGMT,LastModifiedByUserId) VALUES ( (SELECT ID From Customer WHERE Name='Robs Parking'), 3, '7' , 0,UTC_TIMESTAMP(),1 );
INSERT CustomerProperty (CustomerId,CustomerPropertyTypeId,PropertyValue,VERSION,LastModifiedGMT,LastModifiedByUserId) VALUES ( (SELECT ID From Customer WHERE Name='Robs Parking'), 4, 'on' , 0,UTC_TIMESTAMP(),1 );
INSERT CustomerProperty (CustomerId,CustomerPropertyTypeId,PropertyValue,VERSION,LastModifiedGMT,LastModifiedByUserId) VALUES ( (SELECT ID From Customer WHERE Name='Robs Parking'), 5, '3' , 0,UTC_TIMESTAMP(),1 );
INSERT CustomerProperty (CustomerId,CustomerPropertyTypeId,PropertyValue,VERSION,LastModifiedGMT,LastModifiedByUserId) VALUES ( (SELECT ID From Customer WHERE Name='Robs Parking'), 6, '59' , 0,UTC_TIMESTAMP(),1 );
INSERT CustomerProperty (CustomerId,CustomerPropertyTypeId,PropertyValue,VERSION,LastModifiedGMT,LastModifiedByUserId) VALUES ( (SELECT ID From Customer WHERE Name='Robs Parking'), 7, '?' , 0,UTC_TIMESTAMP(),1 );
INSERT CustomerProperty (CustomerId,CustomerPropertyTypeId,PropertyValue,VERSION,LastModifiedGMT,LastModifiedByUserId) VALUES ( (SELECT ID From Customer WHERE Name='Robs Parking'), 8, 'no' , 0,UTC_TIMESTAMP(),1 );
INSERT CustomerProperty (CustomerId,CustomerPropertyTypeId,PropertyValue,VERSION,LastModifiedGMT,LastModifiedByUserId) VALUES ( (SELECT ID From Customer WHERE Name='Robs Parking'), 9, '49.25' , 0,UTC_TIMESTAMP(),1 );
INSERT CustomerProperty (CustomerId,CustomerPropertyTypeId,PropertyValue,VERSION,LastModifiedGMT,LastModifiedByUserId) VALUES ( (SELECT ID From Customer WHERE Name='Robs Parking'), 10, '-123.133056' , 0,UTC_TIMESTAMP(),1 );

-- Locations


INSERT Location (CustomerId,ParentLocationId,Name,NumberOfSpaces,TargetMonthlyRevenue,Description,IsParent,IsUnassigned,IsDeleted,VERSION,LastModifiedGMT,LastModifiedByUserId) VALUES ((SELECT ID From Customer WHERE Name='Robs Parking'),  NULL, 'Unassigned',100,15000,NULL,0,1,0,0,UTC_TIMESTAMP(),1);CALL sp_InsertLocationDayAndOpen( (SELECT Id From Location WHERE Name='Unassigned' AND CustomerId=(SELECT Id From Customer WHERE Name='Robs Parking')), 1, 0,95,0,0);CALL sp_InsertLocationDayAndOpen( (SELECT Id From Location WHERE Name='Unassigned' AND CustomerId=(SELECT Id From Customer WHERE Name='Robs Parking')), 2, 0,95,0,0);CALL sp_InsertLocationDayAndOpen( (SELECT Id From Location WHERE Name='Unassigned' AND CustomerId=(SELECT Id From Customer WHERE Name='Robs Parking')), 3, 0,95,0,0);CALL sp_InsertLocationDayAndOpen( (SELECT Id From Location WHERE Name='Unassigned' AND CustomerId=(SELECT Id From Customer WHERE Name='Robs Parking')), 4, 0,95,0,0);CALL sp_InsertLocationDayAndOpen( (SELECT Id From Location WHERE Name='Unassigned' AND CustomerId=(SELECT Id From Customer WHERE Name='Robs Parking')), 5, 0,95,0,0);CALL sp_InsertLocationDayAndOpen( (SELECT Id From Location WHERE Name='Unassigned' AND CustomerId=(SELECT Id From Customer WHERE Name='Robs Parking')), 6, 0,95,0,0);CALL sp_InsertLocationDayAndOpen( (SELECT Id From Location WHERE Name='Unassigned' AND CustomerId=(SELECT Id From Customer WHERE Name='Robs Parking')), 7, 0,95,0,0);
INSERT Location (CustomerId,ParentLocationId,Name,NumberOfSpaces,TargetMonthlyRevenue,Description,IsParent,IsUnassigned,IsDeleted,VERSION,LastModifiedGMT,LastModifiedByUserId) VALUES ((SELECT ID From Customer WHERE Name='Robs Parking'),  NULL, 'Empty Region',10,15000,'Region Without Paystations',0,0,0,0,UTC_TIMESTAMP(),1);CALL sp_InsertLocationDayAndOpen( (SELECT Id From Location WHERE Name='Empty Region' AND CustomerId=(SELECT Id From Customer WHERE Name='Robs Parking')), 1, 0,95,0,0);CALL sp_InsertLocationDayAndOpen( (SELECT Id From Location WHERE Name='Empty Region' AND CustomerId=(SELECT Id From Customer WHERE Name='Robs Parking')), 2, 0,95,0,0);CALL sp_InsertLocationDayAndOpen( (SELECT Id From Location WHERE Name='Empty Region' AND CustomerId=(SELECT Id From Customer WHERE Name='Robs Parking')), 3, 0,95,0,0);CALL sp_InsertLocationDayAndOpen( (SELECT Id From Location WHERE Name='Empty Region' AND CustomerId=(SELECT Id From Customer WHERE Name='Robs Parking')), 4, 0,95,0,0);CALL sp_InsertLocationDayAndOpen( (SELECT Id From Location WHERE Name='Empty Region' AND CustomerId=(SELECT Id From Customer WHERE Name='Robs Parking')), 5, 0,95,0,0);CALL sp_InsertLocationDayAndOpen( (SELECT Id From Location WHERE Name='Empty Region' AND CustomerId=(SELECT Id From Customer WHERE Name='Robs Parking')), 6, 0,95,0,0);CALL sp_InsertLocationDayAndOpen( (SELECT Id From Location WHERE Name='Empty Region' AND CustomerId=(SELECT Id From Customer WHERE Name='Robs Parking')), 7, 0,95,0,0);
INSERT Location (CustomerId,ParentLocationId,Name,NumberOfSpaces,TargetMonthlyRevenue,Description,IsParent,IsUnassigned,IsDeleted,VERSION,LastModifiedGMT,LastModifiedByUserId) VALUES ((SELECT ID From Customer WHERE Name='Robs Parking'),  NULL, 'Region 1',150,10000,'parent',0,0,0,0,UTC_TIMESTAMP(),1);CALL sp_InsertLocationDayAndOpen( (SELECT Id From Location WHERE Name='Region 1' AND CustomerId=(SELECT Id From Customer WHERE Name='Robs Parking')), 1, 0,95,0,0);CALL sp_InsertLocationDayAndOpen( (SELECT Id From Location WHERE Name='Region 1' AND CustomerId=(SELECT Id From Customer WHERE Name='Robs Parking')), 2, 0,95,0,0);CALL sp_InsertLocationDayAndOpen( (SELECT Id From Location WHERE Name='Region 1' AND CustomerId=(SELECT Id From Customer WHERE Name='Robs Parking')), 3, 0,95,0,0);CALL sp_InsertLocationDayAndOpen( (SELECT Id From Location WHERE Name='Region 1' AND CustomerId=(SELECT Id From Customer WHERE Name='Robs Parking')), 4, 0,95,0,0);CALL sp_InsertLocationDayAndOpen( (SELECT Id From Location WHERE Name='Region 1' AND CustomerId=(SELECT Id From Customer WHERE Name='Robs Parking')), 5, 0,95,0,0);CALL sp_InsertLocationDayAndOpen( (SELECT Id From Location WHERE Name='Region 1' AND CustomerId=(SELECT Id From Customer WHERE Name='Robs Parking')), 6, 0,95,0,0);CALL sp_InsertLocationDayAndOpen( (SELECT Id From Location WHERE Name='Region 1' AND CustomerId=(SELECT Id From Customer WHERE Name='Robs Parking')), 7, 0,95,0,0);
INSERT Location (CustomerId,ParentLocationId,Name,NumberOfSpaces,TargetMonthlyRevenue,Description,IsParent,IsUnassigned,IsDeleted,VERSION,LastModifiedGMT,LastModifiedByUserId) VALUES ((SELECT ID From Customer WHERE Name='Robs Parking'),  (SELECT Id From (SELECT * FROM Location) AS x WHERE Name='Region 1' AND CustomerId=(SELECT ID From Customer WHERE Name='Robs Parking')),'Region 11',150,15000,'first child',1,0,0,0,UTC_TIMESTAMP(),1);CALL sp_InsertLocationDayAndOpen( (SELECT Id From Location WHERE Name='Region 11' AND CustomerId=(SELECT Id From Customer WHERE Name='Robs Parking')), 1, 0,95,0,0);CALL sp_InsertLocationDayAndOpen( (SELECT Id From Location WHERE Name='Region 11' AND CustomerId=(SELECT Id From Customer WHERE Name='Robs Parking')), 2, 0,95,0,0);CALL sp_InsertLocationDayAndOpen( (SELECT Id From Location WHERE Name='Region 11' AND CustomerId=(SELECT Id From Customer WHERE Name='Robs Parking')), 3, 0,95,0,0);CALL sp_InsertLocationDayAndOpen( (SELECT Id From Location WHERE Name='Region 11' AND CustomerId=(SELECT Id From Customer WHERE Name='Robs Parking')), 4, 0,95,0,0);CALL sp_InsertLocationDayAndOpen( (SELECT Id From Location WHERE Name='Region 11' AND CustomerId=(SELECT Id From Customer WHERE Name='Robs Parking')), 5, 0,95,0,0);CALL sp_InsertLocationDayAndOpen( (SELECT Id From Location WHERE Name='Region 11' AND CustomerId=(SELECT Id From Customer WHERE Name='Robs Parking')), 6, 0,95,0,0);CALL sp_InsertLocationDayAndOpen( (SELECT Id From Location WHERE Name='Region 11' AND CustomerId=(SELECT Id From Customer WHERE Name='Robs Parking')), 7, 0,95,0,0);
INSERT Location (CustomerId,ParentLocationId,Name,NumberOfSpaces,TargetMonthlyRevenue,Description,IsParent,IsUnassigned,IsDeleted,VERSION,LastModifiedGMT,LastModifiedByUserId) VALUES ((SELECT ID From Customer WHERE Name='Robs Parking'),  NULL, 'Region 2',150,20000,'parent',0,0,0,0,UTC_TIMESTAMP(),1);CALL sp_InsertLocationDayAndOpen( (SELECT Id From Location WHERE Name='Region 2' AND CustomerId=(SELECT Id From Customer WHERE Name='Robs Parking')), 1, 0,95,0,0);CALL sp_InsertLocationDayAndOpen( (SELECT Id From Location WHERE Name='Region 2' AND CustomerId=(SELECT Id From Customer WHERE Name='Robs Parking')), 2, 0,95,0,0);CALL sp_InsertLocationDayAndOpen( (SELECT Id From Location WHERE Name='Region 2' AND CustomerId=(SELECT Id From Customer WHERE Name='Robs Parking')), 3, 0,95,0,0);CALL sp_InsertLocationDayAndOpen( (SELECT Id From Location WHERE Name='Region 2' AND CustomerId=(SELECT Id From Customer WHERE Name='Robs Parking')), 4, 0,95,0,0);CALL sp_InsertLocationDayAndOpen( (SELECT Id From Location WHERE Name='Region 2' AND CustomerId=(SELECT Id From Customer WHERE Name='Robs Parking')), 5, 0,95,0,0);CALL sp_InsertLocationDayAndOpen( (SELECT Id From Location WHERE Name='Region 2' AND CustomerId=(SELECT Id From Customer WHERE Name='Robs Parking')), 6, 0,95,0,0);CALL sp_InsertLocationDayAndOpen( (SELECT Id From Location WHERE Name='Region 2' AND CustomerId=(SELECT Id From Customer WHERE Name='Robs Parking')), 7, 0,95,0,0);
INSERT Location (CustomerId,ParentLocationId,Name,NumberOfSpaces,TargetMonthlyRevenue,Description,IsParent,IsUnassigned,IsDeleted,VERSION,LastModifiedGMT,LastModifiedByUserId) VALUES ((SELECT ID From Customer WHERE Name='Robs Parking'),  (SELECT Id From (SELECT * FROM Location) AS x WHERE Name='Region 2' AND CustomerId=(SELECT ID From Customer WHERE Name='Robs Parking')),'Region 21',150,20000,'first child',1,0,0,0,UTC_TIMESTAMP(),1);CALL sp_InsertLocationDayAndOpen( (SELECT Id From Location WHERE Name='Region 21' AND CustomerId=(SELECT Id From Customer WHERE Name='Robs Parking')), 1, 0,95,0,0);CALL sp_InsertLocationDayAndOpen( (SELECT Id From Location WHERE Name='Region 21' AND CustomerId=(SELECT Id From Customer WHERE Name='Robs Parking')), 2, 0,95,0,0);CALL sp_InsertLocationDayAndOpen( (SELECT Id From Location WHERE Name='Region 21' AND CustomerId=(SELECT Id From Customer WHERE Name='Robs Parking')), 3, 0,95,0,0);CALL sp_InsertLocationDayAndOpen( (SELECT Id From Location WHERE Name='Region 21' AND CustomerId=(SELECT Id From Customer WHERE Name='Robs Parking')), 4, 0,95,0,0);CALL sp_InsertLocationDayAndOpen( (SELECT Id From Location WHERE Name='Region 21' AND CustomerId=(SELECT Id From Customer WHERE Name='Robs Parking')), 5, 0,95,0,0);CALL sp_InsertLocationDayAndOpen( (SELECT Id From Location WHERE Name='Region 21' AND CustomerId=(SELECT Id From Customer WHERE Name='Robs Parking')), 6, 0,95,0,0);CALL sp_InsertLocationDayAndOpen( (SELECT Id From Location WHERE Name='Region 21' AND CustomerId=(SELECT Id From Customer WHERE Name='Robs Parking')), 7, 0,95,0,0);
INSERT Location (CustomerId,ParentLocationId,Name,NumberOfSpaces,TargetMonthlyRevenue,Description,IsParent,IsUnassigned,IsDeleted,VERSION,LastModifiedGMT,LastModifiedByUserId) VALUES ((SELECT ID From Customer WHERE Name='Robs Parking'),  (SELECT Id From (SELECT * FROM Location) AS x WHERE Name='Region 21' AND CustomerId=(SELECT ID From Customer WHERE Name='Robs Parking')),'Region 211',150,20000,'second child',1,0,0,0,UTC_TIMESTAMP(),1);CALL sp_InsertLocationDayAndOpen( (SELECT Id From Location WHERE Name='Region 211' AND CustomerId=(SELECT Id From Customer WHERE Name='Robs Parking')), 1, 0,95,0,0);CALL sp_InsertLocationDayAndOpen( (SELECT Id From Location WHERE Name='Region 211' AND CustomerId=(SELECT Id From Customer WHERE Name='Robs Parking')), 2, 0,95,0,0);CALL sp_InsertLocationDayAndOpen( (SELECT Id From Location WHERE Name='Region 211' AND CustomerId=(SELECT Id From Customer WHERE Name='Robs Parking')), 3, 0,95,0,0);CALL sp_InsertLocationDayAndOpen( (SELECT Id From Location WHERE Name='Region 211' AND CustomerId=(SELECT Id From Customer WHERE Name='Robs Parking')), 4, 0,95,0,0);CALL sp_InsertLocationDayAndOpen( (SELECT Id From Location WHERE Name='Region 211' AND CustomerId=(SELECT Id From Customer WHERE Name='Robs Parking')), 5, 0,95,0,0);CALL sp_InsertLocationDayAndOpen( (SELECT Id From Location WHERE Name='Region 211' AND CustomerId=(SELECT Id From Customer WHERE Name='Robs Parking')), 6, 0,95,0,0);CALL sp_InsertLocationDayAndOpen( (SELECT Id From Location WHERE Name='Region 211' AND CustomerId=(SELECT Id From Customer WHERE Name='Robs Parking')), 7, 0,95,0,0);
INSERT Location (CustomerId,ParentLocationId,Name,NumberOfSpaces,TargetMonthlyRevenue,Description,IsParent,IsUnassigned,IsDeleted,VERSION,LastModifiedGMT,LastModifiedByUserId) VALUES ((SELECT ID From Customer WHERE Name='Robs Parking'),  NULL, 'Region All.,-1',300,15000,'parent',0,0,0,0,UTC_TIMESTAMP(),1);CALL sp_InsertLocationDayAndOpen( (SELECT Id From Location WHERE Name='Region All.,-1' AND CustomerId=(SELECT Id From Customer WHERE Name='Robs Parking')), 1, 0,95,0,0);CALL sp_InsertLocationDayAndOpen( (SELECT Id From Location WHERE Name='Region All.,-1' AND CustomerId=(SELECT Id From Customer WHERE Name='Robs Parking')), 2, 0,95,0,0);CALL sp_InsertLocationDayAndOpen( (SELECT Id From Location WHERE Name='Region All.,-1' AND CustomerId=(SELECT Id From Customer WHERE Name='Robs Parking')), 3, 0,95,0,0);CALL sp_InsertLocationDayAndOpen( (SELECT Id From Location WHERE Name='Region All.,-1' AND CustomerId=(SELECT Id From Customer WHERE Name='Robs Parking')), 4, 0,95,0,0);CALL sp_InsertLocationDayAndOpen( (SELECT Id From Location WHERE Name='Region All.,-1' AND CustomerId=(SELECT Id From Customer WHERE Name='Robs Parking')), 5, 0,95,0,0);CALL sp_InsertLocationDayAndOpen( (SELECT Id From Location WHERE Name='Region All.,-1' AND CustomerId=(SELECT Id From Customer WHERE Name='Robs Parking')), 6, 0,95,0,0);CALL sp_InsertLocationDayAndOpen( (SELECT Id From Location WHERE Name='Region All.,-1' AND CustomerId=(SELECT Id From Customer WHERE Name='Robs Parking')), 7, 0,95,0,0);
INSERT Location (CustomerId,ParentLocationId,Name,NumberOfSpaces,TargetMonthlyRevenue,Description,IsParent,IsUnassigned,IsDeleted,VERSION,LastModifiedGMT,LastModifiedByUserId) VALUES ((SELECT ID From Customer WHERE Name='Robs Parking'),  NULL, 'Region Space',300,15000,'parent',0,0,0,0,UTC_TIMESTAMP(),1);CALL sp_InsertLocationDayAndOpen( (SELECT Id From Location WHERE Name='Region Space' AND CustomerId=(SELECT Id From Customer WHERE Name='Robs Parking')), 1, 0,95,0,0);CALL sp_InsertLocationDayAndOpen( (SELECT Id From Location WHERE Name='Region Space' AND CustomerId=(SELECT Id From Customer WHERE Name='Robs Parking')), 2, 0,95,0,0);CALL sp_InsertLocationDayAndOpen( (SELECT Id From Location WHERE Name='Region Space' AND CustomerId=(SELECT Id From Customer WHERE Name='Robs Parking')), 3, 0,95,0,0);CALL sp_InsertLocationDayAndOpen( (SELECT Id From Location WHERE Name='Region Space' AND CustomerId=(SELECT Id From Customer WHERE Name='Robs Parking')), 4, 0,95,0,0);CALL sp_InsertLocationDayAndOpen( (SELECT Id From Location WHERE Name='Region Space' AND CustomerId=(SELECT Id From Customer WHERE Name='Robs Parking')), 5, 0,95,0,0);CALL sp_InsertLocationDayAndOpen( (SELECT Id From Location WHERE Name='Region Space' AND CustomerId=(SELECT Id From Customer WHERE Name='Robs Parking')), 6, 0,95,0,0);CALL sp_InsertLocationDayAndOpen( (SELECT Id From Location WHERE Name='Region Space' AND CustomerId=(SELECT Id From Customer WHERE Name='Robs Parking')), 7, 0,95,0,0);
INSERT Location (CustomerId,ParentLocationId,Name,NumberOfSpaces,TargetMonthlyRevenue,Description,IsParent,IsUnassigned,IsDeleted,VERSION,LastModifiedGMT,LastModifiedByUserId) VALUES ((SELECT ID From Customer WHERE Name='Robs Parking'),  NULL, 'Region,Comma',300,15000,'parent',0,0,0,0,UTC_TIMESTAMP(),1);CALL sp_InsertLocationDayAndOpen( (SELECT Id From Location WHERE Name='Region,Comma' AND CustomerId=(SELECT Id From Customer WHERE Name='Robs Parking')), 1, 0,95,0,0);CALL sp_InsertLocationDayAndOpen( (SELECT Id From Location WHERE Name='Region,Comma' AND CustomerId=(SELECT Id From Customer WHERE Name='Robs Parking')), 2, 0,95,0,0);CALL sp_InsertLocationDayAndOpen( (SELECT Id From Location WHERE Name='Region,Comma' AND CustomerId=(SELECT Id From Customer WHERE Name='Robs Parking')), 3, 0,95,0,0);CALL sp_InsertLocationDayAndOpen( (SELECT Id From Location WHERE Name='Region,Comma' AND CustomerId=(SELECT Id From Customer WHERE Name='Robs Parking')), 4, 0,95,0,0);CALL sp_InsertLocationDayAndOpen( (SELECT Id From Location WHERE Name='Region,Comma' AND CustomerId=(SELECT Id From Customer WHERE Name='Robs Parking')), 5, 0,95,0,0);CALL sp_InsertLocationDayAndOpen( (SELECT Id From Location WHERE Name='Region,Comma' AND CustomerId=(SELECT Id From Customer WHERE Name='Robs Parking')), 6, 0,95,0,0);CALL sp_InsertLocationDayAndOpen( (SELECT Id From Location WHERE Name='Region,Comma' AND CustomerId=(SELECT Id From Customer WHERE Name='Robs Parking')), 7, 0,95,0,0);
INSERT Location (CustomerId,ParentLocationId,Name,NumberOfSpaces,TargetMonthlyRevenue,Description,IsParent,IsUnassigned,IsDeleted,VERSION,LastModifiedGMT,LastModifiedByUserId) VALUES ((SELECT ID From Customer WHERE Name='Robs Parking'),  NULL, 'Region-Dash',300,15000,'parent',0,0,0,0,UTC_TIMESTAMP(),1);CALL sp_InsertLocationDayAndOpen( (SELECT Id From Location WHERE Name='Region-Dash' AND CustomerId=(SELECT Id From Customer WHERE Name='Robs Parking')), 1, 0,95,0,0);CALL sp_InsertLocationDayAndOpen( (SELECT Id From Location WHERE Name='Region-Dash' AND CustomerId=(SELECT Id From Customer WHERE Name='Robs Parking')), 2, 0,95,0,0);CALL sp_InsertLocationDayAndOpen( (SELECT Id From Location WHERE Name='Region-Dash' AND CustomerId=(SELECT Id From Customer WHERE Name='Robs Parking')), 3, 0,95,0,0);CALL sp_InsertLocationDayAndOpen( (SELECT Id From Location WHERE Name='Region-Dash' AND CustomerId=(SELECT Id From Customer WHERE Name='Robs Parking')), 4, 0,95,0,0);CALL sp_InsertLocationDayAndOpen( (SELECT Id From Location WHERE Name='Region-Dash' AND CustomerId=(SELECT Id From Customer WHERE Name='Robs Parking')), 5, 0,95,0,0);CALL sp_InsertLocationDayAndOpen( (SELECT Id From Location WHERE Name='Region-Dash' AND CustomerId=(SELECT Id From Customer WHERE Name='Robs Parking')), 6, 0,95,0,0);CALL sp_InsertLocationDayAndOpen( (SELECT Id From Location WHERE Name='Region-Dash' AND CustomerId=(SELECT Id From Customer WHERE Name='Robs Parking')), 7, 0,95,0,0);
INSERT Location (CustomerId,ParentLocationId,Name,NumberOfSpaces,TargetMonthlyRevenue,Description,IsParent,IsUnassigned,IsDeleted,VERSION,LastModifiedGMT,LastModifiedByUserId) VALUES ((SELECT ID From Customer WHERE Name='Robs Parking'),  NULL, 'Region.Dot',300,15000,'parent',0,0,0,0,UTC_TIMESTAMP(),1);CALL sp_InsertLocationDayAndOpen( (SELECT Id From Location WHERE Name='Region.Dot' AND CustomerId=(SELECT Id From Customer WHERE Name='Robs Parking')), 1, 0,95,0,0);CALL sp_InsertLocationDayAndOpen( (SELECT Id From Location WHERE Name='Region.Dot' AND CustomerId=(SELECT Id From Customer WHERE Name='Robs Parking')), 2, 0,95,0,0);CALL sp_InsertLocationDayAndOpen( (SELECT Id From Location WHERE Name='Region.Dot' AND CustomerId=(SELECT Id From Customer WHERE Name='Robs Parking')), 3, 0,95,0,0);CALL sp_InsertLocationDayAndOpen( (SELECT Id From Location WHERE Name='Region.Dot' AND CustomerId=(SELECT Id From Customer WHERE Name='Robs Parking')), 4, 0,95,0,0);CALL sp_InsertLocationDayAndOpen( (SELECT Id From Location WHERE Name='Region.Dot' AND CustomerId=(SELECT Id From Customer WHERE Name='Robs Parking')), 5, 0,95,0,0);CALL sp_InsertLocationDayAndOpen( (SELECT Id From Location WHERE Name='Region.Dot' AND CustomerId=(SELECT Id From Customer WHERE Name='Robs Parking')), 6, 0,95,0,0);CALL sp_InsertLocationDayAndOpen( (SELECT Id From Location WHERE Name='Region.Dot' AND CustomerId=(SELECT Id From Customer WHERE Name='Robs Parking')), 7, 0,95,0,0);
INSERT Location (CustomerId,ParentLocationId,Name,NumberOfSpaces,TargetMonthlyRevenue,Description,IsParent,IsUnassigned,IsDeleted,VERSION,LastModifiedGMT,LastModifiedByUserId) VALUES ((SELECT ID From Customer WHERE Name='Robs Parking'),  NULL, 'This is the maximumnumber',300,15000,'parent',0,0,0,0,UTC_TIMESTAMP(),1);CALL sp_InsertLocationDayAndOpen( (SELECT Id From Location WHERE Name='This is the maximumnumber' AND CustomerId=(SELECT Id From Customer WHERE Name='Robs Parking')), 1, 0,95,0,0);CALL sp_InsertLocationDayAndOpen( (SELECT Id From Location WHERE Name='This is the maximumnumber' AND CustomerId=(SELECT Id From Customer WHERE Name='Robs Parking')), 2, 0,95,0,0);CALL sp_InsertLocationDayAndOpen( (SELECT Id From Location WHERE Name='This is the maximumnumber' AND CustomerId=(SELECT Id From Customer WHERE Name='Robs Parking')), 3, 0,95,0,0);CALL sp_InsertLocationDayAndOpen( (SELECT Id From Location WHERE Name='This is the maximumnumber' AND CustomerId=(SELECT Id From Customer WHERE Name='Robs Parking')), 4, 0,95,0,0);CALL sp_InsertLocationDayAndOpen( (SELECT Id From Location WHERE Name='This is the maximumnumber' AND CustomerId=(SELECT Id From Customer WHERE Name='Robs Parking')), 5, 0,95,0,0);CALL sp_InsertLocationDayAndOpen( (SELECT Id From Location WHERE Name='This is the maximumnumber' AND CustomerId=(SELECT Id From Customer WHERE Name='Robs Parking')), 6, 0,95,0,0);CALL sp_InsertLocationDayAndOpen( (SELECT Id From Location WHERE Name='This is the maximumnumber' AND CustomerId=(SELECT Id From Customer WHERE Name='Robs Parking')), 7, 0,95,0,0);
INSERT Location (CustomerId,ParentLocationId,Name,NumberOfSpaces,TargetMonthlyRevenue,Description,IsParent,IsUnassigned,IsDeleted,VERSION,LastModifiedGMT,LastModifiedByUserId) VALUES ((SELECT ID From Customer WHERE Name='Robs Parking'),  NULL, 'This.is,the-maximu number',300,15000,'123456789012345678901234567890123456789012345678901234567890123456789012345678901234567890abcdefghij',0,0,0,0,UTC_TIMESTAMP(),1);CALL sp_InsertLocationDayAndOpen( (SELECT Id From Location WHERE Name='This.is,the-maximu number' AND CustomerId=(SELECT Id From Customer WHERE Name='Robs Parking')), 1, 0,95,0,0);CALL sp_InsertLocationDayAndOpen( (SELECT Id From Location WHERE Name='This.is,the-maximu number' AND CustomerId=(SELECT Id From Customer WHERE Name='Robs Parking')), 2, 0,95,0,0);CALL sp_InsertLocationDayAndOpen( (SELECT Id From Location WHERE Name='This.is,the-maximu number' AND CustomerId=(SELECT Id From Customer WHERE Name='Robs Parking')), 3, 0,95,0,0);CALL sp_InsertLocationDayAndOpen( (SELECT Id From Location WHERE Name='This.is,the-maximu number' AND CustomerId=(SELECT Id From Customer WHERE Name='Robs Parking')), 4, 0,95,0,0);CALL sp_InsertLocationDayAndOpen( (SELECT Id From Location WHERE Name='This.is,the-maximu number' AND CustomerId=(SELECT Id From Customer WHERE Name='Robs Parking')), 5, 0,95,0,0);CALL sp_InsertLocationDayAndOpen( (SELECT Id From Location WHERE Name='This.is,the-maximu number' AND CustomerId=(SELECT Id From Customer WHERE Name='Robs Parking')), 6, 0,95,0,0);CALL sp_InsertLocationDayAndOpen( (SELECT Id From Location WHERE Name='This.is,the-maximu number' AND CustomerId=(SELECT Id From Customer WHERE Name='Robs Parking')), 7, 0,95,0,0);



-- Pay Stations

INSERT Paystation (PaystationTypeId,ModemTypeId,SerialNumber,IsDeleted,VERSION,LastModifiedGMT,LastModifiedByUserId) VALUES (2, 3, '800010001234', 0, 0, UTC_TIMESTAMP(), 1);INSERT PointOfSale (CustomerId,PaystationId,LocationId,PointOfSaleTypeId,Name,SerialNumber,ProvisionedGMT,Latitude,Longitude,AltitudeOrLevel,VERSION,LastModifiedGMT,LastModifiedByUserId) VALUES ((SELECT Id FROM Customer WHERE Name='Robs Parking'),(SELECT Id FROM Paystation WHERE SerialNumber='800010001234'),(SELECT Id FROM Location WHERE Name='Region 11' AND CustomerId=(SELECT Id FROM Customer WHERE Name='Robs Parking')),1,'8000 1000 1234','800010001234',UTC_TIMESTAMP(),0,0,0,0,UTC_TIMESTAMP(),1);INSERT POSHeartbeat (PointOfSaleId, LastHeartbeatGMT) VALUES ((SELECT Id FROM PointOfSale WHERE (CustomerID = (SELECT Id FROM Customer WHERE Name='Robs Parking') AND PaystationId=(SELECT Id FROM Paystation WHERE SerialNumber='800010001234'))),'2012-11-15 13:01:53');INSERT POSBalance (PointOfSaleId ,CollectionLockId ,ClusterId ,PrevCollectionLockId ,PrevPrevCollectionLockId ,CashAmount ,CoinCount ,CoinAmount ,BillCount ,BillAmount ,UnsettledCreditCardCount ,UnsettledCreditCardAmount ,TotalAmount ,LastCashCollectionGMT ,LastCoinCollectionGMT ,LastBillCollectionGMT ,LastCardCollectionGMT ,LastRecalcGMT  ,CollectionRecalcGMT ,CollectionRecalcTransactions ,HasRecentCollection ,IsRecalcable ,LastCollectionTypeId ,NextRecalcGMT) VALUES       ((SELECT Id FROM PointOfSale WHERE (CustomerID = (SELECT Id FROM Customer WHERE Name='Robs Parking') AND PaystationId=(SELECT Id FROM Paystation WHERE SerialNumber='800010001234'))),NULL,NULL,NULL,NULL,0,0,0,0,0,0,0,0,UTC_TIMESTAMP(),UTC_TIMESTAMP(),UTC_TIMESTAMP() ,UTC_TIMESTAMP(),UTC_TIMESTAMP(),UTC_TIMESTAMP(),0,0,0,0,UTC_TIMESTAMP());



















-- Roles

-- Custom Roles


INSERT Role (CustomerTypeId, RoleStatusTypeId, Name, IsAdmin, IsLocked, ClonedRoleId, VERSION, LastModifiedGMT, LastModifiedByUserId) VALUES (3, 1, 'Collections', 0, 0, null, 0, UTC_TIMESTAMP(), 1) ;INSERT CustomerRole (CustomerId, RoleId, VERSION, LastModifiedGMT, LastModifiedByUserId) VALUES ( (SELECT Id FROM Customer WHERE Name='Robs Parking'), (SELECT LAST_INSERT_ID()), 0, UTC_TIMESTAMP(), 1);
INSERT Role (CustomerTypeId, RoleStatusTypeId, Name, IsAdmin, IsLocked, ClonedRoleId, VERSION, LastModifiedGMT, LastModifiedByUserId) VALUES (3, 1, 'Maintenance', 0, 0, null, 0, UTC_TIMESTAMP(), 1) ;INSERT CustomerRole (CustomerId, RoleId, VERSION, LastModifiedGMT, LastModifiedByUserId) VALUES ( (SELECT Id FROM Customer WHERE Name='Robs Parking'), (SELECT LAST_INSERT_ID()), 0, UTC_TIMESTAMP(), 1);

-- Permissions




INSERT RolePermission (RoleId, PermissionId, VERSION, LastModifiedGMT, LastModifiedByUserId) VALUES ( (SELECT r.Id FROM Role r, CustomerRole c WHERE c.RoleID=r.Id AND c.CustomerId=(SELECT Id FROM Customer WHERE Name='Robs Parking') AND r.Name='Collections'), 201, 0, UTC_TIMESTAMP(), 1);INSERT RolePermission (RoleId, PermissionId, VERSION, LastModifiedGMT, LastModifiedByUserId) VALUES ( (SELECT r.Id FROM Role r, CustomerRole c WHERE c.RoleID=r.Id AND c.CustomerId=(SELECT Id FROM Customer WHERE Name='Robs Parking') AND r.Name='Maintenance'), 201, 0, UTC_TIMESTAMP(), 1);

INSERT RolePermission (RoleId, PermissionId, VERSION, LastModifiedGMT, LastModifiedByUserId) VALUES ( (SELECT r.Id FROM Role r, CustomerRole c WHERE c.RoleID=r.Id AND c.CustomerId=(SELECT Id FROM Customer WHERE Name='Robs Parking') AND r.Name='Collections'), 300, 0, UTC_TIMESTAMP(), 1);
INSERT RolePermission (RoleId, PermissionId, VERSION, LastModifiedGMT, LastModifiedByUserId) VALUES ( (SELECT r.Id FROM Role r, CustomerRole c WHERE c.RoleID=r.Id AND c.CustomerId=(SELECT Id FROM Customer WHERE Name='Robs Parking') AND r.Name='Collections'), 301, 0, UTC_TIMESTAMP(), 1);























































-- User Accounts

INSERT CustomerEmail (CustomerId, Email, VERSION, LastModifiedGMT, LastModifiedByUserId) VALUES ( (SELECT Id FROM Customer WHERE Name='Robs Parking'),'Robert@RobsParking', 0, UTC_TIMESTAMP(), 1);INSERT UserAccount (CustomerId, UserStatusTypeId, UserName, CustomerEmailId, FirstName, LastName, Password, PasswordSalt, IsPasswordTemporary, VERSION, LastModifiedGMT, LastModifiedByUserId) VALUES ( (SELECT Id FROM Customer WHERE Name='Robs Parking'), 1, 'Robert%40RobsParking', (SELECT Id FROM CustomerEmail WHERE Email='Robert@RobsParking'), 'Rob', '', '58ae83e00383273590f96b385ddd700802c3f07d', 'salt', 1, 0, UTC_TIMESTAMP(), 1);INSERT UserDefaultDashboard (UserAccountId, IsDefaultDashboard, VERSION, LastModifiedGMT, LastModifiedByUserId) VALUES ((SELECT Id FROM UserAccount WHERE Username='Robert%40RobsParking'), 1, 0, UTC_TIMESTAMP(), 1);INSERT UserRole (UserAccountId, RoleId, VERSION, LastModifiedGMT, LastModifiedByUserId) VALUES ((SELECT Id FROM UserAccount WHERE Username='Robert%40RobsParking'), 2, 0, UTC_TIMESTAMP(), 1);



-- *** Parking Company ***
-- Customer
INSERT Customer (CustomerTypeId, CustomerStatusTypeId, ParentCustomerId, Name, IsParent, VERSION, LastModifiedGMT, LastModifiedByUserId) VALUES (2, 1, NULL, 'Parking Company', 1, 0, UTC_TIMESTAMP(), 1);


-- T&C Not Accepted






-- Subscribed Services
INSERT CustomerSubscription (CustomerId, SubscriptionTypeId, IsEnabled, VERSION, LastModifiedGMT, LastModifiedByUserId) VALUES ( (SELECT ID From Customer WHERE Name='Parking Company'), 100, 1, 0, UTC_TIMESTAMP(), 1);
INSERT CustomerSubscription (CustomerId, SubscriptionTypeId, IsEnabled, VERSION, LastModifiedGMT, LastModifiedByUserId) VALUES ( (SELECT ID From Customer WHERE Name='Parking Company'), 200, 1, 0, UTC_TIMESTAMP(), 1);
INSERT CustomerSubscription (CustomerId, SubscriptionTypeId, IsEnabled, VERSION, LastModifiedGMT, LastModifiedByUserId) VALUES ( (SELECT ID From Customer WHERE Name='Parking Company'), 300, 1, 0, UTC_TIMESTAMP(), 1);
INSERT CustomerSubscription (CustomerId, SubscriptionTypeId, IsEnabled, VERSION, LastModifiedGMT, LastModifiedByUserId) VALUES ( (SELECT ID From Customer WHERE Name='Parking Company'), 400, 1, 0, UTC_TIMESTAMP(), 1);
INSERT CustomerSubscription (CustomerId, SubscriptionTypeId, IsEnabled, VERSION, LastModifiedGMT, LastModifiedByUserId) VALUES ( (SELECT ID From Customer WHERE Name='Parking Company'), 500, 1, 0, UTC_TIMESTAMP(), 1);
INSERT CustomerSubscription (CustomerId, SubscriptionTypeId, IsEnabled, VERSION, LastModifiedGMT, LastModifiedByUserId) VALUES ( (SELECT ID From Customer WHERE Name='Parking Company'), 600, 1, 0, UTC_TIMESTAMP(), 1);
INSERT CustomerSubscription (CustomerId, SubscriptionTypeId, IsEnabled, VERSION, LastModifiedGMT, LastModifiedByUserId) VALUES ( (SELECT ID From Customer WHERE Name='Parking Company'), 700, 1, 0, UTC_TIMESTAMP(), 1);
INSERT CustomerSubscription (CustomerId, SubscriptionTypeId, IsEnabled, VERSION, LastModifiedGMT, LastModifiedByUserId) VALUES ( (SELECT ID From Customer WHERE Name='Parking Company'), 800, 1, 0, UTC_TIMESTAMP(), 1);
INSERT CustomerSubscription (CustomerId, SubscriptionTypeId, IsEnabled, VERSION, LastModifiedGMT, LastModifiedByUserId) VALUES ( (SELECT ID From Customer WHERE Name='Parking Company'), 900, 1, 0, UTC_TIMESTAMP(), 1);
INSERT CustomerSubscription (CustomerId, SubscriptionTypeId, IsEnabled, VERSION, LastModifiedGMT, LastModifiedByUserId) VALUES ( (SELECT ID From Customer WHERE Name='Parking Company'), 1000, 1, 0, UTC_TIMESTAMP(), 1);
INSERT CustomerSubscription (CustomerId, SubscriptionTypeId, IsEnabled, VERSION, LastModifiedGMT, LastModifiedByUserId) VALUES ( (SELECT ID From Customer WHERE Name='Parking Company'), 1100, 1, 0, UTC_TIMESTAMP(), 1);
INSERT CustomerSubscription (CustomerId, SubscriptionTypeId, IsEnabled, VERSION, LastModifiedGMT, LastModifiedByUserId) VALUES ( (SELECT ID From Customer WHERE Name='Parking Company'), 1200, 1, 0, UTC_TIMESTAMP(), 1);
INSERT CustomerSubscription (CustomerId, SubscriptionTypeId, IsEnabled, VERSION, LastModifiedGMT, LastModifiedByUserId) VALUES ( (SELECT ID From Customer WHERE Name='Parking Company'), 1600, 1, 0, UTC_TIMESTAMP(), 1);

-- Customer Properties
INSERT CustomerProperty (CustomerId,CustomerPropertyTypeId,PropertyValue,VERSION,LastModifiedGMT,LastModifiedByUserId) VALUES ( (SELECT ID From Customer WHERE Name='Parking Company'), 1, 'US/Pacific' , 0,UTC_TIMESTAMP(),1 );
INSERT CustomerProperty (CustomerId,CustomerPropertyTypeId,PropertyValue,VERSION,LastModifiedGMT,LastModifiedByUserId) VALUES ( (SELECT ID From Customer WHERE Name='Parking Company'), 2, 'Region' , 0,UTC_TIMESTAMP(),1 );
INSERT CustomerProperty (CustomerId,CustomerPropertyTypeId,PropertyValue,VERSION,LastModifiedGMT,LastModifiedByUserId) VALUES ( (SELECT ID From Customer WHERE Name='Parking Company'), 3, '10' , 0,UTC_TIMESTAMP(),1 );
INSERT CustomerProperty (CustomerId,CustomerPropertyTypeId,PropertyValue,VERSION,LastModifiedGMT,LastModifiedByUserId) VALUES ( (SELECT ID From Customer WHERE Name='Parking Company'), 4, 'on' , 0,UTC_TIMESTAMP(),1 );
INSERT CustomerProperty (CustomerId,CustomerPropertyTypeId,PropertyValue,VERSION,LastModifiedGMT,LastModifiedByUserId) VALUES ( (SELECT ID From Customer WHERE Name='Parking Company'), 5, '3' , 0,UTC_TIMESTAMP(),1 );
INSERT CustomerProperty (CustomerId,CustomerPropertyTypeId,PropertyValue,VERSION,LastModifiedGMT,LastModifiedByUserId) VALUES ( (SELECT ID From Customer WHERE Name='Parking Company'), 6, '10' , 0,UTC_TIMESTAMP(),1 );
INSERT CustomerProperty (CustomerId,CustomerPropertyTypeId,PropertyValue,VERSION,LastModifiedGMT,LastModifiedByUserId) VALUES ( (SELECT ID From Customer WHERE Name='Parking Company'), 7, '?' , 0,UTC_TIMESTAMP(),1 );
INSERT CustomerProperty (CustomerId,CustomerPropertyTypeId,PropertyValue,VERSION,LastModifiedGMT,LastModifiedByUserId) VALUES ( (SELECT ID From Customer WHERE Name='Parking Company'), 8, 'no' , 0,UTC_TIMESTAMP(),1 );
INSERT CustomerProperty (CustomerId,CustomerPropertyTypeId,PropertyValue,VERSION,LastModifiedGMT,LastModifiedByUserId) VALUES ( (SELECT ID From Customer WHERE Name='Parking Company'), 9, '49.3006974631727' , 0,UTC_TIMESTAMP(),1 );
INSERT CustomerProperty (CustomerId,CustomerPropertyTypeId,PropertyValue,VERSION,LastModifiedGMT,LastModifiedByUserId) VALUES ( (SELECT ID From Customer WHERE Name='Parking Company'), 10, '-123.140559196472' , 0,UTC_TIMESTAMP(),1 );

-- Locations


INSERT Location (CustomerId,ParentLocationId,Name,NumberOfSpaces,TargetMonthlyRevenue,Description,IsParent,IsUnassigned,IsDeleted,VERSION,LastModifiedGMT,LastModifiedByUserId) VALUES ((SELECT ID From Customer WHERE Name='Parking Company'),  NULL, 'Unassigned',0,0,'Unassigned Pay Stations',0,1,0,0,UTC_TIMESTAMP(),1);CALL sp_InsertLocationDayAndOpen( (SELECT Id From Location WHERE Name='Unassigned' AND CustomerId=(SELECT Id From Customer WHERE Name='Parking Company')), 1, 0,0,0,0);CALL sp_InsertLocationDayAndOpen( (SELECT Id From Location WHERE Name='Unassigned' AND CustomerId=(SELECT Id From Customer WHERE Name='Parking Company')), 2, 0,0,0,0);CALL sp_InsertLocationDayAndOpen( (SELECT Id From Location WHERE Name='Unassigned' AND CustomerId=(SELECT Id From Customer WHERE Name='Parking Company')), 3, 0,0,0,0);CALL sp_InsertLocationDayAndOpen( (SELECT Id From Location WHERE Name='Unassigned' AND CustomerId=(SELECT Id From Customer WHERE Name='Parking Company')), 4, 0,0,0,0);CALL sp_InsertLocationDayAndOpen( (SELECT Id From Location WHERE Name='Unassigned' AND CustomerId=(SELECT Id From Customer WHERE Name='Parking Company')), 5, 0,0,0,0);CALL sp_InsertLocationDayAndOpen( (SELECT Id From Location WHERE Name='Unassigned' AND CustomerId=(SELECT Id From Customer WHERE Name='Parking Company')), 6, 0,95,0,0);CALL sp_InsertLocationDayAndOpen( (SELECT Id From Location WHERE Name='Unassigned' AND CustomerId=(SELECT Id From Customer WHERE Name='Parking Company')), 7, 0,0,0,0);
INSERT Location (CustomerId,ParentLocationId,Name,NumberOfSpaces,TargetMonthlyRevenue,Description,IsParent,IsUnassigned,IsDeleted,VERSION,LastModifiedGMT,LastModifiedByUserId) VALUES ((SELECT ID From Customer WHERE Name='Parking Company'),  NULL, 'West Side Lot',100,10000,NULL,0,0,0,0,UTC_TIMESTAMP(),1);CALL sp_InsertLocationDayAndOpen( (SELECT Id From Location WHERE Name='West Side Lot' AND CustomerId=(SELECT Id From Customer WHERE Name='Parking Company')), 1, 0,95,0,0);CALL sp_InsertLocationDayAndOpen( (SELECT Id From Location WHERE Name='West Side Lot' AND CustomerId=(SELECT Id From Customer WHERE Name='Parking Company')), 2, 0,95,0,0);CALL sp_InsertLocationDayAndOpen( (SELECT Id From Location WHERE Name='West Side Lot' AND CustomerId=(SELECT Id From Customer WHERE Name='Parking Company')), 3, 0,95,0,0);CALL sp_InsertLocationDayAndOpen( (SELECT Id From Location WHERE Name='West Side Lot' AND CustomerId=(SELECT Id From Customer WHERE Name='Parking Company')), 4, 0,95,0,0);CALL sp_InsertLocationDayAndOpen( (SELECT Id From Location WHERE Name='West Side Lot' AND CustomerId=(SELECT Id From Customer WHERE Name='Parking Company')), 5, 0,95,0,0);CALL sp_InsertLocationDayAndOpen( (SELECT Id From Location WHERE Name='West Side Lot' AND CustomerId=(SELECT Id From Customer WHERE Name='Parking Company')), 6, 0,95,0,0);CALL sp_InsertLocationDayAndOpen( (SELECT Id From Location WHERE Name='West Side Lot' AND CustomerId=(SELECT Id From Customer WHERE Name='Parking Company')), 7, 0,95,0,0);
INSERT Location (CustomerId,ParentLocationId,Name,NumberOfSpaces,TargetMonthlyRevenue,Description,IsParent,IsUnassigned,IsDeleted,VERSION,LastModifiedGMT,LastModifiedByUserId) VALUES ((SELECT ID From Customer WHERE Name='Parking Company'),  NULL, 'East Side Lot',200,20000,NULL,0,0,0,0,UTC_TIMESTAMP(),1);CALL sp_InsertLocationDayAndOpen( (SELECT Id From Location WHERE Name='East Side Lot' AND CustomerId=(SELECT Id From Customer WHERE Name='Parking Company')), 1, 0,95,0,0);CALL sp_InsertLocationDayAndOpen( (SELECT Id From Location WHERE Name='East Side Lot' AND CustomerId=(SELECT Id From Customer WHERE Name='Parking Company')), 2, 0,95,0,0);CALL sp_InsertLocationDayAndOpen( (SELECT Id From Location WHERE Name='East Side Lot' AND CustomerId=(SELECT Id From Customer WHERE Name='Parking Company')), 3, 0,95,0,0);CALL sp_InsertLocationDayAndOpen( (SELECT Id From Location WHERE Name='East Side Lot' AND CustomerId=(SELECT Id From Customer WHERE Name='Parking Company')), 4, 0,95,0,0);CALL sp_InsertLocationDayAndOpen( (SELECT Id From Location WHERE Name='East Side Lot' AND CustomerId=(SELECT Id From Customer WHERE Name='Parking Company')), 5, 0,95,0,0);CALL sp_InsertLocationDayAndOpen( (SELECT Id From Location WHERE Name='East Side Lot' AND CustomerId=(SELECT Id From Customer WHERE Name='Parking Company')), 6, 0,95,0,0);CALL sp_InsertLocationDayAndOpen( (SELECT Id From Location WHERE Name='East Side Lot' AND CustomerId=(SELECT Id From Customer WHERE Name='Parking Company')), 7, 0,95,0,0);
INSERT Location (CustomerId,ParentLocationId,Name,NumberOfSpaces,TargetMonthlyRevenue,Description,IsParent,IsUnassigned,IsDeleted,VERSION,LastModifiedGMT,LastModifiedByUserId) VALUES ((SELECT ID From Customer WHERE Name='Parking Company'),  NULL, 'North Side Lot',150,15000,NULL,0,0,0,0,UTC_TIMESTAMP(),1);CALL sp_InsertLocationDayAndOpen( (SELECT Id From Location WHERE Name='North Side Lot' AND CustomerId=(SELECT Id From Customer WHERE Name='Parking Company')), 1, 32,80,0,0);CALL sp_InsertLocationDayAndOpen( (SELECT Id From Location WHERE Name='North Side Lot' AND CustomerId=(SELECT Id From Customer WHERE Name='Parking Company')), 2, 32,80,0,0);CALL sp_InsertLocationDayAndOpen( (SELECT Id From Location WHERE Name='North Side Lot' AND CustomerId=(SELECT Id From Customer WHERE Name='Parking Company')), 3, 32,80,0,0);CALL sp_InsertLocationDayAndOpen( (SELECT Id From Location WHERE Name='North Side Lot' AND CustomerId=(SELECT Id From Customer WHERE Name='Parking Company')), 4, 32,80,0,0);CALL sp_InsertLocationDayAndOpen( (SELECT Id From Location WHERE Name='North Side Lot' AND CustomerId=(SELECT Id From Customer WHERE Name='Parking Company')), 5, 32,80,0,0);CALL sp_InsertLocationDayAndOpen( (SELECT Id From Location WHERE Name='North Side Lot' AND CustomerId=(SELECT Id From Customer WHERE Name='Parking Company')), 6, 32,80,0,0);CALL sp_InsertLocationDayAndOpen( (SELECT Id From Location WHERE Name='North Side Lot' AND CustomerId=(SELECT Id From Customer WHERE Name='Parking Company')), 7, 32,80,0,0);













-- Pay Stations

INSERT Paystation (PaystationTypeId,ModemTypeId,SerialNumber,IsDeleted,VERSION,LastModifiedGMT,LastModifiedByUserId) VALUES (2, 4, '500012460001', 0, 0, UTC_TIMESTAMP(), 1);INSERT PointOfSale (CustomerId,PaystationId,LocationId,PointOfSaleTypeId,Name,SerialNumber,ProvisionedGMT,Latitude,Longitude,AltitudeOrLevel,VERSION,LastModifiedGMT,LastModifiedByUserId) VALUES ((SELECT Id FROM Customer WHERE Name='Parking Company'),(SELECT Id FROM Paystation WHERE SerialNumber='500012460001'),(SELECT Id FROM Location WHERE Name='West Side Lot' AND CustomerId=(SELECT Id FROM Customer WHERE Name='Parking Company')),1,'West - Pay Station 1','500012460001',UTC_TIMESTAMP(),49.3006257525025,-123.158028423786,0,0,UTC_TIMESTAMP(),1);INSERT POSHeartbeat (PointOfSaleId, LastHeartbeatGMT) VALUES ((SELECT Id FROM PointOfSale WHERE (CustomerID = (SELECT Id FROM Customer WHERE Name='Parking Company') AND PaystationId=(SELECT Id FROM Paystation WHERE SerialNumber='500012460001'))),'2012-11-15 13:01:53');INSERT POSBalance (PointOfSaleId ,CollectionLockId ,ClusterId ,PrevCollectionLockId ,PrevPrevCollectionLockId ,CashAmount ,CoinCount ,CoinAmount ,BillCount ,BillAmount ,UnsettledCreditCardCount ,UnsettledCreditCardAmount ,TotalAmount ,LastCashCollectionGMT ,LastCoinCollectionGMT ,LastBillCollectionGMT ,LastCardCollectionGMT ,LastRecalcGMT  ,CollectionRecalcGMT ,CollectionRecalcTransactions ,HasRecentCollection ,IsRecalcable ,LastCollectionTypeId ,NextRecalcGMT) VALUES       ((SELECT Id FROM PointOfSale WHERE (CustomerID = (SELECT Id FROM Customer WHERE Name='Parking Company') AND PaystationId=(SELECT Id FROM Paystation WHERE SerialNumber='500012460001'))),NULL,NULL,NULL,NULL,0,0,0,0,0,0,0,0,UTC_TIMESTAMP(),UTC_TIMESTAMP(),UTC_TIMESTAMP() ,UTC_TIMESTAMP(),UTC_TIMESTAMP(),UTC_TIMESTAMP(),0,0,0,0,UTC_TIMESTAMP());
INSERT Paystation (PaystationTypeId,ModemTypeId,SerialNumber,IsDeleted,VERSION,LastModifiedGMT,LastModifiedByUserId) VALUES (2, 4, '500012460002', 0, 0, UTC_TIMESTAMP(), 1);INSERT PointOfSale (CustomerId,PaystationId,LocationId,PointOfSaleTypeId,Name,SerialNumber,ProvisionedGMT,Latitude,Longitude,AltitudeOrLevel,VERSION,LastModifiedGMT,LastModifiedByUserId) VALUES ((SELECT Id FROM Customer WHERE Name='Parking Company'),(SELECT Id FROM Paystation WHERE SerialNumber='500012460002'),(SELECT Id FROM Location WHERE Name='West Side Lot' AND CustomerId=(SELECT Id FROM Customer WHERE Name='Parking Company')),1,'West - Pay Station 2','500012460002',UTC_TIMESTAMP(),49.3016122023225,-123.157148659229,0,0,UTC_TIMESTAMP(),1);INSERT POSHeartbeat (PointOfSaleId, LastHeartbeatGMT) VALUES ((SELECT Id FROM PointOfSale WHERE (CustomerID = (SELECT Id FROM Customer WHERE Name='Parking Company') AND PaystationId=(SELECT Id FROM Paystation WHERE SerialNumber='500012460002'))),'2012-11-15 13:01:53');INSERT POSBalance (PointOfSaleId ,CollectionLockId ,ClusterId ,PrevCollectionLockId ,PrevPrevCollectionLockId ,CashAmount ,CoinCount ,CoinAmount ,BillCount ,BillAmount ,UnsettledCreditCardCount ,UnsettledCreditCardAmount ,TotalAmount ,LastCashCollectionGMT ,LastCoinCollectionGMT ,LastBillCollectionGMT ,LastCardCollectionGMT ,LastRecalcGMT  ,CollectionRecalcGMT ,CollectionRecalcTransactions ,HasRecentCollection ,IsRecalcable ,LastCollectionTypeId ,NextRecalcGMT) VALUES       ((SELECT Id FROM PointOfSale WHERE (CustomerID = (SELECT Id FROM Customer WHERE Name='Parking Company') AND PaystationId=(SELECT Id FROM Paystation WHERE SerialNumber='500012460002'))),NULL,NULL,NULL,NULL,0,0,0,0,0,0,0,0,UTC_TIMESTAMP(),UTC_TIMESTAMP(),UTC_TIMESTAMP() ,UTC_TIMESTAMP(),UTC_TIMESTAMP(),UTC_TIMESTAMP(),0,0,0,0,UTC_TIMESTAMP());
INSERT Paystation (PaystationTypeId,ModemTypeId,SerialNumber,IsDeleted,VERSION,LastModifiedGMT,LastModifiedByUserId) VALUES (2, 4, '500012460003', 0, 0, UTC_TIMESTAMP(), 1);INSERT PointOfSale (CustomerId,PaystationId,LocationId,PointOfSaleTypeId,Name,SerialNumber,ProvisionedGMT,Latitude,Longitude,AltitudeOrLevel,VERSION,LastModifiedGMT,LastModifiedByUserId) VALUES ((SELECT Id FROM Customer WHERE Name='Parking Company'),(SELECT Id FROM Paystation WHERE SerialNumber='500012460003'),(SELECT Id FROM Location WHERE Name='East Side Lot' AND CustomerId=(SELECT Id FROM Customer WHERE Name='Parking Company')),1,'East - Pay Station 1','500012460003',UTC_TIMESTAMP(),49.2999855989696,-123.116829693317,0,0,UTC_TIMESTAMP(),1);INSERT POSHeartbeat (PointOfSaleId, LastHeartbeatGMT) VALUES ((SELECT Id FROM PointOfSale WHERE (CustomerID = (SELECT Id FROM Customer WHERE Name='Parking Company') AND PaystationId=(SELECT Id FROM Paystation WHERE SerialNumber='500012460003'))),'2012-11-15 13:01:53');INSERT POSBalance (PointOfSaleId ,CollectionLockId ,ClusterId ,PrevCollectionLockId ,PrevPrevCollectionLockId ,CashAmount ,CoinCount ,CoinAmount ,BillCount ,BillAmount ,UnsettledCreditCardCount ,UnsettledCreditCardAmount ,TotalAmount ,LastCashCollectionGMT ,LastCoinCollectionGMT ,LastBillCollectionGMT ,LastCardCollectionGMT ,LastRecalcGMT  ,CollectionRecalcGMT ,CollectionRecalcTransactions ,HasRecentCollection ,IsRecalcable ,LastCollectionTypeId ,NextRecalcGMT) VALUES       ((SELECT Id FROM PointOfSale WHERE (CustomerID = (SELECT Id FROM Customer WHERE Name='Parking Company') AND PaystationId=(SELECT Id FROM Paystation WHERE SerialNumber='500012460003'))),NULL,NULL,NULL,NULL,0,0,0,0,0,0,0,0,UTC_TIMESTAMP(),UTC_TIMESTAMP(),UTC_TIMESTAMP() ,UTC_TIMESTAMP(),UTC_TIMESTAMP(),UTC_TIMESTAMP(),0,0,0,0,UTC_TIMESTAMP());
INSERT Paystation (PaystationTypeId,ModemTypeId,SerialNumber,IsDeleted,VERSION,LastModifiedGMT,LastModifiedByUserId) VALUES (2, 4, '500012460004', 0, 0, UTC_TIMESTAMP(), 1);INSERT PointOfSale (CustomerId,PaystationId,LocationId,PointOfSaleTypeId,Name,SerialNumber,ProvisionedGMT,Latitude,Longitude,AltitudeOrLevel,VERSION,LastModifiedGMT,LastModifiedByUserId) VALUES ((SELECT Id FROM Customer WHERE Name='Parking Company'),(SELECT Id FROM Paystation WHERE SerialNumber='500012460004'),(SELECT Id FROM Location WHERE Name='East Side Lot' AND CustomerId=(SELECT Id FROM Customer WHERE Name='Parking Company')),1,'East - Pay Station 2','500012460004',UTC_TIMESTAMP(),49.3006957141332,-123.116934299468,0,0,UTC_TIMESTAMP(),1);INSERT POSHeartbeat (PointOfSaleId, LastHeartbeatGMT) VALUES ((SELECT Id FROM PointOfSale WHERE (CustomerID = (SELECT Id FROM Customer WHERE Name='Parking Company') AND PaystationId=(SELECT Id FROM Paystation WHERE SerialNumber='500012460004'))),'2012-11-15 13:01:53');INSERT POSBalance (PointOfSaleId ,CollectionLockId ,ClusterId ,PrevCollectionLockId ,PrevPrevCollectionLockId ,CashAmount ,CoinCount ,CoinAmount ,BillCount ,BillAmount ,UnsettledCreditCardCount ,UnsettledCreditCardAmount ,TotalAmount ,LastCashCollectionGMT ,LastCoinCollectionGMT ,LastBillCollectionGMT ,LastCardCollectionGMT ,LastRecalcGMT  ,CollectionRecalcGMT ,CollectionRecalcTransactions ,HasRecentCollection ,IsRecalcable ,LastCollectionTypeId ,NextRecalcGMT) VALUES       ((SELECT Id FROM PointOfSale WHERE (CustomerID = (SELECT Id FROM Customer WHERE Name='Parking Company') AND PaystationId=(SELECT Id FROM Paystation WHERE SerialNumber='500012460004'))),NULL,NULL,NULL,NULL,0,0,0,0,0,0,0,0,UTC_TIMESTAMP(),UTC_TIMESTAMP(),UTC_TIMESTAMP() ,UTC_TIMESTAMP(),UTC_TIMESTAMP(),UTC_TIMESTAMP(),0,0,0,0,UTC_TIMESTAMP());
INSERT Paystation (PaystationTypeId,ModemTypeId,SerialNumber,IsDeleted,VERSION,LastModifiedGMT,LastModifiedByUserId) VALUES (2, 3, '500012460005', 0, 0, UTC_TIMESTAMP(), 1);INSERT PointOfSale (CustomerId,PaystationId,LocationId,PointOfSaleTypeId,Name,SerialNumber,ProvisionedGMT,Latitude,Longitude,AltitudeOrLevel,VERSION,LastModifiedGMT,LastModifiedByUserId) VALUES ((SELECT Id FROM Customer WHERE Name='Parking Company'),(SELECT Id FROM Paystation WHERE SerialNumber='500012460005'),(SELECT Id FROM Location WHERE Name='North Side Lot' AND CustomerId=(SELECT Id FROM Customer WHERE Name='Parking Company')),1,'North - Pay Station 1','500012460005',UTC_TIMESTAMP(),49.3127049049808,-123.14305499196,0,0,UTC_TIMESTAMP(),1);INSERT POSHeartbeat (PointOfSaleId, LastHeartbeatGMT) VALUES ((SELECT Id FROM PointOfSale WHERE (CustomerID = (SELECT Id FROM Customer WHERE Name='Parking Company') AND PaystationId=(SELECT Id FROM Paystation WHERE SerialNumber='500012460005'))),'2012-11-15 13:01:53');INSERT POSBalance (PointOfSaleId ,CollectionLockId ,ClusterId ,PrevCollectionLockId ,PrevPrevCollectionLockId ,CashAmount ,CoinCount ,CoinAmount ,BillCount ,BillAmount ,UnsettledCreditCardCount ,UnsettledCreditCardAmount ,TotalAmount ,LastCashCollectionGMT ,LastCoinCollectionGMT ,LastBillCollectionGMT ,LastCardCollectionGMT ,LastRecalcGMT  ,CollectionRecalcGMT ,CollectionRecalcTransactions ,HasRecentCollection ,IsRecalcable ,LastCollectionTypeId ,NextRecalcGMT) VALUES       ((SELECT Id FROM PointOfSale WHERE (CustomerID = (SELECT Id FROM Customer WHERE Name='Parking Company') AND PaystationId=(SELECT Id FROM Paystation WHERE SerialNumber='500012460005'))),NULL,NULL,NULL,NULL,0,0,0,0,0,0,0,0,UTC_TIMESTAMP(),UTC_TIMESTAMP(),UTC_TIMESTAMP() ,UTC_TIMESTAMP(),UTC_TIMESTAMP(),UTC_TIMESTAMP(),0,0,0,0,UTC_TIMESTAMP());
INSERT Paystation (PaystationTypeId,ModemTypeId,SerialNumber,IsDeleted,VERSION,LastModifiedGMT,LastModifiedByUserId) VALUES (2, 3, '500012460006', 0, 0, UTC_TIMESTAMP(), 1);INSERT PointOfSale (CustomerId,PaystationId,LocationId,PointOfSaleTypeId,Name,SerialNumber,ProvisionedGMT,Latitude,Longitude,AltitudeOrLevel,VERSION,LastModifiedGMT,LastModifiedByUserId) VALUES ((SELECT Id FROM Customer WHERE Name='Parking Company'),(SELECT Id FROM Paystation WHERE SerialNumber='500012460006'),(SELECT Id FROM Location WHERE Name='North Side Lot' AND CustomerId=(SELECT Id FROM Customer WHERE Name='Parking Company')),1,'North - Pay Station 2','500012460006',UTC_TIMESTAMP(),49.3127049049808,-123.14305499196,0,0,UTC_TIMESTAMP(),1);INSERT POSHeartbeat (PointOfSaleId, LastHeartbeatGMT) VALUES ((SELECT Id FROM PointOfSale WHERE (CustomerID = (SELECT Id FROM Customer WHERE Name='Parking Company') AND PaystationId=(SELECT Id FROM Paystation WHERE SerialNumber='500012460006'))),'2012-11-15 13:01:53');INSERT POSBalance (PointOfSaleId ,CollectionLockId ,ClusterId ,PrevCollectionLockId ,PrevPrevCollectionLockId ,CashAmount ,CoinCount ,CoinAmount ,BillCount ,BillAmount ,UnsettledCreditCardCount ,UnsettledCreditCardAmount ,TotalAmount ,LastCashCollectionGMT ,LastCoinCollectionGMT ,LastBillCollectionGMT ,LastCardCollectionGMT ,LastRecalcGMT  ,CollectionRecalcGMT ,CollectionRecalcTransactions ,HasRecentCollection ,IsRecalcable ,LastCollectionTypeId ,NextRecalcGMT) VALUES       ((SELECT Id FROM PointOfSale WHERE (CustomerID = (SELECT Id FROM Customer WHERE Name='Parking Company') AND PaystationId=(SELECT Id FROM Paystation WHERE SerialNumber='500012460006'))),NULL,NULL,NULL,NULL,0,0,0,0,0,0,0,0,UTC_TIMESTAMP(),UTC_TIMESTAMP(),UTC_TIMESTAMP() ,UTC_TIMESTAMP(),UTC_TIMESTAMP(),UTC_TIMESTAMP(),0,0,0,0,UTC_TIMESTAMP());
INSERT Paystation (PaystationTypeId,ModemTypeId,SerialNumber,IsDeleted,VERSION,LastModifiedGMT,LastModifiedByUserId) VALUES (2, 3, '500012460007', 0, 0, UTC_TIMESTAMP(), 1);INSERT PointOfSale (CustomerId,PaystationId,LocationId,PointOfSaleTypeId,Name,SerialNumber,ProvisionedGMT,Latitude,Longitude,AltitudeOrLevel,VERSION,LastModifiedGMT,LastModifiedByUserId) VALUES ((SELECT Id FROM Customer WHERE Name='Parking Company'),(SELECT Id FROM Paystation WHERE SerialNumber='500012460007'),(SELECT Id FROM Location WHERE Name='North Side Lot' AND CustomerId=(SELECT Id FROM Customer WHERE Name='Parking Company')),1,'North - Pay Station 3','500012460007',UTC_TIMESTAMP(),49.312669932703,-123.144225776195,0,0,UTC_TIMESTAMP(),1);INSERT POSHeartbeat (PointOfSaleId, LastHeartbeatGMT) VALUES ((SELECT Id FROM PointOfSale WHERE (CustomerID = (SELECT Id FROM Customer WHERE Name='Parking Company') AND PaystationId=(SELECT Id FROM Paystation WHERE SerialNumber='500012460007'))),'2012-11-15 13:01:53');INSERT POSBalance (PointOfSaleId ,CollectionLockId ,ClusterId ,PrevCollectionLockId ,PrevPrevCollectionLockId ,CashAmount ,CoinCount ,CoinAmount ,BillCount ,BillAmount ,UnsettledCreditCardCount ,UnsettledCreditCardAmount ,TotalAmount ,LastCashCollectionGMT ,LastCoinCollectionGMT ,LastBillCollectionGMT ,LastCardCollectionGMT ,LastRecalcGMT  ,CollectionRecalcGMT ,CollectionRecalcTransactions ,HasRecentCollection ,IsRecalcable ,LastCollectionTypeId ,NextRecalcGMT) VALUES       ((SELECT Id FROM PointOfSale WHERE (CustomerID = (SELECT Id FROM Customer WHERE Name='Parking Company') AND PaystationId=(SELECT Id FROM Paystation WHERE SerialNumber='500012460007'))),NULL,NULL,NULL,NULL,0,0,0,0,0,0,0,0,UTC_TIMESTAMP(),UTC_TIMESTAMP(),UTC_TIMESTAMP() ,UTC_TIMESTAMP(),UTC_TIMESTAMP(),UTC_TIMESTAMP(),0,0,0,0,UTC_TIMESTAMP());

























-- Roles

-- Custom Roles

INSERT Role (CustomerTypeId, RoleStatusTypeId, Name, IsAdmin, IsLocked, ClonedRoleId, VERSION, LastModifiedGMT, LastModifiedByUserId) VALUES (2, 1, 'Collections', 0, 0, null, 0, UTC_TIMESTAMP(), 1) ;INSERT CustomerRole (CustomerId, RoleId, VERSION, LastModifiedGMT, LastModifiedByUserId) VALUES ( (SELECT Id FROM Customer WHERE Name='Parking Company'), (SELECT LAST_INSERT_ID()), 0, UTC_TIMESTAMP(), 1);
INSERT Role (CustomerTypeId, RoleStatusTypeId, Name, IsAdmin, IsLocked, ClonedRoleId, VERSION, LastModifiedGMT, LastModifiedByUserId) VALUES (2, 1, 'Maintenance', 0, 0, null, 0, UTC_TIMESTAMP(), 1) ;INSERT CustomerRole (CustomerId, RoleId, VERSION, LastModifiedGMT, LastModifiedByUserId) VALUES ( (SELECT Id FROM Customer WHERE Name='Parking Company'), (SELECT LAST_INSERT_ID()), 0, UTC_TIMESTAMP(), 1);

-- Permissions




INSERT RolePermission (RoleId, PermissionId, VERSION, LastModifiedGMT, LastModifiedByUserId) VALUES ( (SELECT r.Id FROM Role r, CustomerRole c WHERE c.RoleID=r.Id AND c.CustomerId=(SELECT Id FROM Customer WHERE Name='Parking Company') AND r.Name='Collections'), 201, 0, UTC_TIMESTAMP(), 1);INSERT RolePermission (RoleId, PermissionId, VERSION, LastModifiedGMT, LastModifiedByUserId) VALUES ( (SELECT r.Id FROM Role r, CustomerRole c WHERE c.RoleID=r.Id AND c.CustomerId=(SELECT Id FROM Customer WHERE Name='Parking Company') AND r.Name='Maintenance'), 201, 0, UTC_TIMESTAMP(), 1);

INSERT RolePermission (RoleId, PermissionId, VERSION, LastModifiedGMT, LastModifiedByUserId) VALUES ( (SELECT r.Id FROM Role r, CustomerRole c WHERE c.RoleID=r.Id AND c.CustomerId=(SELECT Id FROM Customer WHERE Name='Parking Company') AND r.Name='Collections'), 300, 0, UTC_TIMESTAMP(), 1);
INSERT RolePermission (RoleId, PermissionId, VERSION, LastModifiedGMT, LastModifiedByUserId) VALUES ( (SELECT r.Id FROM Role r, CustomerRole c WHERE c.RoleID=r.Id AND c.CustomerId=(SELECT Id FROM Customer WHERE Name='Parking Company') AND r.Name='Collections'), 301, 0, UTC_TIMESTAMP(), 1);























































-- User Accounts

INSERT CustomerEmail (CustomerId, Email, VERSION, LastModifiedGMT, LastModifiedByUserId) VALUES ( (SELECT Id FROM Customer WHERE Name='Parking Company'),'admin@parkingco', 0, UTC_TIMESTAMP(), 1);INSERT UserAccount (CustomerId, UserStatusTypeId, UserName, CustomerEmailId, FirstName, LastName, Password, PasswordSalt, IsPasswordTemporary, VERSION, LastModifiedGMT, LastModifiedByUserId) VALUES ( (SELECT Id FROM Customer WHERE Name='Parking Company'), 1, 'admin%40parkingco', (SELECT Id FROM CustomerEmail WHERE Email='admin@parkingco'), 'Bob', 'Smith', '87fb3aebffbea75c90f32b81dc6f94762dbcfd70', 'salt', 0, 0, UTC_TIMESTAMP(), 1);INSERT UserDefaultDashboard (UserAccountId, IsDefaultDashboard, VERSION, LastModifiedGMT, LastModifiedByUserId) VALUES ((SELECT Id FROM UserAccount WHERE Username='admin%40parkingco'), 1, 0, UTC_TIMESTAMP(), 1);INSERT UserRole (UserAccountId, RoleId, VERSION, LastModifiedGMT, LastModifiedByUserId) VALUES ((SELECT Id FROM UserAccount WHERE Username='admin%40parkingco'), 3, 0, UTC_TIMESTAMP(), 1);





